filename,p/bar,S(g1),f-chi-0-all,f-chi-1-all,f-chi-2-all,f-chi-3-all,f-Z-0-all,f-Z-1-all,f-Z-2-all,f-Z-3-all,f-I-0-all,f-I-1-all,f-I-2-all,f-I-3-all,f-T-0-all,f-T-1-all,f-T-2-all,f-T-3-all,f-S-0-all,f-S-1-all,f-S-2-all,f-S-3-all,mc-chi-0-all,mc-chi-1-all,mc-chi-2-all,mc-chi-3-all,mc-Z-0-all,mc-Z-1-all,mc-Z-2-all,mc-Z-3-all,mc-I-0-all,mc-I-1-all,mc-I-2-all,mc-I-3-all,mc-T-0-all,mc-T-1-all,mc-T-2-all,mc-T-3-all,mc-S-0-all,mc-S-1-all,mc-S-2-all,mc-S-3-all,D_mc-chi-0-all,D_mc-chi-1-all,D_mc-chi-2-all,D_mc-chi-3-all,D_mc-Z-0-all,D_mc-Z-1-all,D_mc-Z-2-all,D_mc-Z-3-all,D_mc-I-0-all,D_mc-I-1-all,D_mc-I-2-all,D_mc-I-3-all,D_mc-T-0-all,D_mc-T-1-all,D_mc-T-2-all,D_mc-T-3-all,D_mc-S-0-all,D_mc-S-1-all,D_mc-S-2-all,D_mc-S-3-all,f-lig-chi-0,f-lig-chi-1,f-lig-chi-2,f-lig-chi-3,f-lig-Z-0,f-lig-Z-1,f-lig-Z-2,f-lig-Z-3,f-lig-I-0,f-lig-I-1,f-lig-I-2,f-lig-I-3,f-lig-T-0,f-lig-T-1,f-lig-T-2,f-lig-T-3,f-lig-S-0,f-lig-S-1,f-lig-S-2,f-lig-S-3,lc-chi-0-all,lc-chi-1-all,lc-chi-2-all,lc-chi-3-all,lc-Z-0-all,lc-Z-1-all,lc-Z-2-all,lc-Z-3-all,lc-I-0-all,lc-I-1-all,lc-I-2-all,lc-I-3-all,lc-T-0-all,lc-T-1-all,lc-T-2-all,lc-T-3-all,lc-S-0-all,lc-S-1-all,lc-S-2-all,lc-S-3-all,lc-alpha-0-all,lc-alpha-1-all,lc-alpha-2-all,lc-alpha-3-all,D_lc-chi-0-all,D_lc-chi-1-all,D_lc-chi-2-all,D_lc-chi-3-all,D_lc-Z-0-all,D_lc-Z-1-all,D_lc-Z-2-all,D_lc-Z-3-all,D_lc-I-0-all,D_lc-I-1-all,D_lc-I-2-all,D_lc-I-3-all,D_lc-T-0-all,D_lc-T-1-all,D_lc-T-2-all,D_lc-T-3-all,D_lc-S-0-all,D_lc-S-1-all,D_lc-S-2-all,D_lc-S-3-all,D_lc-alpha-0-all,D_lc-alpha-1-all,D_lc-alpha-2-all,D_lc-alpha-3-all,func-chi-0-all,func-chi-1-all,func-chi-2-all,func-chi-3-all,func-Z-0-all,func-Z-1-all,func-Z-2-all,func-Z-3-all,func-I-0-all,func-I-1-all,func-I-2-all,func-I-3-all,func-T-0-all,func-T-1-all,func-T-2-all,func-T-3-all,func-S-0-all,func-S-1-all,func-S-2-all,func-S-3-all,func-alpha-0-all,func-alpha-1-all,func-alpha-2-all,func-alpha-3-all,D_func-chi-0-all,D_func-chi-1-all,D_func-chi-2-all,D_func-chi-3-all,D_func-Z-0-all,D_func-Z-1-all,D_func-Z-2-all,D_func-Z-3-all,D_func-I-0-all,D_func-I-1-all,D_func-I-2-all,D_func-I-3-all,D_func-T-0-all,D_func-T-1-all,D_func-T-2-all,D_func-T-3-all,D_func-S-0-all,D_func-S-1-all,D_func-S-2-all,D_func-S-3-all,D_func-alpha-0-all,D_func-alpha-1-all,D_func-alpha-2-all,D_func-alpha-3-all,UC_volume,Density,ASA,vASA,gASA,NASA,gNASA,vNASA,AVA,AVAf,AVAg,NAVA,NAVAf,NAVAg,POAVA,POAVAf,POAVAg,NPOAVA,NPOAVAf,NPOAVAg,Di,Df,Dif
DB1-Uio66Zr-irmof6_A-irmof7_A_No1,0.015,170.338985,486.6785999999998,920.8192000000008,4251.559199999997,4714.176000000006,12084.0,33088.0,72384.0,91776.0,54.0,152.0,432.0,672.0,632.0,2336.0,4812.0,6360.0,38.9448,137.06480000000005,306.5664,470.5872000000002,1.7689,36.60160000000001,26.493600000000004,105.06999999999998,1600.0,2560.0,7440.0,7360.0,1.0,8.0,10.0,24.0,64.0,176.0,368.0,464.0,2.3716000000000004,8.9936,15.369200000000005,27.22720000000001,0.0,-16.88,-6.619999999999998,-47.07999999999999,0.0,256.0,214.0,776.0,0.0,0.0,0.0,0.0,0.0,42.0,34.0,134.0,0.0,6.480000000000003,5.420000000000001,19.28,143.5669,284.886,459.02373333333327,527.8611666666666,634.0,1272.0,1843.3333333333333,1945.6666666666667,20.33333333333333,42.66666666666666,68.66666666666667,82.0,114.66666666666669,292.3333333333333,394.0,422.6666666666667,9.079633333333335,21.35466666666668,31.314066666666672,34.88766666666667,11.8336,8.771999999999998,20.605599999999995,17.543999999999997,64.0,48.0,112.0,96.0,1.0,1.0,2.0,2.0,1.0,3.0,4.0,6.0,0.5328999999999998,0.5621,1.095,1.1242,28.09,59.88999999999999,87.98,119.78,0.0,0.8900000000000002,0.8900000000000002,1.7800000000000005,0.0,2.0,2.0,4.0,0.0,0.0,0.0,0.0,0.0,-2.0,-2.0,-4.0,0.0,-0.04,-0.04,-0.08,0.0,-6.000000000000001,-6.000000000000001,-12.000000000000002,0.0,0.0,0.0,0.0,0.0,0.0,0.0,0.0,0.0,0.0,0.0,0.0,0.0,0.0,0.0,0.0,0.0,0.0,0.0,0.0,0.0,0.0,0.0,0.0,0.0,0.0,0.0,0.0,0.0,0.0,0.0,0.0,0.0,0.0,0.0,0.0,0.0,0.0,0.0,0.0,0.0,0.0,0.0,0.0,0.0,0.0,0.0,0.0,2283.85,1.34096,0.0,0.0,0.0,205.619,900.321,671.398,0.0,0.0,0.0,95.0994,0.04164,0.0310523,0.0,0.0,0.0,610.929,0.2675,0.199483,6.52202,3.38793,6.50899
DB1-Uio66Zr-irmof6_A-irmof7_A_No1,0.15,159.08332,486.6785999999998,920.8192000000008,4251.559199999997,4714.176000000006,12084.0,33088.0,72384.0,91776.0,54.0,152.0,432.0,672.0,632.0,2336.0,4812.0,6360.0,38.9448,137.06480000000005,306.5664,470.5872000000002,1.7689,36.60160000000001,26.493600000000004,105.06999999999998,1600.0,2560.0,7440.0,7360.0,1.0,8.0,10.0,24.0,64.0,176.0,368.0,464.0,2.3716000000000004,8.9936,15.369200000000005,27.22720000000001,0.0,-16.88,-6.619999999999998,-47.07999999999999,0.0,256.0,214.0,776.0,0.0,0.0,0.0,0.0,0.0,42.0,34.0,134.0,0.0,6.480000000000003,5.420000000000001,19.28,143.5669,284.886,459.02373333333327,527.8611666666666,634.0,1272.0,1843.3333333333333,1945.6666666666667,20.33333333333333,42.66666666666666,68.66666666666667,82.0,114.66666666666669,292.3333333333333,394.0,422.6666666666667,9.079633333333335,21.35466666666668,31.314066666666672,34.88766666666667,11.8336,8.771999999999998,20.605599999999995,17.543999999999997,64.0,48.0,112.0,96.0,1.0,1.0,2.0,2.0,1.0,3.0,4.0,6.0,0.5328999999999998,0.5621,1.095,1.1242,28.09,59.88999999999999,87.98,119.78,0.0,0.8900000000000002,0.8900000000000002,1.7800000000000005,0.0,2.0,2.0,4.0,0.0,0.0,0.0,0.0,0.0,-2.0,-2.0,-4.0,0.0,-0.04,-0.04,-0.08,0.0,-6.000000000000001,-6.000000000000001,-12.000000000000002,0.0,0.0,0.0,0.0,0.0,0.0,0.0,0.0,0.0,0.0,0.0,0.0,0.0,0.0,0.0,0.0,0.0,0.0,0.0,0.0,0.0,0.0,0.0,0.0,0.0,0.0,0.0,0.0,0.0,0.0,0.0,0.0,0.0,0.0,0.0,0.0,0.0,0.0,0.0,0.0,0.0,0.0,0.0,0.0,0.0,0.0,0.0,0.0,2283.85,1.34096,0.0,0.0,0.0,205.619,900.321,671.398,0.0,0.0,0.0,95.0994,0.04164,0.0310523,0.0,0.0,0.0,610.929,0.2675,0.199483,6.52202,3.38793,6.50899
DB1-Uio66Zr-irmof6_A-irmof7_A_No155,0.015,230.460515,486.6785999999998,920.8192000000004,4251.559199999997,4714.176000000005,12084.0,33088.0,72384.0,91776.0,54.0,152.0,432.0,672.0,632.0,2336.0,4812.0,6360.0,38.9448,137.06480000000002,306.5663999999999,470.58720000000017,1.7689,36.60160000000001,26.493600000000004,105.06999999999998,1600.0,2560.0,7440.0,7360.0,1.0,8.0,10.0,24.0,64.0,176.0,368.0,464.0,2.3716000000000004,8.9936,15.369200000000005,27.22720000000001,0.0,-16.88,-6.619999999999998,-47.07999999999999,0.0,256.0,214.0,776.0,0.0,0.0,0.0,0.0,0.0,42.0,34.0,134.0,0.0,6.480000000000003,5.420000000000001,19.28,158.12209999999996,313.11466666666666,492.4764,587.6290333333333,704.0,1388.6666666666667,2050.0,2291.333333333333,21.83333333333333,45.66666666666666,72.33333333333333,88.0,121.33333333333331,308.6666666666667,421.6666666666667,472.0,9.75685,22.831900000000005,33.57416666666668,38.93213333333334,11.8336,8.771999999999998,20.605599999999995,17.543999999999997,64.0,48.0,112.0,96.0,1.0,1.0,2.0,2.0,1.0,3.0,4.0,6.0,0.5328999999999998,0.5621,1.095,1.1242,28.09,59.88999999999999,87.98,119.78,0.0,0.8900000000000002,0.8900000000000002,1.7800000000000005,0.0,2.0,2.0,4.0,0.0,0.0,0.0,0.0,0.0,-2.0,-2.0,-4.0,0.0,-0.04,-0.04,-0.08,0.0,-6.000000000000001,-6.000000000000001,-12.000000000000002,11.4016,17.138,17.203999999999997,33.65293333333333,61.5,56.0,94.0,155.83333333333334,1.0,2.1666666666666665,2.0,4.0,4.833333333333333,9.166666666666666,13.0,22.666666666666668,0.5378333333333333,0.88225,1.1293333333333335,2.012833333333333,32.535000000000004,94.8689405,127.69,220.56806916666665,0.0,2.1366666666666667,1.6466666666666672,3.5033333333333334,0.0,9.666666666666666,3.6666666666666665,11.333333333333334,0.0,0.0,0.0,0.0,0.0,0.6666666666666666,-1.6666666666666667,-1.6666666666666667,0.0,0.3899999999999999,-0.0733333333333334,0.1899999999999998,0.0,-4.024961666666667,-11.300000000000002,-16.289258333333336,2283.85,1.42096,0.0,0.0,0.0,178.408,781.174,549.751,0.0,0.0,0.0,77.5594,0.03396,0.0238993,0.0,0.0,0.0,540.13,0.2365,0.166437,6.35607,2.85566,6.35607
DB1-Uio66Zr-irmof6_A-irmof7_A_No155,0.15,201.37595,486.6785999999998,920.8192000000004,4251.559199999997,4714.176000000005,12084.0,33088.0,72384.0,91776.0,54.0,152.0,432.0,672.0,632.0,2336.0,4812.0,6360.0,38.9448,137.06480000000002,306.5663999999999,470.58720000000017,1.7689,36.60160000000001,26.493600000000004,105.06999999999998,1600.0,2560.0,7440.0,7360.0,1.0,8.0,10.0,24.0,64.0,176.0,368.0,464.0,2.3716000000000004,8.9936,15.369200000000005,27.22720000000001,0.0,-16.88,-6.619999999999998,-47.07999999999999,0.0,256.0,214.0,776.0,0.0,0.0,0.0,0.0,0.0,42.0,34.0,134.0,0.0,6.480000000000003,5.420000000000001,19.28,158.12209999999996,313.11466666666666,492.4764,587.6290333333333,704.0,1388.6666666666667,2050.0,2291.333333333333,21.83333333333333,45.66666666666666,72.33333333333333,88.0,121.33333333333331,308.6666666666667,421.6666666666667,472.0,9.75685,22.831900000000005,33.57416666666668,38.93213333333334,11.8336,8.771999999999998,20.605599999999995,17.543999999999997,64.0,48.0,112.0,96.0,1.0,1.0,2.0,2.0,1.0,3.0,4.0,6.0,0.5328999999999998,0.5621,1.095,1.1242,28.09,59.88999999999999,87.98,119.78,0.0,0.8900000000000002,0.8900000000000002,1.7800000000000005,0.0,2.0,2.0,4.0,0.0,0.0,0.0,0.0,0.0,-2.0,-2.0,-4.0,0.0,-0.04,-0.04,-0.08,0.0,-6.000000000000001,-6.000000000000001,-12.000000000000002,11.4016,17.138,17.203999999999997,33.65293333333333,61.5,56.0,94.0,155.83333333333334,1.0,2.1666666666666665,2.0,4.0,4.833333333333333,9.166666666666666,13.0,22.666666666666668,0.5378333333333333,0.88225,1.1293333333333335,2.012833333333333,32.535000000000004,94.8689405,127.69,220.56806916666665,0.0,2.1366666666666667,1.6466666666666672,3.5033333333333334,0.0,9.666666666666666,3.6666666666666665,11.333333333333334,0.0,0.0,0.0,0.0,0.0,0.6666666666666666,-1.6666666666666667,-1.6666666666666667,0.0,0.3899999999999999,-0.0733333333333334,0.1899999999999998,0.0,-4.024961666666667,-11.300000000000002,-16.289258333333336,2283.85,1.42096,0.0,0.0,0.0,178.408,781.174,549.751,0.0,0.0,0.0,77.5594,0.03396,0.0238993,0.0,0.0,0.0,540.13,0.2365,0.166437,6.35607,2.85566,6.35607
DB1-Uio66Zr-irmof6_A-irmof7_A_No69,0.015,213.322425,486.6785999999998,920.8192000000008,4251.559199999997,4714.176000000006,12084.0,33088.0,72384.0,91776.0,54.0,152.0,432.0,672.0,632.0,2336.0,4812.0,6360.0,38.9448,137.06480000000005,306.5664,470.5872000000002,1.7689,36.60160000000001,26.493600000000004,105.06999999999998,1600.0,2560.0,7440.0,7360.0,1.0,8.0,10.0,24.0,64.0,176.0,368.0,464.0,2.3716000000000004,8.9936,15.369200000000005,27.22720000000001,0.0,-16.88,-6.619999999999998,-47.07999999999999,0.0,256.0,214.0,776.0,0.0,0.0,0.0,0.0,0.0,42.0,34.0,134.0,0.0,6.480000000000003,5.420000000000001,19.28,157.21116666666668,304.33746666666667,489.6247999999999,572.7643666666665,932.6666666666666,1530.6666666666667,2318.0,2668.333333333333,21.0,44.0,70.66666666666667,84.66666666666667,118.0,300.3333333333333,406.6666666666667,445.3333333333333,10.279433333333332,23.075400000000005,34.40026666666667,39.883,11.8336,8.771999999999998,20.605599999999995,17.543999999999997,64.0,48.0,112.0,96.0,1.0,1.0,2.0,2.0,1.0,3.0,4.0,6.0,0.5328999999999998,0.5621,1.095,1.1242,28.09,59.88999999999999,87.98,119.78,0.0,0.8900000000000002,0.8900000000000002,1.7800000000000005,0.0,2.0,2.0,4.0,0.0,0.0,0.0,0.0,0.0,-2.0,-2.0,-4.0,0.0,-0.04,-0.04,-0.08,0.0,-6.000000000000001,-6.000000000000001,-12.000000000000002,10.1496,9.469577777777776,16.580844444444445,29.69308888888889,250.66666666666663,99.7777777777778,187.1111111111111,289.55555555555554,1.0,1.1111111111111112,2.0,3.777777777777778,1.4444444444444444,3.6666666666666665,6.444444444444444,11.0,0.9072111111111112,0.789,1.4563333333333333,2.463411111111111,183.79666666666665,150.84444444444446,294.03333333333336,497.57428277777785,0.0,0.5355555555555559,1.1700000000000006,2.604444444444445,0.0,9.222222222222223,18.666666666666668,41.44444444444444,0.0,0.0,0.0,0.0,0.0,-1.6666666666666667,-3.555555555555556,-5.4444444444444455,0.0,0.1822222222222222,0.3599999999999999,1.0544444444444443,0.0,2.5333333333333323,4.399999999999998,14.677408333333329,2283.85,1.53162,0.0,0.0,0.0,153.932,674.004,440.06,0.0,0.0,0.0,61.9379,0.02712,0.0177068,0.0,0.0,0.0,471.614,0.2065,0.134825,6.35607,2.49975,6.35607
DB1-Uio66Zr-irmof6_A-irmof7_A_No69,0.15,220.498295,486.6785999999998,920.8192000000008,4251.559199999997,4714.176000000006,12084.0,33088.0,72384.0,91776.0,54.0,152.0,432.0,672.0,632.0,2336.0,4812.0,6360.0,38.9448,137.06480000000005,306.5664,470.5872000000002,1.7689,36.60160000000001,26.493600000000004,105.06999999999998,1600.0,2560.0,7440.0,7360.0,1.0,8.0,10.0,24.0,64.0,176.0,368.0,464.0,2.3716000000000004,8.9936,15.369200000000005,27.22720000000001,0.0,-16.88,-6.619999999999998,-47.07999999999999,0.0,256.0,214.0,776.0,0.0,0.0,0.0,0.0,0.0,42.0,34.0,134.0,0.0,6.480000000000003,5.420000000000001,19.28,157.21116666666668,304.33746666666667,489.6247999999999,572.7643666666665,932.6666666666666,1530.6666666666667,2318.0,2668.333333333333,21.0,44.0,70.66666666666667,84.66666666666667,118.0,300.3333333333333,406.6666666666667,445.3333333333333,10.279433333333332,23.075400000000005,34.40026666666667,39.883,11.8336,8.771999999999998,20.605599999999995,17.543999999999997,64.0,48.0,112.0,96.0,1.0,1.0,2.0,2.0,1.0,3.0,4.0,6.0,0.5328999999999998,0.5621,1.095,1.1242,28.09,59.88999999999999,87.98,119.78,0.0,0.8900000000000002,0.8900000000000002,1.7800000000000005,0.0,2.0,2.0,4.0,0.0,0.0,0.0,0.0,0.0,-2.0,-2.0,-4.0,0.0,-0.04,-0.04,-0.08,0.0,-6.000000000000001,-6.000000000000001,-12.000000000000002,10.1496,9.469577777777776,16.580844444444445,29.69308888888889,250.66666666666663,99.7777777777778,187.1111111111111,289.55555555555554,1.0,1.1111111111111112,2.0,3.777777777777778,1.4444444444444444,3.6666666666666665,6.444444444444444,11.0,0.9072111111111112,0.789,1.4563333333333333,2.463411111111111,183.79666666666665,150.84444444444446,294.03333333333336,497.57428277777785,0.0,0.5355555555555559,1.1700000000000006,2.604444444444445,0.0,9.222222222222223,18.666666666666668,41.44444444444444,0.0,0.0,0.0,0.0,0.0,-1.6666666666666667,-3.555555555555556,-5.4444444444444455,0.0,0.1822222222222222,0.3599999999999999,1.0544444444444443,0.0,2.5333333333333323,4.399999999999998,14.677408333333329,2283.85,1.53162,0.0,0.0,0.0,153.932,674.004,440.06,0.0,0.0,0.0,61.9379,0.02712,0.0177068,0.0,0.0,0.0,471.614,0.2065,0.134825,6.35607,2.49975,6.35607
DB1-Uio66Zr-irmof10_A_No16,0.015,7.97036,486.6785999999998,920.8191999999996,4251.5592000000015,4714.176000000001,12084.0,33088.0,72384.0,91776.0,54.0,152.0,432.0,672.0,632.0,2336.0,4812.0,6360.0,38.94480000000005,137.06480000000013,306.56640000000016,470.5872000000002,1.7689,36.60160000000001,26.493600000000004,105.06999999999998,1600.0,2560.0,7440.0,7360.0,1.0,8.0,10.0,24.0,64.0,176.0,368.0,464.0,2.3716000000000004,8.9936,15.369200000000005,27.22720000000001,0.0,-16.88,-6.619999999999998,-47.07999999999999,0.0,256.0,214.0,776.0,0.0,0.0,0.0,0.0,0.0,42.0,34.0,134.0,0.0,6.480000000000003,5.420000000000001,19.280000000000005,261.4038,495.6614,834.8535999999998,990.926,1664.0,3488.0,4400.0,4740.0,34.0,70.0,112.0,144.0,182.0,450.0,640.0,760.0,16.8056,38.85980000000001,58.1148,68.86720000000003,11.8336,8.771999999999998,20.605599999999995,17.543999999999997,64.0,48.0,112.0,96.0,1.0,1.0,2.0,2.0,1.0,3.0,4.0,6.0,0.5328999999999998,0.5621,1.095,1.1242,28.09,59.88999999999999,87.98,119.78,0.0,0.8900000000000002,0.8900000000000002,1.7800000000000005,0.0,2.0,2.0,4.0,0.0,0.0,0.0,0.0,0.0,-2.0,-2.0,-4.0,0.0,-0.04,-0.04,-0.08,0.0,-6.000000000000001,-6.000000000000001,-12.000000000000002,10.5393,16.849549999999997,29.0379,23.29525,112.0,218.0,184.0,152.0,1.0,2.0,3.0,3.0,5.5,11.5,12.5,16.5,0.6597749999999998,1.380775,1.7079750000000005,1.6616,115.1575,215.00692075,218.52198349999995,288.05332500000003,0.0,0.3174999999999999,0.7775000000000003,2.0725,0.0,4.25,10.25,17.75,0.0,0.0,0.0,0.0,0.0,0.5,0.0,-1.0,0.0,0.1524999999999999,0.2574999999999999,0.4699999999999998,0.0,2.2232225000000017,3.273222499999999,1.1946674999999976,4791.32,1.06793,900.31,1879.05,1759.52,0.0,0.0,0.0,879.782,0.18362,0.17194,0.0,0.0,0.0,2412.43,0.5035,0.471472,0.0,0.0,0.0,10.06105,6.0098,9.33769
DB1-Uio66Zr-irmof10_A_No16,0.15,76.78849,486.6785999999998,920.8191999999996,4251.5592000000015,4714.176000000001,12084.0,33088.0,72384.0,91776.0,54.0,152.0,432.0,672.0,632.0,2336.0,4812.0,6360.0,38.94480000000005,137.06480000000013,306.56640000000016,470.5872000000002,1.7689,36.60160000000001,26.493600000000004,105.06999999999998,1600.0,2560.0,7440.0,7360.0,1.0,8.0,10.0,24.0,64.0,176.0,368.0,464.0,2.3716000000000004,8.9936,15.369200000000005,27.22720000000001,0.0,-16.88,-6.619999999999998,-47.07999999999999,0.0,256.0,214.0,776.0,0.0,0.0,0.0,0.0,0.0,42.0,34.0,134.0,0.0,6.480000000000003,5.420000000000001,19.280000000000005,261.4038,495.6614,834.8535999999998,990.926,1664.0,3488.0,4400.0,4740.0,34.0,70.0,112.0,144.0,182.0,450.0,640.0,760.0,16.8056,38.85980000000001,58.1148,68.86720000000003,11.8336,8.771999999999998,20.605599999999995,17.543999999999997,64.0,48.0,112.0,96.0,1.0,1.0,2.0,2.0,1.0,3.0,4.0,6.0,0.5328999999999998,0.5621,1.095,1.1242,28.09,59.88999999999999,87.98,119.78,0.0,0.8900000000000002,0.8900000000000002,1.7800000000000005,0.0,2.0,2.0,4.0,0.0,0.0,0.0,0.0,0.0,-2.0,-2.0,-4.0,0.0,-0.04,-0.04,-0.08,0.0,-6.000000000000001,-6.000000000000001,-12.000000000000002,10.5393,16.849549999999997,29.0379,23.29525,112.0,218.0,184.0,152.0,1.0,2.0,3.0,3.0,5.5,11.5,12.5,16.5,0.6597749999999998,1.380775,1.7079750000000005,1.6616,115.1575,215.00692075,218.52198349999995,288.05332500000003,0.0,0.3174999999999999,0.7775000000000003,2.0725,0.0,4.25,10.25,17.75,0.0,0.0,0.0,0.0,0.0,0.5,0.0,-1.0,0.0,0.1524999999999999,0.2574999999999999,0.4699999999999998,0.0,2.2232225000000017,3.273222499999999,1.1946674999999976,4791.32,1.06793,900.31,1879.05,1759.52,0.0,0.0,0.0,879.782,0.18362,0.17194,0.0,0.0,0.0,2412.43,0.5035,0.471472,0.0,0.0,0.0,10.06105,6.0098,9.33769
DB1-Uio66Zr-BDC_A-irmof7_A_No332,0.015,191.900045,486.6785999999997,920.8192000000006,4251.559199999997,4714.176000000003,12084.0,33088.0,72384.0,91776.0,54.0,152.0,432.0,672.0,632.0,2336.0,4812.0,6360.0,38.94480000000001,137.06480000000013,306.56640000000027,470.5872000000002,1.7689,36.60160000000001,26.493600000000004,105.06999999999998,1600.0,2560.0,7440.0,7360.0,1.0,8.0,10.0,24.0,64.0,176.0,368.0,464.0,2.3716000000000004,8.9936,15.369200000000005,27.22720000000001,0.0,-16.88,-6.619999999999998,-47.07999999999999,0.0,256.0,214.0,776.0,0.0,0.0,0.0,0.0,0.0,42.0,34.0,134.0,0.0,6.480000000000003,5.420000000000001,19.28,181.5006333333333,327.8671666666667,498.8607999999999,598.9926666666665,920.3333333333334,1654.6666666666667,2484.0,2789.6666666666665,21.33333333333333,43.0,64.66666666666667,81.0,107.66666666666669,260.3333333333333,364.6666666666667,423.6666666666667,10.901866666666663,23.2007,34.18540000000001,40.85076666666668,11.8336,8.771999999999998,20.605599999999995,17.543999999999997,64.0,48.0,112.0,96.0,1.0,1.0,2.0,2.0,1.0,3.0,4.0,6.0,0.5328999999999998,0.5621,1.095,1.1242,28.09,59.88999999999999,87.98,119.78,0.0,0.8900000000000002,0.8900000000000002,1.7800000000000005,0.0,2.0,2.0,4.0,0.0,0.0,0.0,0.0,0.0,-2.0,-2.0,-4.0,0.0,-0.04,-0.04,-0.08,0.0,-6.000000000000001,-6.000000000000001,-12.000000000000002,11.1136,15.865555555555554,19.188488888888887,21.61911111111111,59.833333333333336,82.55555555555556,104.22222222222224,106.94444444444444,1.0,1.638888888888889,2.0,2.638888888888889,3.472222222222222,6.75,8.305555555555555,13.25,0.5411222222222222,0.8849416666666666,1.1116666666666666,1.392763888888889,35.49833333333333,78.77786247222224,109.99666666666668,167.4463663611111,0.0,0.3877777777777778,0.9150000000000004,2.030555555555556,0.0,1.1944444444444444,2.0,5.972222222222222,0.0,0.0,0.0,0.0,0.0,-0.1666666666666666,-1.361111111111111,-2.1666666666666665,0.0,0.0177777777777777,-0.04,0.061111111111111,0.0,-2.017259166666667,-6.500000000000001,-11.047011944444447,2235.84,1.67262,0.0,0.0,0.0,131.994,590.354,352.952,0.0,0.0,0.0,44.9852,0.02012,0.012029,0.0,0.0,0.0,374.504,0.1675,0.100142,5.96944,3.04284,5.83809
DB1-Uio66Zr-BDC_A-irmof7_A_No332,0.15,183.463735,486.6785999999997,920.8192000000006,4251.559199999997,4714.176000000003,12084.0,33088.0,72384.0,91776.0,54.0,152.0,432.0,672.0,632.0,2336.0,4812.0,6360.0,38.94480000000001,137.06480000000013,306.56640000000027,470.5872000000002,1.7689,36.60160000000001,26.493600000000004,105.06999999999998,1600.0,2560.0,7440.0,7360.0,1.0,8.0,10.0,24.0,64.0,176.0,368.0,464.0,2.3716000000000004,8.9936,15.369200000000005,27.22720000000001,0.0,-16.88,-6.619999999999998,-47.07999999999999,0.0,256.0,214.0,776.0,0.0,0.0,0.0,0.0,0.0,42.0,34.0,134.0,0.0,6.480000000000003,5.420000000000001,19.28,181.5006333333333,327.8671666666667,498.8607999999999,598.9926666666665,920.3333333333334,1654.6666666666667,2484.0,2789.6666666666665,21.33333333333333,43.0,64.66666666666667,81.0,107.66666666666669,260.3333333333333,364.6666666666667,423.6666666666667,10.901866666666663,23.2007,34.18540000000001,40.85076666666668,11.8336,8.771999999999998,20.605599999999995,17.543999999999997,64.0,48.0,112.0,96.0,1.0,1.0,2.0,2.0,1.0,3.0,4.0,6.0,0.5328999999999998,0.5621,1.095,1.1242,28.09,59.88999999999999,87.98,119.78,0.0,0.8900000000000002,0.8900000000000002,1.7800000000000005,0.0,2.0,2.0,4.0,0.0,0.0,0.0,0.0,0.0,-2.0,-2.0,-4.0,0.0,-0.04,-0.04,-0.08,0.0,-6.000000000000001,-6.000000000000001,-12.000000000000002,11.1136,15.865555555555554,19.188488888888887,21.61911111111111,59.833333333333336,82.55555555555556,104.22222222222224,106.94444444444444,1.0,1.638888888888889,2.0,2.638888888888889,3.472222222222222,6.75,8.305555555555555,13.25,0.5411222222222222,0.8849416666666666,1.1116666666666666,1.392763888888889,35.49833333333333,78.77786247222224,109.99666666666668,167.4463663611111,0.0,0.3877777777777778,0.9150000000000004,2.030555555555556,0.0,1.1944444444444444,2.0,5.972222222222222,0.0,0.0,0.0,0.0,0.0,-0.1666666666666666,-1.361111111111111,-2.1666666666666665,0.0,0.0177777777777777,-0.04,0.061111111111111,0.0,-2.017259166666667,-6.500000000000001,-11.047011944444447,2235.84,1.67262,0.0,0.0,0.0,131.994,590.354,352.952,0.0,0.0,0.0,44.9852,0.02012,0.012029,0.0,0.0,0.0,374.504,0.1675,0.100142,5.96944,3.04284,5.83809
DB1-Uio66Zr-BDC_A-irmof7_A_No88,0.015,250.261205,486.6785999999998,920.8192000000004,4251.559199999997,4714.176000000005,12084.0,33088.0,72384.0,91776.0,54.0,152.0,432.0,672.0,632.0,2336.0,4812.0,6360.0,38.9448,137.06480000000005,306.5663999999999,470.5872000000002,1.7689,36.60160000000001,26.493600000000004,105.06999999999996,1600.0,2560.0,7440.0,7360.0,1.0,8.0,10.0,24.0,64.0,176.0,368.0,464.0,2.3716000000000004,8.9936,15.369200000000005,27.22720000000001,0.0,-16.88,-6.619999999999998,-47.07999999999999,0.0,256.0,214.0,776.0,0.0,0.0,0.0,0.0,0.0,42.0,34.0,134.0,0.0,6.480000000000003,5.420000000000001,19.28,153.34876666666665,294.3804999999999,475.8544,550.2390333333332,731.6666666666666,1296.0,1958.0,2285.333333333333,22.0,44.333333333333336,72.0,83.66666666666667,116.33333333333331,279.0,384.0,447.6666666666667,9.588866666666666,21.634433333333337,31.9136,37.831700000000005,11.8336,8.771999999999998,20.605599999999995,17.543999999999997,64.0,48.0,112.0,96.0,1.0,1.0,2.0,2.0,1.0,3.0,4.0,6.0,0.5328999999999998,0.5621,1.095,1.1242,28.09,59.88999999999999,87.98,119.78,0.0,0.8900000000000002,0.8900000000000002,1.7800000000000005,0.0,2.0,2.0,4.0,0.0,0.0,0.0,0.0,0.0,-2.0,-2.0,-4.0,0.0,-0.04,-0.04,-0.08,0.0,-6.000000000000001,-6.000000000000001,-12.000000000000002,1.664266666666667,1.343,2.686,5.693266666666666,48.16666666666666,17.0,34.0,99.16666666666669,0.1666666666666666,0.1666666666666666,0.3333333333333333,0.6666666666666666,0.1666666666666666,0.5,1.0,1.6666666666666667,0.16335,0.12705,0.2541,0.5444999999999999,35.526666666666664,27.49666666666667,54.99333333333334,118.01666666666668,0.0,0.1016666666666667,0.2033333333333334,0.3050000000000001,0.0,1.8333333333333333,3.6666666666666665,5.5,0.0,0.0,0.0,0.0,0.0,-0.3333333333333333,-0.6666666666666666,-1.0,0.0,0.0366666666666666,0.0733333333333333,0.1099999999999999,0.0,0.5499999999999998,1.0999999999999996,1.6499999999999997,2235.84,1.4284,0.0,0.0,0.0,178.133,796.716,557.767,0.0,0.0,0.0,74.7219,0.03342,0.0233967,0.0,0.0,0.0,536.602,0.24,0.16802,6.62543,2.25401,6.62543
DB1-Uio66Zr-BDC_A-irmof7_A_No88,0.15,212.542225,486.6785999999998,920.8192000000004,4251.559199999997,4714.176000000005,12084.0,33088.0,72384.0,91776.0,54.0,152.0,432.0,672.0,632.0,2336.0,4812.0,6360.0,38.9448,137.06480000000005,306.5663999999999,470.5872000000002,1.7689,36.60160000000001,26.493600000000004,105.06999999999996,1600.0,2560.0,7440.0,7360.0,1.0,8.0,10.0,24.0,64.0,176.0,368.0,464.0,2.3716000000000004,8.9936,15.369200000000005,27.22720000000001,0.0,-16.88,-6.619999999999998,-47.07999999999999,0.0,256.0,214.0,776.0,0.0,0.0,0.0,0.0,0.0,42.0,34.0,134.0,0.0,6.480000000000003,5.420000000000001,19.28,153.34876666666665,294.3804999999999,475.8544,550.2390333333332,731.6666666666666,1296.0,1958.0,2285.333333333333,22.0,44.333333333333336,72.0,83.66666666666667,116.33333333333331,279.0,384.0,447.6666666666667,9.588866666666666,21.634433333333337,31.9136,37.831700000000005,11.8336,8.771999999999998,20.605599999999995,17.543999999999997,64.0,48.0,112.0,96.0,1.0,1.0,2.0,2.0,1.0,3.0,4.0,6.0,0.5328999999999998,0.5621,1.095,1.1242,28.09,59.88999999999999,87.98,119.78,0.0,0.8900000000000002,0.8900000000000002,1.7800000000000005,0.0,2.0,2.0,4.0,0.0,0.0,0.0,0.0,0.0,-2.0,-2.0,-4.0,0.0,-0.04,-0.04,-0.08,0.0,-6.000000000000001,-6.000000000000001,-12.000000000000002,1.664266666666667,1.343,2.686,5.693266666666666,48.16666666666666,17.0,34.0,99.16666666666669,0.1666666666666666,0.1666666666666666,0.3333333333333333,0.6666666666666666,0.1666666666666666,0.5,1.0,1.6666666666666667,0.16335,0.12705,0.2541,0.5444999999999999,35.526666666666664,27.49666666666667,54.99333333333334,118.01666666666668,0.0,0.1016666666666667,0.2033333333333334,0.3050000000000001,0.0,1.8333333333333333,3.6666666666666665,5.5,0.0,0.0,0.0,0.0,0.0,-0.3333333333333333,-0.6666666666666666,-1.0,0.0,0.0366666666666666,0.0733333333333333,0.1099999999999999,0.0,0.5499999999999998,1.0999999999999996,1.6499999999999997,2235.84,1.4284,0.0,0.0,0.0,178.133,796.716,557.767,0.0,0.0,0.0,74.7219,0.03342,0.0233967,0.0,0.0,0.0,536.602,0.24,0.16802,6.62543,2.25401,6.62543
DB1-Uio66Zr-BDC_A-DABCO_A_No7,0.015,41.364935,486.6785999999997,920.8192000000006,4251.559199999997,4714.176000000003,12084.0,33088.0,72384.0,91776.0,54.0,152.0,432.0,672.0,632.0,2336.0,4812.0,6360.0,38.94480000000001,137.06480000000013,306.56640000000027,470.5872000000002,1.7689,36.60160000000001,26.493600000000004,105.06999999999998,1600.0,2560.0,7440.0,7360.0,1.0,8.0,10.0,24.0,64.0,176.0,368.0,469.3333333333333,2.3716000000000004,8.9936,15.369200000000005,27.22720000000001,0.0,-16.88,-6.619999999999998,-47.07999999999999,0.0,256.0,214.0,776.0,0.0,0.0,0.0,0.0,0.0,42.0,34.0,133.33333333333334,0.0,6.480000000000003,5.420000000000001,19.28,121.94323333333334,222.1985,347.8604,400.18133333333327,799.3333333333334,1196.0,1856.0,2038.0,15.666666666666666,31.666666666666668,48.0,56.66666666666666,79.66666666666667,192.0,255.3333333333333,241.66666666666663,8.231433333333333,17.271100000000004,25.457466666666665,28.153133333333333,11.8336,8.771999999999998,20.605599999999995,19.006,64.0,48.0,112.0,104.0,1.0,1.0,2.0,2.1666666666666665,1.0,3.0,4.166666666666667,6.0,0.5328999999999998,0.5621,1.095,1.2178833333333334,28.09,59.88999999999999,87.98,129.76166666666666,0.0,0.8900000000000002,0.8900000000000002,1.9283333333333337,0.0,2.0,2.0,4.333333333333333,0.0,0.0,0.0,0.0,0.0,-2.0,-2.1666666666666665,-3.8333333333333335,0.0,-0.04,-0.04,-0.0866666666666667,0.0,-6.000000000000001,-6.000000000000001,-13.000000000000002,8.321333333333335,6.715,13.43,25.938333333333333,240.8333333333333,85.0,170.0,269.1666666666667,0.8333333333333334,0.8333333333333334,1.6666666666666667,3.333333333333333,0.8333333333333334,2.5,5.0,8.333333333333334,0.81675,0.63525,1.2705,2.211,177.63333333333333,137.48333333333335,274.9666666666667,467.286505,0.0,0.5083333333333336,1.0166666666666673,2.3250000000000006,0.0,9.166666666666666,18.33333333333333,40.833333333333336,0.0,0.0,0.0,0.0,0.0,-1.6666666666666667,-3.333333333333333,-5.0,0.0,0.1833333333333333,0.3666666666666666,1.0666666666666664,0.0,2.7499999999999987,5.499999999999997,16.660741666666663,2235.84,1.37864,0.0,0.0,0.0,213.423,954.551,692.385,0.0,0.0,0.0,102.044,0.04564,0.0331051,0.0,0.0,0.0,636.097,0.2845,0.206363,6.6053,3.46393,6.58799
DB1-Uio66Zr-BDC_A-DABCO_A_No7,0.15,92.110335,486.6785999999997,920.8192000000006,4251.559199999997,4714.176000000003,12084.0,33088.0,72384.0,91776.0,54.0,152.0,432.0,672.0,632.0,2336.0,4812.0,6360.0,38.94480000000001,137.06480000000013,306.56640000000027,470.5872000000002,1.7689,36.60160000000001,26.493600000000004,105.06999999999998,1600.0,2560.0,7440.0,7360.0,1.0,8.0,10.0,24.0,64.0,176.0,368.0,469.3333333333333,2.3716000000000004,8.9936,15.369200000000005,27.22720000000001,0.0,-16.88,-6.619999999999998,-47.07999999999999,0.0,256.0,214.0,776.0,0.0,0.0,0.0,0.0,0.0,42.0,34.0,133.33333333333334,0.0,6.480000000000003,5.420000000000001,19.28,121.94323333333334,222.1985,347.8604,400.18133333333327,799.3333333333334,1196.0,1856.0,2038.0,15.666666666666666,31.666666666666668,48.0,56.66666666666666,79.66666666666667,192.0,255.3333333333333,241.66666666666663,8.231433333333333,17.271100000000004,25.457466666666665,28.153133333333333,11.8336,8.771999999999998,20.605599999999995,19.006,64.0,48.0,112.0,104.0,1.0,1.0,2.0,2.1666666666666665,1.0,3.0,4.166666666666667,6.0,0.5328999999999998,0.5621,1.095,1.2178833333333334,28.09,59.88999999999999,87.98,129.76166666666666,0.0,0.8900000000000002,0.8900000000000002,1.9283333333333337,0.0,2.0,2.0,4.333333333333333,0.0,0.0,0.0,0.0,0.0,-2.0,-2.1666666666666665,-3.8333333333333335,0.0,-0.04,-0.04,-0.0866666666666667,0.0,-6.000000000000001,-6.000000000000001,-13.000000000000002,8.321333333333335,6.715,13.43,25.938333333333333,240.8333333333333,85.0,170.0,269.1666666666667,0.8333333333333334,0.8333333333333334,1.6666666666666667,3.333333333333333,0.8333333333333334,2.5,5.0,8.333333333333334,0.81675,0.63525,1.2705,2.211,177.63333333333333,137.48333333333335,274.9666666666667,467.286505,0.0,0.5083333333333336,1.0166666666666673,2.3250000000000006,0.0,9.166666666666666,18.33333333333333,40.833333333333336,0.0,0.0,0.0,0.0,0.0,-1.6666666666666667,-3.333333333333333,-5.0,0.0,0.1833333333333333,0.3666666666666666,1.0666666666666664,0.0,2.7499999999999987,5.499999999999997,16.660741666666663,2235.84,1.37864,0.0,0.0,0.0,213.423,954.551,692.385,0.0,0.0,0.0,102.044,0.04564,0.0331051,0.0,0.0,0.0,636.097,0.2845,0.206363,6.6053,3.46393,6.58799
DB1-Uio66Zr-BDC_A-TED_A_No1,0.015,25.57299,486.6785999999997,920.8192000000006,4251.559199999997,4714.176000000003,12084.0,33088.0,72384.0,91776.0,54.0,152.0,432.0,672.0,632.0,2336.0,4812.0,6360.0,38.94480000000001,137.06480000000013,306.56640000000027,470.5872000000002,1.7689,36.60160000000001,26.493600000000004,105.06999999999998,1600.0,2560.0,7440.0,7360.0,1.0,8.0,10.0,24.0,64.0,176.0,368.0,469.3333333333333,2.3716000000000004,8.9936,15.369200000000005,27.22720000000001,0.0,-16.88,-6.619999999999998,-47.07999999999999,0.0,256.0,214.0,776.0,0.0,0.0,0.0,0.0,0.0,42.0,34.0,133.33333333333334,0.0,6.480000000000003,5.420000000000001,19.28,127.33523333333332,240.5585,394.26040000000006,493.5413333333333,561.3333333333334,1060.0,1586.0,1631.3333333333333,17.666666666666668,35.666666666666664,58.0,76.66666666666667,93.66666666666669,236.0,341.3333333333333,349.6666666666667,7.802566666666667,17.61503333333334,26.41913333333333,30.4898,11.8336,8.771999999999998,20.605599999999995,19.006,64.0,48.0,112.0,104.0,1.0,1.0,2.0,2.1666666666666665,1.0,3.0,4.166666666666667,7.0,0.5328999999999998,0.5621,1.095,1.2178833333333334,28.09,59.88999999999999,87.98,129.76166666666666,0.0,0.8900000000000002,0.8900000000000002,1.9283333333333328,0.0,2.0,2.0,4.333333333333333,0.0,0.0,0.0,0.0,0.0,-2.0,-2.1666666666666665,-4.833333333333333,0.0,-0.04,-0.04,-0.0866666666666667,0.0,-6.000000000000001,-6.000000000000001,-13.000000000000002,0.0,0.0,0.0,0.0,0.0,0.0,0.0,0.0,0.0,0.0,0.0,0.0,0.0,0.0,0.0,0.0,0.0,0.0,0.0,0.0,0.0,0.0,0.0,0.0,0.0,0.0,0.0,0.0,0.0,0.0,0.0,0.0,0.0,0.0,0.0,0.0,0.0,0.0,0.0,0.0,0.0,0.0,0.0,0.0,0.0,0.0,0.0,0.0,2235.84,1.25971,250.547,1120.59,889.561,0.0,0.0,0.0,147.253,0.06586,0.0522817,0.0,0.0,0.0,754.597,0.3375,0.267918,0.0,0.0,0.0,8.63768,3.8376,8.6072
DB1-Uio66Zr-BDC_A-TED_A_No1,0.15,80.051755,486.6785999999997,920.8192000000006,4251.559199999997,4714.176000000003,12084.0,33088.0,72384.0,91776.0,54.0,152.0,432.0,672.0,632.0,2336.0,4812.0,6360.0,38.94480000000001,137.06480000000013,306.56640000000027,470.5872000000002,1.7689,36.60160000000001,26.493600000000004,105.06999999999998,1600.0,2560.0,7440.0,7360.0,1.0,8.0,10.0,24.0,64.0,176.0,368.0,469.3333333333333,2.3716000000000004,8.9936,15.369200000000005,27.22720000000001,0.0,-16.88,-6.619999999999998,-47.07999999999999,0.0,256.0,214.0,776.0,0.0,0.0,0.0,0.0,0.0,42.0,34.0,133.33333333333334,0.0,6.480000000000003,5.420000000000001,19.28,127.33523333333332,240.5585,394.26040000000006,493.5413333333333,561.3333333333334,1060.0,1586.0,1631.3333333333333,17.666666666666668,35.666666666666664,58.0,76.66666666666667,93.66666666666669,236.0,341.3333333333333,349.6666666666667,7.802566666666667,17.61503333333334,26.41913333333333,30.4898,11.8336,8.771999999999998,20.605599999999995,19.006,64.0,48.0,112.0,104.0,1.0,1.0,2.0,2.1666666666666665,1.0,3.0,4.166666666666667,7.0,0.5328999999999998,0.5621,1.095,1.2178833333333334,28.09,59.88999999999999,87.98,129.76166666666666,0.0,0.8900000000000002,0.8900000000000002,1.9283333333333328,0.0,2.0,2.0,4.333333333333333,0.0,0.0,0.0,0.0,0.0,-2.0,-2.1666666666666665,-4.833333333333333,0.0,-0.04,-0.04,-0.0866666666666667,0.0,-6.000000000000001,-6.000000000000001,-13.000000000000002,0.0,0.0,0.0,0.0,0.0,0.0,0.0,0.0,0.0,0.0,0.0,0.0,0.0,0.0,0.0,0.0,0.0,0.0,0.0,0.0,0.0,0.0,0.0,0.0,0.0,0.0,0.0,0.0,0.0,0.0,0.0,0.0,0.0,0.0,0.0,0.0,0.0,0.0,0.0,0.0,0.0,0.0,0.0,0.0,0.0,0.0,0.0,0.0,2235.84,1.25971,250.547,1120.59,889.561,0.0,0.0,0.0,147.253,0.06586,0.0522817,0.0,0.0,0.0,754.597,0.3375,0.267918,0.0,0.0,0.0,8.63768,3.8376,8.6072
DB1-Uio66Zr-irmof12_A-irmof14_A_No8,0.015,9.56742,486.6785999999997,920.8191999999998,4251.559199999997,4714.176000000001,12084.0,33088.0,72384.0,91776.0,54.0,152.0,432.0,672.0,632.0,2336.0,4812.0,6360.0,38.94480000000002,137.06480000000013,306.56640000000016,470.5872000000002,1.7689,36.60160000000001,26.493600000000004,105.06999999999998,1600.0,2560.0,7440.0,7360.0,1.0,8.0,10.0,24.0,64.0,176.0,368.0,464.0,2.3716000000000004,8.9936,15.369200000000005,27.22720000000001,0.0,-16.88,-6.619999999999998,-47.07999999999999,0.0,256.0,214.0,776.0,0.0,0.0,0.0,0.0,0.0,42.0,34.0,134.0,0.0,6.480000000000003,5.420000000000001,19.28,229.2893,487.7773333333334,844.772133333333,1111.1176666666668,970.0,2121.333333333333,3373.333333333333,3886.6666666666665,34.333333333333336,74.66666666666667,130.66666666666666,178.0,205.3333333333333,538.0,837.3333333333334,1016.6666666666666,14.908233333333335,36.99120000000001,60.107466666666674,75.46340000000002,11.8336,8.771999999999998,20.605599999999995,17.543999999999997,64.0,48.0,112.0,96.0,1.0,1.0,2.0,2.0,1.0,3.0,4.0,6.0,0.5328999999999998,0.5621,1.095,1.1242,28.09,59.88999999999999,87.98,119.78,0.0,0.8900000000000002,0.8900000000000002,1.7800000000000005,0.0,2.0,2.0,4.0,0.0,0.0,0.0,0.0,0.0,-2.0,-2.0,-4.0,0.0,-0.04,-0.04,-0.08,0.0,-6.000000000000001,-6.000000000000001,-12.000000000000002,1.9722666666666664,2.0926666666666667,3.434266666666666,3.554666666666666,10.666666666666666,8.666666666666666,18.666666666666668,16.666666666666668,0.1666666666666666,0.25,0.3333333333333333,0.4166666666666667,0.4166666666666667,0.9166666666666666,1.0833333333333333,1.5833333333333333,0.0888166666666666,0.1161916666666666,0.1825,0.209875,4.681666666666667,11.972306916666668,14.663333333333334,21.953973583333333,0.0,0.2516666666666667,0.1483333333333333,0.4000000000000001,0.0,0.9166666666666666,0.3333333333333333,1.25,0.0,0.0,0.0,0.0,0.0,-0.1666666666666666,-0.25,-0.5,0.0,0.0233333333333333,-0.0066666666666666,0.0166666666666666,0.0,-0.9339258333333336,-1.0000000000000002,-1.9339258333333336,4847.21,0.862296,563.096,1161.69,1347.21,230.931,476.421,552.503,415.794,0.08578,0.0994786,192.047,0.03962,0.0459471,1286.93,0.2655,0.307899,681.033,0.1405,0.162937,8.99832,4.05814,8.62703
DB1-Uio66Zr-irmof12_A-irmof14_A_No8,0.15,56.365965,486.6785999999997,920.8191999999998,4251.559199999997,4714.176000000001,12084.0,33088.0,72384.0,91776.0,54.0,152.0,432.0,672.0,632.0,2336.0,4812.0,6360.0,38.94480000000002,137.06480000000013,306.56640000000016,470.5872000000002,1.7689,36.60160000000001,26.493600000000004,105.06999999999998,1600.0,2560.0,7440.0,7360.0,1.0,8.0,10.0,24.0,64.0,176.0,368.0,464.0,2.3716000000000004,8.9936,15.369200000000005,27.22720000000001,0.0,-16.88,-6.619999999999998,-47.07999999999999,0.0,256.0,214.0,776.0,0.0,0.0,0.0,0.0,0.0,42.0,34.0,134.0,0.0,6.480000000000003,5.420000000000001,19.28,229.2893,487.7773333333334,844.772133333333,1111.1176666666668,970.0,2121.333333333333,3373.333333333333,3886.6666666666665,34.333333333333336,74.66666666666667,130.66666666666666,178.0,205.3333333333333,538.0,837.3333333333334,1016.6666666666666,14.908233333333335,36.99120000000001,60.107466666666674,75.46340000000002,11.8336,8.771999999999998,20.605599999999995,17.543999999999997,64.0,48.0,112.0,96.0,1.0,1.0,2.0,2.0,1.0,3.0,4.0,6.0,0.5328999999999998,0.5621,1.095,1.1242,28.09,59.88999999999999,87.98,119.78,0.0,0.8900000000000002,0.8900000000000002,1.7800000000000005,0.0,2.0,2.0,4.0,0.0,0.0,0.0,0.0,0.0,-2.0,-2.0,-4.0,0.0,-0.04,-0.04,-0.08,0.0,-6.000000000000001,-6.000000000000001,-12.000000000000002,1.9722666666666664,2.0926666666666667,3.434266666666666,3.554666666666666,10.666666666666666,8.666666666666666,18.666666666666668,16.666666666666668,0.1666666666666666,0.25,0.3333333333333333,0.4166666666666667,0.4166666666666667,0.9166666666666666,1.0833333333333333,1.5833333333333333,0.0888166666666666,0.1161916666666666,0.1825,0.209875,4.681666666666667,11.972306916666668,14.663333333333334,21.953973583333333,0.0,0.2516666666666667,0.1483333333333333,0.4000000000000001,0.0,0.9166666666666666,0.3333333333333333,1.25,0.0,0.0,0.0,0.0,0.0,-0.1666666666666666,-0.25,-0.5,0.0,0.0233333333333333,-0.0066666666666666,0.0166666666666666,0.0,-0.9339258333333336,-1.0000000000000002,-1.9339258333333336,4847.21,0.862296,563.096,1161.69,1347.21,230.931,476.421,552.503,415.794,0.08578,0.0994786,192.047,0.03962,0.0459471,1286.93,0.2655,0.307899,681.033,0.1405,0.162937,8.99832,4.05814,8.62703
DB1-Uio66Zr-BDC_A-irmof7_A_No329,0.015,145.95652,486.6785999999997,920.8192000000006,4251.559199999997,4714.176000000003,12084.0,33088.0,72384.0,91776.0,54.0,152.0,432.0,672.0,632.0,2336.0,4812.0,6360.0,38.94480000000001,137.06480000000013,306.56640000000027,470.5872000000002,1.7689,36.60160000000001,26.493600000000004,105.06999999999998,1600.0,2560.0,7440.0,7360.0,1.0,8.0,10.0,24.0,64.0,176.0,368.0,464.0,2.3716000000000004,8.9936,15.369200000000005,27.22720000000001,0.0,-16.88,-6.619999999999998,-47.07999999999999,0.0,256.0,214.0,776.0,0.0,0.0,0.0,0.0,0.0,42.0,34.0,134.0,0.0,6.480000000000003,5.420000000000001,19.28,173.15926666666664,312.16283333333325,477.6097333333332,571.0873666666665,961.6666666666666,1629.3333333333333,2461.333333333333,2868.6666666666665,20.33333333333333,41.0,62.0,77.0,103.0,249.0,347.3333333333333,394.3333333333333,10.630033333333332,22.384100000000004,33.116600000000005,39.44970000000001,11.8336,8.771999999999998,20.605599999999995,17.543999999999997,64.0,48.0,112.0,96.0,1.0,1.0,2.0,2.0,1.0,3.0,4.0,6.0,0.5328999999999998,0.5621,1.095,1.1242,28.09,59.88999999999999,87.98,119.78,0.0,0.8900000000000002,0.8900000000000002,1.7800000000000005,0.0,2.0,2.0,4.0,0.0,0.0,0.0,0.0,0.0,-2.0,-2.0,-4.0,0.0,-0.04,-0.04,-0.08,0.0,-6.000000000000001,-6.000000000000001,-12.000000000000002,10.8056,15.11588888888889,18.44022222222222,23.75771111111111,97.33333333333331,90.8888888888889,119.55555555555556,189.44444444444443,1.0,1.5555555555555556,2.0,2.888888888888889,3.222222222222222,6.333333333333333,8.222222222222221,13.333333333333334,0.6156555555555555,0.8957999999999999,1.183266666666667,1.7273888888888889,66.34333333333332,94.30222222222226,150.32666666666668,263.5090594444444,0.0,0.2377777777777779,0.9700000000000004,1.935555555555556,0.0,2.111111111111111,5.333333333333333,10.222222222222223,0.0,0.0,0.0,0.0,0.0,-0.3333333333333333,-1.7777777777777777,-2.6666666666666665,0.0,0.0311111111111111,0.0399999999999999,0.1544444444444443,0.0,-0.5333333333333335,-4.400000000000001,-7.463086111111114,2235.84,1.65842,0.0,0.0,0.0,136.264,609.455,367.492,0.0,0.0,0.0,50.3065,0.0225,0.0135672,0.0,0.0,0.0,389.037,0.174,0.104919,6.12928,3.04284,5.5449
DB1-Uio66Zr-BDC_A-irmof7_A_No329,0.15,160.977275,486.6785999999997,920.8192000000006,4251.559199999997,4714.176000000003,12084.0,33088.0,72384.0,91776.0,54.0,152.0,432.0,672.0,632.0,2336.0,4812.0,6360.0,38.94480000000001,137.06480000000013,306.56640000000027,470.5872000000002,1.7689,36.60160000000001,26.493600000000004,105.06999999999998,1600.0,2560.0,7440.0,7360.0,1.0,8.0,10.0,24.0,64.0,176.0,368.0,464.0,2.3716000000000004,8.9936,15.369200000000005,27.22720000000001,0.0,-16.88,-6.619999999999998,-47.07999999999999,0.0,256.0,214.0,776.0,0.0,0.0,0.0,0.0,0.0,42.0,34.0,134.0,0.0,6.480000000000003,5.420000000000001,19.28,173.15926666666664,312.16283333333325,477.6097333333332,571.0873666666665,961.6666666666666,1629.3333333333333,2461.333333333333,2868.6666666666665,20.33333333333333,41.0,62.0,77.0,103.0,249.0,347.3333333333333,394.3333333333333,10.630033333333332,22.384100000000004,33.116600000000005,39.44970000000001,11.8336,8.771999999999998,20.605599999999995,17.543999999999997,64.0,48.0,112.0,96.0,1.0,1.0,2.0,2.0,1.0,3.0,4.0,6.0,0.5328999999999998,0.5621,1.095,1.1242,28.09,59.88999999999999,87.98,119.78,0.0,0.8900000000000002,0.8900000000000002,1.7800000000000005,0.0,2.0,2.0,4.0,0.0,0.0,0.0,0.0,0.0,-2.0,-2.0,-4.0,0.0,-0.04,-0.04,-0.08,0.0,-6.000000000000001,-6.000000000000001,-12.000000000000002,10.8056,15.11588888888889,18.44022222222222,23.75771111111111,97.33333333333331,90.8888888888889,119.55555555555556,189.44444444444443,1.0,1.5555555555555556,2.0,2.888888888888889,3.222222222222222,6.333333333333333,8.222222222222221,13.333333333333334,0.6156555555555555,0.8957999999999999,1.183266666666667,1.7273888888888889,66.34333333333332,94.30222222222226,150.32666666666668,263.5090594444444,0.0,0.2377777777777779,0.9700000000000004,1.935555555555556,0.0,2.111111111111111,5.333333333333333,10.222222222222223,0.0,0.0,0.0,0.0,0.0,-0.3333333333333333,-1.7777777777777777,-2.6666666666666665,0.0,0.0311111111111111,0.0399999999999999,0.1544444444444443,0.0,-0.5333333333333335,-4.400000000000001,-7.463086111111114,2235.84,1.65842,0.0,0.0,0.0,136.264,609.455,367.492,0.0,0.0,0.0,50.3065,0.0225,0.0135672,0.0,0.0,0.0,389.037,0.174,0.104919,6.12928,3.04284,5.5449
DB1-Uio66Zr-BDC_A-irmof6_A_No386,0.015,276.753875,486.6785999999997,920.8192000000004,4251.559199999997,4714.176000000002,12084.0,33088.0,72384.0,91776.0,54.0,152.0,432.0,672.0,632.0,2336.0,4812.0,6360.0,38.94480000000002,137.06480000000008,306.5664,470.58720000000017,1.7689,36.60160000000001,26.493600000000004,105.06999999999996,1600.0,2560.0,7440.0,7360.0,1.0,8.0,10.0,24.0,64.0,176.0,368.0,464.0,2.3716000000000004,8.9936,15.369200000000005,27.22720000000001,0.0,-16.88,-6.619999999999998,-47.07999999999999,0.0,256.0,214.0,776.0,0.0,0.0,0.0,0.0,0.0,42.0,34.0,134.0,0.0,6.480000000000003,5.420000000000001,19.280000000000005,173.37843333333333,339.94516666666664,500.27973333333335,630.2192000000001,748.3333333333334,1414.6666666666667,2139.333333333333,2650.0,23.666666666666668,47.66666666666666,72.0,89.66666666666667,120.33333333333331,292.0,410.6666666666667,514.6666666666666,10.174633333333333,23.06076666666667,33.47866666666667,42.12630000000001,11.8336,8.771999999999998,20.605599999999995,17.543999999999997,64.0,48.0,112.0,96.0,1.0,1.0,2.0,2.0,1.0,3.0,4.0,6.0,0.5328999999999998,0.5621,1.095,1.1242,28.09,59.88999999999999,87.98,119.78,0.0,0.8900000000000002,0.8900000000000002,1.7800000000000005,0.0,2.0,2.0,4.0,0.0,0.0,0.0,0.0,0.0,-2.0,-2.0,-4.0,0.0,-0.04,-0.04,-0.08,0.0,-6.000000000000001,-6.000000000000001,-12.000000000000002,9.6736,20.33,15.844,33.439600000000006,51.5,56.0,86.0,180.5,1.0,2.833333333333333,2.0,4.0,8.166666666666666,13.833333333333334,17.0,33.666666666666664,0.5575666666666667,1.08245,1.1498666666666668,2.2823666666666664,50.315,139.23397050000003,159.33,289.30999999999995,0.0,2.1633333333333336,1.1133333333333335,1.6700000000000006,0.0,12.333333333333334,2.333333333333333,3.5,0.0,0.0,0.0,0.0,0.0,3.333333333333333,-0.3333333333333333,-0.5,0.0,0.67,-0.0466666666666667,-0.07,0.0,0.7036316666666669,-8.5,-12.750000000000002,2235.84,1.50202,0.0,0.0,0.0,167.309,748.302,498.198,0.0,0.0,0.0,86.6166,0.03874,0.025792,0.0,0.0,0.0,545.546,0.244,0.162448,7.31796,2.06572,7.31339
DB1-Uio66Zr-BDC_A-irmof6_A_No386,0.15,218.94402,486.6785999999997,920.8192000000004,4251.559199999997,4714.176000000002,12084.0,33088.0,72384.0,91776.0,54.0,152.0,432.0,672.0,632.0,2336.0,4812.0,6360.0,38.94480000000002,137.06480000000008,306.5664,470.58720000000017,1.7689,36.60160000000001,26.493600000000004,105.06999999999996,1600.0,2560.0,7440.0,7360.0,1.0,8.0,10.0,24.0,64.0,176.0,368.0,464.0,2.3716000000000004,8.9936,15.369200000000005,27.22720000000001,0.0,-16.88,-6.619999999999998,-47.07999999999999,0.0,256.0,214.0,776.0,0.0,0.0,0.0,0.0,0.0,42.0,34.0,134.0,0.0,6.480000000000003,5.420000000000001,19.280000000000005,173.37843333333333,339.94516666666664,500.27973333333335,630.2192000000001,748.3333333333334,1414.6666666666667,2139.333333333333,2650.0,23.666666666666668,47.66666666666666,72.0,89.66666666666667,120.33333333333331,292.0,410.6666666666667,514.6666666666666,10.174633333333333,23.06076666666667,33.47866666666667,42.12630000000001,11.8336,8.771999999999998,20.605599999999995,17.543999999999997,64.0,48.0,112.0,96.0,1.0,1.0,2.0,2.0,1.0,3.0,4.0,6.0,0.5328999999999998,0.5621,1.095,1.1242,28.09,59.88999999999999,87.98,119.78,0.0,0.8900000000000002,0.8900000000000002,1.7800000000000005,0.0,2.0,2.0,4.0,0.0,0.0,0.0,0.0,0.0,-2.0,-2.0,-4.0,0.0,-0.04,-0.04,-0.08,0.0,-6.000000000000001,-6.000000000000001,-12.000000000000002,9.6736,20.33,15.844,33.439600000000006,51.5,56.0,86.0,180.5,1.0,2.833333333333333,2.0,4.0,8.166666666666666,13.833333333333334,17.0,33.666666666666664,0.5575666666666667,1.08245,1.1498666666666668,2.2823666666666664,50.315,139.23397050000003,159.33,289.30999999999995,0.0,2.1633333333333336,1.1133333333333335,1.6700000000000006,0.0,12.333333333333334,2.333333333333333,3.5,0.0,0.0,0.0,0.0,0.0,3.333333333333333,-0.3333333333333333,-0.5,0.0,0.67,-0.0466666666666667,-0.07,0.0,0.7036316666666669,-8.5,-12.750000000000002,2235.84,1.50202,0.0,0.0,0.0,167.309,748.302,498.198,0.0,0.0,0.0,86.6166,0.03874,0.025792,0.0,0.0,0.0,545.546,0.244,0.162448,7.31796,2.06572,7.31339
DB1-Uio66Zr-irmof10_A-irmof12_A_No10,0.015,118.567855,61.7857818181818,105.7893818181818,391.0490181818183,428.5614545454546,1197.6363636363635,3138.909090909091,6613.090909090909,8343.272727272728,7.636363636363637,17.454545454545453,41.09090909090909,61.09090909090909,62.90909090909091,219.63636363636363,439.27272727272725,578.1818181818181,6.171981818181823,15.247709090909105,29.731672727272745,42.78065454545457,1.2635875,15.832600000000012,11.496975000000004,42.524999999999984,605.625,975.0,2801.25,2782.5,1.0,3.625,4.375,10.25,24.625,67.25,139.875,177.75,1.9949125000000003,3.979412500000002,6.403512500000004,11.490325000000007,0.0,-7.867499999999998,-3.463749999999998,-19.6175,0.0,92.875,78.375,287.25,0.0,0.0,0.0,0.0,0.0,15.125,11.5,47.75,0.0,2.805,2.3825000000000003,7.9300000000000015,196.30706666666663,386.036,625.6337333333331,794.2086666666668,897.6666666666666,1780.0,2713.333333333333,3028.6666666666665,27.33333333333333,57.333333333333336,92.0,120.0,149.33333333333334,375.3333333333333,544.0,606.6666666666666,12.673933333333338,29.33186666666668,44.62306666666668,53.18853333333335,11.833599999999995,8.771999999999995,19.64884999999999,22.65025,64.0,48.0,107.0,113.50000000000004,1.0,1.0,2.0,2.625,1.0,3.0,4.625,7.249999999999998,0.5328999999999998,0.5621,1.1041250000000002,1.3842625000000006,28.08999999999999,59.88999999999999,97.9175,145.96052593750002,0.0,0.8900000000000005,1.1681250000000003,2.445625000000001,0.0,2.0,2.625,6.8125,0.0,0.0,0.0,0.0,0.0,-2.0,-2.625,-4.625,0.0,-0.04,-0.0525,0.0199999999999999,0.0,-6.000000000000001,-7.875000000000001,-13.627221875000002,0.0,0.0,0.0,0.0,0.0,0.0,0.0,0.0,0.0,0.0,0.0,0.0,0.0,0.0,0.0,0.0,0.0,0.0,0.0,0.0,0.0,0.0,0.0,0.0,0.0,0.0,0.0,0.0,0.0,0.0,0.0,0.0,0.0,0.0,0.0,0.0,0.0,0.0,0.0,0.0,0.0,0.0,0.0,0.0,0.0,0.0,0.0,0.0,4791.32,0.829018,437.867,913.875,1102.36,264.903,552.881,666.911,330.313,0.06894,0.0831586,252.694,0.05274,0.0636174,1109.19,0.2315,0.279246,776.193,0.162,0.195412,9.51941,3.92887,9.51941
DB1-Uio66Zr-irmof10_A-irmof12_A_No10,0.15,179.999455,61.7857818181818,105.7893818181818,391.0490181818183,428.5614545454546,1197.6363636363635,3138.909090909091,6613.090909090909,8343.272727272728,7.636363636363637,17.454545454545453,41.09090909090909,61.09090909090909,62.90909090909091,219.63636363636363,439.27272727272725,578.1818181818181,6.171981818181823,15.247709090909105,29.731672727272745,42.78065454545457,1.2635875,15.832600000000012,11.496975000000004,42.524999999999984,605.625,975.0,2801.25,2782.5,1.0,3.625,4.375,10.25,24.625,67.25,139.875,177.75,1.9949125000000003,3.979412500000002,6.403512500000004,11.490325000000007,0.0,-7.867499999999998,-3.463749999999998,-19.6175,0.0,92.875,78.375,287.25,0.0,0.0,0.0,0.0,0.0,15.125,11.5,47.75,0.0,2.805,2.3825000000000003,7.9300000000000015,196.30706666666663,386.036,625.6337333333331,794.2086666666668,897.6666666666666,1780.0,2713.333333333333,3028.6666666666665,27.33333333333333,57.333333333333336,92.0,120.0,149.33333333333334,375.3333333333333,544.0,606.6666666666666,12.673933333333338,29.33186666666668,44.62306666666668,53.18853333333335,11.833599999999995,8.771999999999995,19.64884999999999,22.65025,64.0,48.0,107.0,113.50000000000004,1.0,1.0,2.0,2.625,1.0,3.0,4.625,7.249999999999998,0.5328999999999998,0.5621,1.1041250000000002,1.3842625000000006,28.08999999999999,59.88999999999999,97.9175,145.96052593750002,0.0,0.8900000000000005,1.1681250000000003,2.445625000000001,0.0,2.0,2.625,6.8125,0.0,0.0,0.0,0.0,0.0,-2.0,-2.625,-4.625,0.0,-0.04,-0.0525,0.0199999999999999,0.0,-6.000000000000001,-7.875000000000001,-13.627221875000002,0.0,0.0,0.0,0.0,0.0,0.0,0.0,0.0,0.0,0.0,0.0,0.0,0.0,0.0,0.0,0.0,0.0,0.0,0.0,0.0,0.0,0.0,0.0,0.0,0.0,0.0,0.0,0.0,0.0,0.0,0.0,0.0,0.0,0.0,0.0,0.0,0.0,0.0,0.0,0.0,0.0,0.0,0.0,0.0,0.0,0.0,0.0,0.0,4791.32,0.829018,437.867,913.875,1102.36,264.903,552.881,666.911,330.313,0.06894,0.0831586,252.694,0.05274,0.0636174,1109.19,0.2315,0.279246,776.193,0.162,0.195412,9.51941,3.92887,9.51941
DB1-Uio66Zr-irmof6_A-irmof7_A_No53,0.015,292.989985,486.6785999999998,920.8192000000004,4251.559199999997,4714.176000000003,12084.0,33088.0,72384.0,91776.0,54.0,152.0,432.0,672.0,632.0,2336.0,4812.0,6360.0,38.944800000000015,137.06480000000005,306.5663999999999,470.5872000000002,1.7689,36.60160000000001,26.493600000000004,105.06999999999996,1600.0,2560.0,7440.0,7360.0,1.0,8.0,10.0,24.0,64.0,176.0,368.0,464.0,2.3716000000000004,8.9936,15.369200000000005,27.22720000000001,0.0,-16.88,-6.619999999999998,-47.07999999999999,0.0,256.0,214.0,776.0,0.0,0.0,0.0,0.0,0.0,42.0,34.0,134.0,0.0,6.480000000000003,5.420000000000001,19.28,166.40858333333333,329.79496666666665,536.6898,618.8502,724.3333333333334,1450.6666666666667,2133.0,2380.0,23.5,49.0,80.66666666666667,94.66666666666669,133.0,335.3333333333333,456.6666666666667,525.3333333333334,10.299016666666668,24.21756666666668,35.9446,41.74933333333335,11.8336,8.771999999999998,20.605599999999995,17.543999999999997,64.0,48.0,112.0,96.0,1.0,1.0,2.0,2.0,1.0,3.0,4.0,6.0,0.5328999999999998,0.5621,1.095,1.1242,28.09,59.88999999999999,87.98,119.78,0.0,0.8900000000000002,0.8900000000000002,1.7800000000000005,0.0,2.0,2.0,4.0,0.0,0.0,0.0,0.0,0.0,-2.0,-2.0,-4.0,0.0,-0.04,-0.04,-0.08,0.0,-6.000000000000001,-6.000000000000001,-12.000000000000002,1.8282666666666667,2.7545777777777776,3.150844444444445,3.754755555555555,9.833333333333334,14.77777777777778,17.11111111111111,20.38888888888889,0.1666666666666666,0.2777777777777778,0.3333333333333333,0.4444444444444444,0.611111111111111,1.1666666666666667,1.4444444444444444,2.6666666666666665,0.0904611111111111,0.15375,0.1858333333333333,0.2524111111111111,6.163333333333333,13.361111111111112,19.06666666666667,30.28777777777778,0.0,0.0272222222222222,0.1533333333333333,0.2794444444444445,0.0,0.0555555555555555,0.3333333333333333,0.611111111111111,0.0,0.0,0.0,0.0,0.0,0.0,-0.2222222222222222,-0.4444444444444444,0.0,-0.0011111111111111,-0.0066666666666666,-0.0122222222222222,0.0,-0.2166666666666666,-1.1000000000000003,-1.9833333333333327,2283.85,1.45739,0.0,0.0,0.0,157.777,690.84,474.026,0.0,0.0,0.0,64.4045,0.0282,0.0193497,0.0,0.0,0.0,480.75,0.2105,0.144436,6.35607,2.22268,6.35607
DB1-Uio66Zr-irmof6_A-irmof7_A_No53,0.15,265.949915,486.6785999999998,920.8192000000004,4251.559199999997,4714.176000000003,12084.0,33088.0,72384.0,91776.0,54.0,152.0,432.0,672.0,632.0,2336.0,4812.0,6360.0,38.944800000000015,137.06480000000005,306.5663999999999,470.5872000000002,1.7689,36.60160000000001,26.493600000000004,105.06999999999996,1600.0,2560.0,7440.0,7360.0,1.0,8.0,10.0,24.0,64.0,176.0,368.0,464.0,2.3716000000000004,8.9936,15.369200000000005,27.22720000000001,0.0,-16.88,-6.619999999999998,-47.07999999999999,0.0,256.0,214.0,776.0,0.0,0.0,0.0,0.0,0.0,42.0,34.0,134.0,0.0,6.480000000000003,5.420000000000001,19.28,166.40858333333333,329.79496666666665,536.6898,618.8502,724.3333333333334,1450.6666666666667,2133.0,2380.0,23.5,49.0,80.66666666666667,94.66666666666669,133.0,335.3333333333333,456.6666666666667,525.3333333333334,10.299016666666668,24.21756666666668,35.9446,41.74933333333335,11.8336,8.771999999999998,20.605599999999995,17.543999999999997,64.0,48.0,112.0,96.0,1.0,1.0,2.0,2.0,1.0,3.0,4.0,6.0,0.5328999999999998,0.5621,1.095,1.1242,28.09,59.88999999999999,87.98,119.78,0.0,0.8900000000000002,0.8900000000000002,1.7800000000000005,0.0,2.0,2.0,4.0,0.0,0.0,0.0,0.0,0.0,-2.0,-2.0,-4.0,0.0,-0.04,-0.04,-0.08,0.0,-6.000000000000001,-6.000000000000001,-12.000000000000002,1.8282666666666667,2.7545777777777776,3.150844444444445,3.754755555555555,9.833333333333334,14.77777777777778,17.11111111111111,20.38888888888889,0.1666666666666666,0.2777777777777778,0.3333333333333333,0.4444444444444444,0.611111111111111,1.1666666666666667,1.4444444444444444,2.6666666666666665,0.0904611111111111,0.15375,0.1858333333333333,0.2524111111111111,6.163333333333333,13.361111111111112,19.06666666666667,30.28777777777778,0.0,0.0272222222222222,0.1533333333333333,0.2794444444444445,0.0,0.0555555555555555,0.3333333333333333,0.611111111111111,0.0,0.0,0.0,0.0,0.0,0.0,-0.2222222222222222,-0.4444444444444444,0.0,-0.0011111111111111,-0.0066666666666666,-0.0122222222222222,0.0,-0.2166666666666666,-1.1000000000000003,-1.9833333333333327,2283.85,1.45739,0.0,0.0,0.0,157.777,690.84,474.026,0.0,0.0,0.0,64.4045,0.0282,0.0193497,0.0,0.0,0.0,480.75,0.2105,0.144436,6.35607,2.22268,6.35607
DB1-Uio66Zr-irmof10_A-irmof14_A_No323,0.015,382.41588,61.7857818181818,105.7893818181818,391.0490181818183,428.5614545454546,1197.6363636363635,3138.909090909091,6613.090909090909,8343.272727272728,7.636363636363637,17.454545454545453,41.09090909090909,61.09090909090909,62.90909090909091,219.63636363636363,439.27272727272725,578.1818181818181,6.171981818181823,15.247709090909105,29.731672727272745,42.78065454545457,1.2635875,15.832600000000012,11.496975000000004,42.524999999999984,605.625,975.0,2801.25,2782.5,1.0,3.625,4.375,10.25,24.625,67.25,139.875,177.75,1.9949125000000003,3.979412500000002,6.403512500000004,11.490325000000007,0.0,-7.867499999999998,-3.463749999999998,-19.6175,0.0,92.875,78.375,287.25,0.0,0.0,0.0,0.0,0.0,15.125,11.5,47.75,0.0,2.805,2.3825000000000003,7.9300000000000015,203.1369666666667,395.8923333333333,628.7354666666666,796.5643333333334,951.6666666666666,1861.3333333333333,2846.6666666666665,3203.333333333333,27.666666666666668,58.0,90.66666666666669,118.0,148.66666666666666,371.3333333333333,537.3333333333334,603.3333333333334,13.135566666666668,30.08686666666668,45.38613333333334,54.35873333333336,11.833599999999995,8.771999999999995,19.64884999999999,22.65025,64.0,48.0,107.0,113.50000000000004,1.0,1.0,2.0,2.625,1.0,3.0,4.625,7.249999999999998,0.5328999999999998,0.5621,1.1041250000000002,1.3842625000000006,28.08999999999999,59.88999999999999,97.9175,145.96052593750002,0.0,0.8900000000000005,1.1681250000000003,2.445625000000001,0.0,2.0,2.625,6.8125,0.0,0.0,0.0,0.0,0.0,-2.0,-2.625,-4.625,0.0,-0.04,-0.0525,0.0199999999999999,0.0,-6.000000000000001,-7.875000000000001,-13.627221875000002,0.7395999999999999,0.78475,1.2878499999999995,1.3329999999999995,4.0,3.25,7.0,6.25,0.0625,0.09375,0.125,0.15625,0.15625,0.34375,0.40625,0.59375,0.0333062499999999,0.043571875,0.0684375,0.078703125,1.755625,4.48961509375,5.49875,8.23274009375,0.0,0.094375,0.055625,0.15,0.0,0.34375,0.125,0.46875,0.0,0.0,0.0,0.0,0.0,-0.0625,-0.09375,-0.1875,0.0,0.0087499999999999,-0.0025,0.0062499999999999,0.0,-0.3502221875,-0.375,-0.7252221875000001,4791.32,0.858125,855.724,1785.99,2081.27,0.0,0.0,0.0,751.47,0.15684,0.182771,0.0,0.0,0.0,2266.29,0.473,0.551202,0.0,0.0,0.0,10.06126,5.08515,10.06126
DB1-Uio66Zr-irmof10_A-irmof14_A_No323,0.15,200.00747,61.7857818181818,105.7893818181818,391.0490181818183,428.5614545454546,1197.6363636363635,3138.909090909091,6613.090909090909,8343.272727272728,7.636363636363637,17.454545454545453,41.09090909090909,61.09090909090909,62.90909090909091,219.63636363636363,439.27272727272725,578.1818181818181,6.171981818181823,15.247709090909105,29.731672727272745,42.78065454545457,1.2635875,15.832600000000012,11.496975000000004,42.524999999999984,605.625,975.0,2801.25,2782.5,1.0,3.625,4.375,10.25,24.625,67.25,139.875,177.75,1.9949125000000003,3.979412500000002,6.403512500000004,11.490325000000007,0.0,-7.867499999999998,-3.463749999999998,-19.6175,0.0,92.875,78.375,287.25,0.0,0.0,0.0,0.0,0.0,15.125,11.5,47.75,0.0,2.805,2.3825000000000003,7.9300000000000015,203.1369666666667,395.8923333333333,628.7354666666666,796.5643333333334,951.6666666666666,1861.3333333333333,2846.6666666666665,3203.333333333333,27.666666666666668,58.0,90.66666666666669,118.0,148.66666666666666,371.3333333333333,537.3333333333334,603.3333333333334,13.135566666666668,30.08686666666668,45.38613333333334,54.35873333333336,11.833599999999995,8.771999999999995,19.64884999999999,22.65025,64.0,48.0,107.0,113.50000000000004,1.0,1.0,2.0,2.625,1.0,3.0,4.625,7.249999999999998,0.5328999999999998,0.5621,1.1041250000000002,1.3842625000000006,28.08999999999999,59.88999999999999,97.9175,145.96052593750002,0.0,0.8900000000000005,1.1681250000000003,2.445625000000001,0.0,2.0,2.625,6.8125,0.0,0.0,0.0,0.0,0.0,-2.0,-2.625,-4.625,0.0,-0.04,-0.0525,0.0199999999999999,0.0,-6.000000000000001,-7.875000000000001,-13.627221875000002,0.7395999999999999,0.78475,1.2878499999999995,1.3329999999999995,4.0,3.25,7.0,6.25,0.0625,0.09375,0.125,0.15625,0.15625,0.34375,0.40625,0.59375,0.0333062499999999,0.043571875,0.0684375,0.078703125,1.755625,4.48961509375,5.49875,8.23274009375,0.0,0.094375,0.055625,0.15,0.0,0.34375,0.125,0.46875,0.0,0.0,0.0,0.0,0.0,-0.0625,-0.09375,-0.1875,0.0,0.0087499999999999,-0.0025,0.0062499999999999,0.0,-0.3502221875,-0.375,-0.7252221875000001,4791.32,0.858125,855.724,1785.99,2081.27,0.0,0.0,0.0,751.47,0.15684,0.182771,0.0,0.0,0.0,2266.29,0.473,0.551202,0.0,0.0,0.0,10.06126,5.08515,10.06126
DB1-Uio66Zr-irmof10_A-irmof14_A_No504,0.015,5.33346,486.6785999999998,920.8191999999996,4251.5592000000015,4714.176000000001,12084.0,33088.0,72384.0,91776.0,54.0,152.0,432.0,672.0,632.0,2336.0,4812.0,6360.0,38.94480000000005,137.06480000000013,306.56640000000016,470.5872000000002,1.7689,36.60160000000001,26.493600000000004,105.06999999999998,1600.0,2560.0,7440.0,7360.0,1.0,8.0,10.0,24.0,64.0,176.0,368.0,464.0,2.3716000000000004,8.9936,15.369200000000005,27.22720000000001,0.0,-16.88,-6.619999999999998,-47.07999999999999,0.0,256.0,214.0,776.0,0.0,0.0,0.0,0.0,0.0,42.0,34.0,134.0,0.0,6.480000000000003,5.420000000000001,19.28,210.5033333333333,419.1541333333334,645.3614666666667,828.3966666666666,957.3333333333334,1897.3333333333333,2870.6666666666665,3246.6666666666665,29.0,60.66666666666666,93.33333333333331,123.33333333333331,154.0,384.6666666666667,562.6666666666666,650.0,13.30796666666667,30.77740000000001,46.125333333333344,55.85233333333335,11.8336,8.771999999999998,20.605599999999995,17.543999999999997,64.0,48.0,112.0,96.0,1.0,1.0,2.0,2.0,1.0,3.0,4.0,6.0,0.5328999999999998,0.5621,1.095,1.1242,28.09,59.88999999999999,87.98,119.78,0.0,0.8900000000000002,0.8900000000000002,1.7800000000000005,0.0,2.0,2.0,4.0,0.0,0.0,0.0,0.0,0.0,-2.0,-2.0,-4.0,0.0,-0.04,-0.04,-0.08,0.0,-6.000000000000001,-6.000000000000001,-12.000000000000002,11.6896,16.371244444444446,17.770844444444442,31.84955555555556,63.16666666666666,61.44444444444445,97.11111111111111,144.72222222222223,1.0,1.9444444444444444,2.0,3.777777777777778,3.9444444444444446,7.833333333333333,11.444444444444445,19.0,0.5345444444444444,0.8472500000000002,1.1226666666666667,1.8669111111111112,29.57166666666667,83.17584694444444,118.88333333333333,198.72988105555555,0.0,1.8022222222222224,1.6366666666666667,3.5844444444444448,0.0,7.555555555555556,3.6666666666666665,11.777777777777777,0.0,0.0,0.0,0.0,0.0,0.0,-1.888888888888889,-2.0,0.0,0.2655555555555555,-0.0733333333333334,0.2088888888888887,0.0,-4.555925000000001,-11.1,-16.161875555555557,4791.32,0.838248,938.242,1958.21,2336.08,0.0,0.0,0.0,1019.98,0.21288,0.253958,0.0,0.0,0.0,2651.99,0.5535,0.660306,0.0,0.0,0.0,10.06126,6.56005,10.06126
DB1-Uio66Zr-irmof10_A-irmof14_A_No504,0.15,44.09389,486.6785999999998,920.8191999999996,4251.5592000000015,4714.176000000001,12084.0,33088.0,72384.0,91776.0,54.0,152.0,432.0,672.0,632.0,2336.0,4812.0,6360.0,38.94480000000005,137.06480000000013,306.56640000000016,470.5872000000002,1.7689,36.60160000000001,26.493600000000004,105.06999999999998,1600.0,2560.0,7440.0,7360.0,1.0,8.0,10.0,24.0,64.0,176.0,368.0,464.0,2.3716000000000004,8.9936,15.369200000000005,27.22720000000001,0.0,-16.88,-6.619999999999998,-47.07999999999999,0.0,256.0,214.0,776.0,0.0,0.0,0.0,0.0,0.0,42.0,34.0,134.0,0.0,6.480000000000003,5.420000000000001,19.28,210.5033333333333,419.1541333333334,645.3614666666667,828.3966666666666,957.3333333333334,1897.3333333333333,2870.6666666666665,3246.6666666666665,29.0,60.66666666666666,93.33333333333331,123.33333333333331,154.0,384.6666666666667,562.6666666666666,650.0,13.30796666666667,30.77740000000001,46.125333333333344,55.85233333333335,11.8336,8.771999999999998,20.605599999999995,17.543999999999997,64.0,48.0,112.0,96.0,1.0,1.0,2.0,2.0,1.0,3.0,4.0,6.0,0.5328999999999998,0.5621,1.095,1.1242,28.09,59.88999999999999,87.98,119.78,0.0,0.8900000000000002,0.8900000000000002,1.7800000000000005,0.0,2.0,2.0,4.0,0.0,0.0,0.0,0.0,0.0,-2.0,-2.0,-4.0,0.0,-0.04,-0.04,-0.08,0.0,-6.000000000000001,-6.000000000000001,-12.000000000000002,11.6896,16.371244444444446,17.770844444444442,31.84955555555556,63.16666666666666,61.44444444444445,97.11111111111111,144.72222222222223,1.0,1.9444444444444444,2.0,3.777777777777778,3.9444444444444446,7.833333333333333,11.444444444444445,19.0,0.5345444444444444,0.8472500000000002,1.1226666666666667,1.8669111111111112,29.57166666666667,83.17584694444444,118.88333333333333,198.72988105555555,0.0,1.8022222222222224,1.6366666666666667,3.5844444444444448,0.0,7.555555555555556,3.6666666666666665,11.777777777777777,0.0,0.0,0.0,0.0,0.0,0.0,-1.888888888888889,-2.0,0.0,0.2655555555555555,-0.0733333333333334,0.2088888888888887,0.0,-4.555925000000001,-11.1,-16.161875555555557,4791.32,0.838248,938.242,1958.21,2336.08,0.0,0.0,0.0,1019.98,0.21288,0.253958,0.0,0.0,0.0,2651.99,0.5535,0.660306,0.0,0.0,0.0,10.06126,6.56005,10.06126
DB1-Uio66Zr-irmof6_A-irmof7_A_No88,0.015,478.13442,486.6785999999998,920.8192000000004,4251.559199999997,4714.176000000005,12084.0,33088.0,72384.0,91776.0,54.0,152.0,432.0,672.0,632.0,2336.0,4812.0,6360.0,38.9448,137.06480000000005,306.5663999999999,470.5872000000002,1.7689,36.60160000000001,26.493600000000004,105.06999999999996,1600.0,2560.0,7440.0,7360.0,1.0,8.0,10.0,24.0,64.0,176.0,368.0,464.0,2.3716000000000004,8.9936,15.369200000000005,27.22720000000001,0.0,-16.88,-6.619999999999998,-47.07999999999999,0.0,256.0,214.0,776.0,0.0,0.0,0.0,0.0,0.0,42.0,34.0,134.0,0.0,6.480000000000003,5.420000000000001,19.28,197.79426666666663,378.721,589.5550666666666,716.5788666666667,928.6666666666666,1752.0,2656.6666666666665,3103.6666666666665,25.666666666666668,53.333333333333336,82.66666666666667,103.33333333333331,139.33333333333334,352.3333333333333,486.6666666666667,580.3333333333334,12.021766666666666,27.39386666666668,40.40026666666667,49.1386,11.8336,8.771999999999998,20.605599999999995,17.543999999999997,64.0,48.0,112.0,96.0,1.0,1.0,2.0,2.0,1.0,3.0,4.0,6.0,0.5328999999999998,0.5621,1.095,1.1242,28.09,59.88999999999999,87.98,119.78,0.0,0.8900000000000002,0.8900000000000002,1.7800000000000005,0.0,2.0,2.0,4.0,0.0,0.0,0.0,0.0,0.0,-2.0,-2.0,-4.0,0.0,-0.04,-0.04,-0.08,0.0,-6.000000000000001,-6.000000000000001,-12.000000000000002,11.8336,13.186666666666666,20.09533333333333,24.131599999999995,64.0,52.66666666666666,109.33333333333331,118.0,1.0,1.5833333333333333,2.0,2.75,2.75,5.916666666666667,7.416666666666667,11.583333333333334,0.5328999999999998,0.7196583333333333,1.0998666666666663,1.419241666666667,28.09,73.82448175,93.28000000000002,144.3965345833333,0.0,1.6133333333333335,1.038333333333333,2.4450000000000003,0.0,6.083333333333333,2.333333333333333,7.25,0.0,0.0,0.0,0.0,0.0,-0.8333333333333334,-1.5833333333333333,-3.0,0.0,0.1699999999999999,-0.0466666666666667,0.0633333333333332,0.0,-5.537480833333334,-7.000000000000001,-12.669629166666668,2283.85,1.68421,0.0,0.0,0.0,130.4,570.965,339.011,0.0,0.0,0.0,57.1875,0.02504,0.0148675,0.0,0.0,0.0,435.073,0.1905,0.113109,6.39507,1.69723,6.39507
DB1-Uio66Zr-irmof6_A-irmof7_A_No88,0.15,267.383585,486.6785999999998,920.8192000000004,4251.559199999997,4714.176000000005,12084.0,33088.0,72384.0,91776.0,54.0,152.0,432.0,672.0,632.0,2336.0,4812.0,6360.0,38.9448,137.06480000000005,306.5663999999999,470.5872000000002,1.7689,36.60160000000001,26.493600000000004,105.06999999999996,1600.0,2560.0,7440.0,7360.0,1.0,8.0,10.0,24.0,64.0,176.0,368.0,464.0,2.3716000000000004,8.9936,15.369200000000005,27.22720000000001,0.0,-16.88,-6.619999999999998,-47.07999999999999,0.0,256.0,214.0,776.0,0.0,0.0,0.0,0.0,0.0,42.0,34.0,134.0,0.0,6.480000000000003,5.420000000000001,19.28,197.79426666666663,378.721,589.5550666666666,716.5788666666667,928.6666666666666,1752.0,2656.6666666666665,3103.6666666666665,25.666666666666668,53.333333333333336,82.66666666666667,103.33333333333331,139.33333333333334,352.3333333333333,486.6666666666667,580.3333333333334,12.021766666666666,27.39386666666668,40.40026666666667,49.1386,11.8336,8.771999999999998,20.605599999999995,17.543999999999997,64.0,48.0,112.0,96.0,1.0,1.0,2.0,2.0,1.0,3.0,4.0,6.0,0.5328999999999998,0.5621,1.095,1.1242,28.09,59.88999999999999,87.98,119.78,0.0,0.8900000000000002,0.8900000000000002,1.7800000000000005,0.0,2.0,2.0,4.0,0.0,0.0,0.0,0.0,0.0,-2.0,-2.0,-4.0,0.0,-0.04,-0.04,-0.08,0.0,-6.000000000000001,-6.000000000000001,-12.000000000000002,11.8336,13.186666666666666,20.09533333333333,24.131599999999995,64.0,52.66666666666666,109.33333333333331,118.0,1.0,1.5833333333333333,2.0,2.75,2.75,5.916666666666667,7.416666666666667,11.583333333333334,0.5328999999999998,0.7196583333333333,1.0998666666666663,1.419241666666667,28.09,73.82448175,93.28000000000002,144.3965345833333,0.0,1.6133333333333335,1.038333333333333,2.4450000000000003,0.0,6.083333333333333,2.333333333333333,7.25,0.0,0.0,0.0,0.0,0.0,-0.8333333333333334,-1.5833333333333333,-3.0,0.0,0.1699999999999999,-0.0466666666666667,0.0633333333333332,0.0,-5.537480833333334,-7.000000000000001,-12.669629166666668,2283.85,1.68421,0.0,0.0,0.0,130.4,570.965,339.011,0.0,0.0,0.0,57.1875,0.02504,0.0148675,0.0,0.0,0.0,435.073,0.1905,0.113109,6.39507,1.69723,6.39507
DB1-Uio66Zr-irmof6_A-irmof7_A_No134,0.015,325.476165,486.6785999999997,920.8192,4251.559199999997,4714.176000000001,12084.0,33088.0,72384.0,91776.0,54.0,152.0,432.0,672.0,632.0,2336.0,4812.0,6360.0,38.94480000000003,137.06480000000005,306.5664,470.58720000000017,1.7689,36.60160000000001,26.493600000000004,105.06999999999996,1600.0,2560.0,7440.0,7360.0,1.0,8.0,10.0,24.0,64.0,176.0,368.0,464.0,2.3716000000000004,8.9936,15.369200000000005,27.22720000000001,0.0,-16.88,-6.619999999999998,-47.07999999999999,0.0,256.0,214.0,776.0,0.0,0.0,0.0,0.0,0.0,42.0,34.0,134.0,0.0,6.480000000000003,5.420000000000001,19.280000000000005,170.98076666666668,343.766,534.7930666666667,647.5523666666668,738.6666666666666,1472.0,2186.6666666666665,2578.6666666666665,24.0,50.0,79.33333333333333,96.66666666666669,132.66666666666666,335.6666666666667,463.3333333333333,547.0,10.422933333333331,24.544866666666675,36.17993333333334,43.38793333333334,11.8336,8.771999999999998,20.605599999999995,17.543999999999997,64.0,48.0,112.0,96.0,1.0,1.0,2.0,2.0,1.0,3.0,4.0,6.0,0.5328999999999998,0.5621,1.095,1.1242,28.09,59.88999999999999,87.98,119.78,0.0,0.8900000000000002,0.8900000000000002,1.7800000000000005,0.0,2.0,2.0,4.0,0.0,0.0,0.0,0.0,0.0,-2.0,-2.0,-4.0,0.0,-0.04,-0.04,-0.08,0.0,-6.000000000000001,-6.000000000000001,-12.000000000000002,9.6736,20.33,15.844,33.4396,51.5,56.0,86.0,180.5,1.0,2.833333333333333,2.0,4.0,8.166666666666666,13.833333333333334,17.0,33.666666666666664,0.5575666666666667,1.08245,1.1498666666666668,2.2823666666666664,50.315000000000005,139.23397050000003,159.33,289.30999999999995,0.0,2.1633333333333336,1.1133333333333335,1.6700000000000006,0.0,12.333333333333334,2.333333333333333,3.5,0.0,0.0,0.0,0.0,0.0,3.333333333333333,-0.3333333333333333,-0.5,0.0,0.6699999999999999,-0.0466666666666667,-0.07,0.0,0.7036316666666669,-8.5,-12.750000000000002,2283.85,1.4734,0.0,0.0,0.0,156.552,685.475,465.234,0.0,0.0,0.0,70.5252,0.03088,0.0209583,0.0,0.0,0.0,520.717,0.228,0.154744,6.39507,2.10665,6.35607
DB1-Uio66Zr-irmof6_A-irmof7_A_No134,0.15,225.07448,486.6785999999997,920.8192,4251.559199999997,4714.176000000001,12084.0,33088.0,72384.0,91776.0,54.0,152.0,432.0,672.0,632.0,2336.0,4812.0,6360.0,38.94480000000003,137.06480000000005,306.5664,470.58720000000017,1.7689,36.60160000000001,26.493600000000004,105.06999999999996,1600.0,2560.0,7440.0,7360.0,1.0,8.0,10.0,24.0,64.0,176.0,368.0,464.0,2.3716000000000004,8.9936,15.369200000000005,27.22720000000001,0.0,-16.88,-6.619999999999998,-47.07999999999999,0.0,256.0,214.0,776.0,0.0,0.0,0.0,0.0,0.0,42.0,34.0,134.0,0.0,6.480000000000003,5.420000000000001,19.280000000000005,170.98076666666668,343.766,534.7930666666667,647.5523666666668,738.6666666666666,1472.0,2186.6666666666665,2578.6666666666665,24.0,50.0,79.33333333333333,96.66666666666669,132.66666666666666,335.6666666666667,463.3333333333333,547.0,10.422933333333331,24.544866666666675,36.17993333333334,43.38793333333334,11.8336,8.771999999999998,20.605599999999995,17.543999999999997,64.0,48.0,112.0,96.0,1.0,1.0,2.0,2.0,1.0,3.0,4.0,6.0,0.5328999999999998,0.5621,1.095,1.1242,28.09,59.88999999999999,87.98,119.78,0.0,0.8900000000000002,0.8900000000000002,1.7800000000000005,0.0,2.0,2.0,4.0,0.0,0.0,0.0,0.0,0.0,-2.0,-2.0,-4.0,0.0,-0.04,-0.04,-0.08,0.0,-6.000000000000001,-6.000000000000001,-12.000000000000002,9.6736,20.33,15.844,33.4396,51.5,56.0,86.0,180.5,1.0,2.833333333333333,2.0,4.0,8.166666666666666,13.833333333333334,17.0,33.666666666666664,0.5575666666666667,1.08245,1.1498666666666668,2.2823666666666664,50.315000000000005,139.23397050000003,159.33,289.30999999999995,0.0,2.1633333333333336,1.1133333333333335,1.6700000000000006,0.0,12.333333333333334,2.333333333333333,3.5,0.0,0.0,0.0,0.0,0.0,3.333333333333333,-0.3333333333333333,-0.5,0.0,0.6699999999999999,-0.0466666666666667,-0.07,0.0,0.7036316666666669,-8.5,-12.750000000000002,2283.85,1.4734,0.0,0.0,0.0,156.552,685.475,465.234,0.0,0.0,0.0,70.5252,0.03088,0.0209583,0.0,0.0,0.0,520.717,0.228,0.154744,6.39507,2.10665,6.35607
DB1-Uio66Zr-irmof8_A-imd_No6,0.015,33.958385,486.6785999999997,920.8192000000006,4251.559199999998,4714.176000000005,12084.0,33088.0,72384.0,91776.0,54.0,152.0,432.0,672.0,632.0,2336.0,4812.0,6360.0,38.9448,137.06480000000005,306.5663999999999,470.5872000000002,1.7689,36.60160000000001,26.493600000000004,105.06999999999996,1600.0,2560.0,7440.0,7360.0,1.0,8.0,10.0,24.0,64.0,176.0,368.0,464.0,2.3716000000000004,8.9936,15.369200000000005,27.22720000000001,0.0,-16.88,-6.619999999999998,-47.07999999999999,0.0,256.0,214.0,776.0,0.0,0.0,0.0,0.0,0.0,42.0,34.0,134.0,0.0,6.480000000000003,5.420000000000001,19.28,174.9868,326.1449999999999,525.4083999999999,669.1839999999999,1846.0,2160.0,3616.0,4916.0,22.0,46.0,72.0,92.0,118.0,294.0,424.0,460.0,13.440600000000002,27.15020000000001,42.4488,54.19479999999999,11.8336,8.771999999999998,20.605599999999995,17.543999999999997,64.0,48.0,112.0,96.0,1.0,1.0,2.0,2.0,1.0,3.0,4.0,6.0,0.5328999999999998,0.5621,1.095,1.1242,28.09,59.88999999999999,87.98,119.78,0.0,0.8900000000000002,0.8900000000000002,1.7800000000000005,0.0,2.0,2.0,4.0,0.0,0.0,0.0,0.0,0.0,-2.0,-2.0,-4.0,0.0,-0.04,-0.04,-0.08,0.0,-6.000000000000001,-6.000000000000001,-12.000000000000002,9.985600000000003,8.058,16.116,31.679,289.0,102.0,204.0,365.5,1.0,1.0,2.0,4.0,1.0,3.0,6.0,11.0,0.9801,0.7622999999999999,1.5245999999999995,2.851199999999999,213.16,164.98000000000002,329.96000000000004,610.3319030000001,0.0,0.6100000000000003,1.2200000000000006,2.615000000000001,0.0,11.0,22.0,46.5,0.0,0.0,0.0,0.0,0.0,-2.0,-4.0,-7.0,0.0,0.2199999999999999,0.4399999999999999,1.08,0.0,3.2999999999999985,6.599999999999997,16.596444999999992,3454.13,1.3418,0.0,0.0,0.0,354.246,1025.57,764.328,0.0,0.0,0.0,268.869,0.07784,0.0580118,0.0,0.0,0.0,1124.32,0.3255,0.242585,8.68499,2.41832,8.43369
DB1-Uio66Zr-irmof8_A-imd_No6,0.15,131.81724,486.6785999999997,920.8192000000006,4251.559199999998,4714.176000000005,12084.0,33088.0,72384.0,91776.0,54.0,152.0,432.0,672.0,632.0,2336.0,4812.0,6360.0,38.9448,137.06480000000005,306.5663999999999,470.5872000000002,1.7689,36.60160000000001,26.493600000000004,105.06999999999996,1600.0,2560.0,7440.0,7360.0,1.0,8.0,10.0,24.0,64.0,176.0,368.0,464.0,2.3716000000000004,8.9936,15.369200000000005,27.22720000000001,0.0,-16.88,-6.619999999999998,-47.07999999999999,0.0,256.0,214.0,776.0,0.0,0.0,0.0,0.0,0.0,42.0,34.0,134.0,0.0,6.480000000000003,5.420000000000001,19.28,174.9868,326.1449999999999,525.4083999999999,669.1839999999999,1846.0,2160.0,3616.0,4916.0,22.0,46.0,72.0,92.0,118.0,294.0,424.0,460.0,13.440600000000002,27.15020000000001,42.4488,54.19479999999999,11.8336,8.771999999999998,20.605599999999995,17.543999999999997,64.0,48.0,112.0,96.0,1.0,1.0,2.0,2.0,1.0,3.0,4.0,6.0,0.5328999999999998,0.5621,1.095,1.1242,28.09,59.88999999999999,87.98,119.78,0.0,0.8900000000000002,0.8900000000000002,1.7800000000000005,0.0,2.0,2.0,4.0,0.0,0.0,0.0,0.0,0.0,-2.0,-2.0,-4.0,0.0,-0.04,-0.04,-0.08,0.0,-6.000000000000001,-6.000000000000001,-12.000000000000002,9.985600000000003,8.058,16.116,31.679,289.0,102.0,204.0,365.5,1.0,1.0,2.0,4.0,1.0,3.0,6.0,11.0,0.9801,0.7622999999999999,1.5245999999999995,2.851199999999999,213.16,164.98000000000002,329.96000000000004,610.3319030000001,0.0,0.6100000000000003,1.2200000000000006,2.615000000000001,0.0,11.0,22.0,46.5,0.0,0.0,0.0,0.0,0.0,-2.0,-4.0,-7.0,0.0,0.2199999999999999,0.4399999999999999,1.08,0.0,3.2999999999999985,6.599999999999997,16.596444999999992,3454.13,1.3418,0.0,0.0,0.0,354.246,1025.57,764.328,0.0,0.0,0.0,268.869,0.07784,0.0580118,0.0,0.0,0.0,1124.32,0.3255,0.242585,8.68499,2.41832,8.43369
DB1-Uio66Zr-irmof6_A-irmof7_A_No13,0.015,241.96413,486.6785999999998,920.8192000000004,4251.559199999997,4714.176000000005,12084.0,33088.0,72384.0,91776.0,54.0,152.0,432.0,672.0,632.0,2336.0,4812.0,6360.0,38.9448,137.06480000000005,306.5663999999999,470.5872000000002,1.7689,36.60160000000001,26.493600000000004,105.06999999999996,1600.0,2560.0,7440.0,7360.0,1.0,8.0,10.0,24.0,64.0,176.0,368.0,464.0,2.3716000000000004,8.9936,15.369200000000005,27.22720000000001,0.0,-16.88,-6.619999999999998,-47.07999999999999,0.0,256.0,214.0,776.0,0.0,0.0,0.0,0.0,0.0,42.0,34.0,134.0,0.0,6.480000000000003,5.420000000000001,19.28,155.30156666666667,310.7493333333333,492.9304,579.0511666666666,675.6666666666666,1355.3333333333333,1985.0,2175.6666666666665,22.0,46.0,73.66666666666667,88.66666666666667,123.0,312.3333333333333,425.6666666666667,476.0,9.662466666666669,22.76733333333334,33.46723333333333,38.48433333333334,11.8336,8.771999999999998,20.605599999999995,17.543999999999997,64.0,48.0,112.0,96.0,1.0,1.0,2.0,2.0,1.0,3.0,4.0,6.0,0.5328999999999998,0.5621,1.095,1.1242,28.09,59.88999999999999,87.98,119.78,0.0,0.8900000000000002,0.8900000000000002,1.7800000000000005,0.0,2.0,2.0,4.0,0.0,0.0,0.0,0.0,0.0,-2.0,-2.0,-4.0,0.0,-0.04,-0.04,-0.08,0.0,-6.000000000000001,-6.000000000000001,-12.000000000000002,7.701333333333333,17.606666666666666,12.92,24.953333333333333,40.833333333333336,46.66666666666666,70.0,110.83333333333331,0.8333333333333334,2.5,1.6666666666666667,3.333333333333333,7.5,12.5,15.0,25.0,0.46875,0.94375,0.9625,1.675,45.63333333333333,125.27102333333336,139.36666666666667,236.843845,0.0,1.808333333333333,0.816666666666667,1.9250000000000005,0.0,10.833333333333334,1.6666666666666667,7.5,0.0,0.0,0.0,0.0,0.0,3.333333333333333,0.0,1.6666666666666667,0.0,0.6166666666666667,-0.0333333333333333,0.2666666666666666,0.0,1.5714833333333338,-6.5,-7.339258333333334,2283.85,1.39555,0.0,0.0,0.0,178.633,782.158,560.466,0.0,0.0,0.0,79.3408,0.03474,0.0248934,0.0,0.0,0.0,557.259,0.244,0.174842,6.52202,2.81825,6.50048
DB1-Uio66Zr-irmof6_A-irmof7_A_No13,0.15,190.766165,486.6785999999998,920.8192000000004,4251.559199999997,4714.176000000005,12084.0,33088.0,72384.0,91776.0,54.0,152.0,432.0,672.0,632.0,2336.0,4812.0,6360.0,38.9448,137.06480000000005,306.5663999999999,470.5872000000002,1.7689,36.60160000000001,26.493600000000004,105.06999999999996,1600.0,2560.0,7440.0,7360.0,1.0,8.0,10.0,24.0,64.0,176.0,368.0,464.0,2.3716000000000004,8.9936,15.369200000000005,27.22720000000001,0.0,-16.88,-6.619999999999998,-47.07999999999999,0.0,256.0,214.0,776.0,0.0,0.0,0.0,0.0,0.0,42.0,34.0,134.0,0.0,6.480000000000003,5.420000000000001,19.28,155.30156666666667,310.7493333333333,492.9304,579.0511666666666,675.6666666666666,1355.3333333333333,1985.0,2175.6666666666665,22.0,46.0,73.66666666666667,88.66666666666667,123.0,312.3333333333333,425.6666666666667,476.0,9.662466666666669,22.76733333333334,33.46723333333333,38.48433333333334,11.8336,8.771999999999998,20.605599999999995,17.543999999999997,64.0,48.0,112.0,96.0,1.0,1.0,2.0,2.0,1.0,3.0,4.0,6.0,0.5328999999999998,0.5621,1.095,1.1242,28.09,59.88999999999999,87.98,119.78,0.0,0.8900000000000002,0.8900000000000002,1.7800000000000005,0.0,2.0,2.0,4.0,0.0,0.0,0.0,0.0,0.0,-2.0,-2.0,-4.0,0.0,-0.04,-0.04,-0.08,0.0,-6.000000000000001,-6.000000000000001,-12.000000000000002,7.701333333333333,17.606666666666666,12.92,24.953333333333333,40.833333333333336,46.66666666666666,70.0,110.83333333333331,0.8333333333333334,2.5,1.6666666666666667,3.333333333333333,7.5,12.5,15.0,25.0,0.46875,0.94375,0.9625,1.675,45.63333333333333,125.27102333333336,139.36666666666667,236.843845,0.0,1.808333333333333,0.816666666666667,1.9250000000000005,0.0,10.833333333333334,1.6666666666666667,7.5,0.0,0.0,0.0,0.0,0.0,3.333333333333333,0.0,1.6666666666666667,0.0,0.6166666666666667,-0.0333333333333333,0.2666666666666666,0.0,1.5714833333333338,-6.5,-7.339258333333334,2283.85,1.39555,0.0,0.0,0.0,178.633,782.158,560.466,0.0,0.0,0.0,79.3408,0.03474,0.0248934,0.0,0.0,0.0,557.259,0.244,0.174842,6.52202,2.81825,6.50048
DB1-Uio66Zr-BDC_A-DABCO_A_No19,0.015,120.10066,573.2168,1131.8112000000008,4622.921199999996,5249.551000000003,12404.0,33912.0,73924.0,95668.0,68.0,184.0,488.0,754.0,720.0,2568.0,5228.0,7110.0,44.44859999999997,152.22079999999994,332.6471999999999,513.3850000000002,1.7689,36.60160000000001,26.493600000000004,105.06999999999998,1600.0,2560.0,7440.0,7360.0,1.0,8.0,10.0,24.0,64.0,176.0,368.0,469.3333333333333,2.3716000000000004,8.9936,15.369200000000005,27.22720000000001,0.0,-16.88,-6.619999999999998,-47.07999999999999,0.0,256.0,214.0,776.0,0.0,0.0,0.0,0.0,0.0,42.0,34.0,133.33333333333334,0.0,6.480000000000003,5.420000000000001,19.28,139.97396000000003,267.5806,405.2771999999998,482.513,641.6,1201.6,1824.0,1995.2,18.8,38.0,57.6,69.2,95.6,230.4,316.0,342.4,8.66908,19.23036,28.164480000000005,32.43028,11.8336,8.771999999999998,20.605599999999995,19.006,64.0,48.0,112.0,104.0,1.0,1.0,2.0,2.1666666666666665,1.0,3.0,4.166666666666667,6.0,0.5328999999999998,0.5621,1.095,1.2178833333333334,28.09,59.88999999999999,87.98,129.76166666666666,0.0,0.8900000000000002,0.8900000000000002,1.9283333333333337,0.0,2.0,2.0,4.333333333333333,0.0,0.0,0.0,0.0,0.0,-2.0,-2.1666666666666665,-3.8333333333333335,0.0,-0.04,-0.04,-0.0866666666666667,0.0,-6.000000000000001,-6.000000000000001,-13.000000000000002,7.701333333333333,17.606666666666666,12.92,24.953333333333333,40.833333333333336,46.66666666666666,70.0,110.83333333333331,0.8333333333333334,2.5,1.6666666666666667,3.333333333333333,7.5,12.5,15.0,25.0,0.46875,0.94375,0.9625,1.6749999999999998,45.63333333333333,125.27102333333336,139.36666666666667,236.843845,0.0,1.808333333333333,0.816666666666667,1.9250000000000005,0.0,10.833333333333334,1.6666666666666667,7.5,0.0,0.0,0.0,0.0,0.0,3.333333333333333,0.0,1.6666666666666667,0.0,0.6166666666666667,-0.0333333333333333,0.2666666666666666,0.0,1.5714833333333338,-6.5,-7.339258333333334,2235.84,1.36225,0.0,0.0,0.0,181.121,810.081,594.666,0.0,0.0,0.0,78.97,0.03532,0.0259278,0.0,0.0,0.0,562.314,0.2515,0.184622,6.6053,3.37614,6.2292
DB1-Uio66Zr-BDC_A-DABCO_A_No19,0.15,155.047565,573.2168,1131.8112000000008,4622.921199999996,5249.551000000003,12404.0,33912.0,73924.0,95668.0,68.0,184.0,488.0,754.0,720.0,2568.0,5228.0,7110.0,44.44859999999997,152.22079999999994,332.6471999999999,513.3850000000002,1.7689,36.60160000000001,26.493600000000004,105.06999999999998,1600.0,2560.0,7440.0,7360.0,1.0,8.0,10.0,24.0,64.0,176.0,368.0,469.3333333333333,2.3716000000000004,8.9936,15.369200000000005,27.22720000000001,0.0,-16.88,-6.619999999999998,-47.07999999999999,0.0,256.0,214.0,776.0,0.0,0.0,0.0,0.0,0.0,42.0,34.0,133.33333333333334,0.0,6.480000000000003,5.420000000000001,19.28,139.97396000000003,267.5806,405.2771999999998,482.513,641.6,1201.6,1824.0,1995.2,18.8,38.0,57.6,69.2,95.6,230.4,316.0,342.4,8.66908,19.23036,28.164480000000005,32.43028,11.8336,8.771999999999998,20.605599999999995,19.006,64.0,48.0,112.0,104.0,1.0,1.0,2.0,2.1666666666666665,1.0,3.0,4.166666666666667,6.0,0.5328999999999998,0.5621,1.095,1.2178833333333334,28.09,59.88999999999999,87.98,129.76166666666666,0.0,0.8900000000000002,0.8900000000000002,1.9283333333333337,0.0,2.0,2.0,4.333333333333333,0.0,0.0,0.0,0.0,0.0,-2.0,-2.1666666666666665,-3.8333333333333335,0.0,-0.04,-0.04,-0.0866666666666667,0.0,-6.000000000000001,-6.000000000000001,-13.000000000000002,7.701333333333333,17.606666666666666,12.92,24.953333333333333,40.833333333333336,46.66666666666666,70.0,110.83333333333331,0.8333333333333334,2.5,1.6666666666666667,3.333333333333333,7.5,12.5,15.0,25.0,0.46875,0.94375,0.9625,1.6749999999999998,45.63333333333333,125.27102333333336,139.36666666666667,236.843845,0.0,1.808333333333333,0.816666666666667,1.9250000000000005,0.0,10.833333333333334,1.6666666666666667,7.5,0.0,0.0,0.0,0.0,0.0,3.333333333333333,0.0,1.6666666666666667,0.0,0.6166666666666667,-0.0333333333333333,0.2666666666666666,0.0,1.5714833333333338,-6.5,-7.339258333333334,2235.84,1.36225,0.0,0.0,0.0,181.121,810.081,594.666,0.0,0.0,0.0,78.97,0.03532,0.0259278,0.0,0.0,0.0,562.314,0.2515,0.184622,6.6053,3.37614,6.2292
DB1-Uio66Zr-irmof10_A-irmof14_A_No338,0.015,210.88884,61.7857818181818,105.7893818181818,391.0490181818183,428.5614545454546,1197.6363636363635,3138.909090909091,6613.090909090909,8343.272727272728,7.636363636363637,17.454545454545453,41.09090909090909,61.09090909090909,62.90909090909091,219.63636363636363,439.27272727272725,578.1818181818181,6.171981818181823,15.247709090909105,29.731672727272745,42.78065454545457,1.2635875,15.832600000000012,11.496975000000004,42.524999999999984,605.625,975.0,2801.25,2782.5,1.0,3.625,4.375,10.25,24.625,67.25,139.875,177.75,1.9949125000000003,3.979412500000002,6.403512500000004,11.490325000000007,0.0,-7.867499999999998,-3.463749999999998,-19.6175,0.0,92.875,78.375,287.25,0.0,0.0,0.0,0.0,0.0,15.125,11.5,47.75,0.0,2.805,2.3825000000000003,7.9300000000000015,197.77426666666665,388.9013333333333,617.7830666666667,782.5646666666668,913.6666666666666,1805.3333333333333,2752.6666666666665,3094.6666666666665,27.33333333333333,57.333333333333336,90.0,116.66666666666669,147.33333333333334,368.0,532.6666666666666,596.6666666666666,12.815800000000005,29.517066666666675,44.54206666666668,53.21380000000002,11.833599999999995,8.771999999999995,19.64884999999999,22.65025,64.0,48.0,107.0,113.50000000000004,1.0,1.0,2.0,2.625,1.0,3.0,4.625,7.249999999999998,0.5328999999999998,0.5621,1.1041250000000002,1.3842625000000006,28.08999999999999,59.88999999999999,97.9175,145.96052593750002,0.0,0.8900000000000005,1.1681250000000003,2.445625000000001,0.0,2.0,2.625,6.8125,0.0,0.0,0.0,0.0,0.0,-2.0,-2.625,-4.625,0.0,-0.04,-0.0525,0.0199999999999999,0.0,-6.000000000000001,-7.875000000000001,-13.627221875000002,0.5776,1.3205,0.969,1.8715,3.0625,3.5,5.25,8.3125,0.0625,0.1875,0.125,0.25,0.5625,0.9375,1.125,1.875,0.03515625,0.0707812499999999,0.0721875,0.125625,3.4225000000000003,9.39532675,10.4525,17.763288375000002,0.0,0.135625,0.06125,0.144375,0.0,0.8125,0.125,0.5625,0.0,0.0,0.0,0.0,0.0,0.25,0.0,0.125,0.0,0.04625,-0.0025,0.0199999999999999,0.0,0.11786125,-0.4875,-0.5504443750000001,4791.32,0.838028,879.114,1834.81,2189.43,0.0,0.0,0.0,779.164,0.16262,0.194051,0.0,0.0,0.0,2295.04,0.479,0.57158,0.0,0.0,0.0,10.06126,5.08515,10.02436
DB1-Uio66Zr-irmof10_A-irmof14_A_No338,0.15,265.85012,61.7857818181818,105.7893818181818,391.0490181818183,428.5614545454546,1197.6363636363635,3138.909090909091,6613.090909090909,8343.272727272728,7.636363636363637,17.454545454545453,41.09090909090909,61.09090909090909,62.90909090909091,219.63636363636363,439.27272727272725,578.1818181818181,6.171981818181823,15.247709090909105,29.731672727272745,42.78065454545457,1.2635875,15.832600000000012,11.496975000000004,42.524999999999984,605.625,975.0,2801.25,2782.5,1.0,3.625,4.375,10.25,24.625,67.25,139.875,177.75,1.9949125000000003,3.979412500000002,6.403512500000004,11.490325000000007,0.0,-7.867499999999998,-3.463749999999998,-19.6175,0.0,92.875,78.375,287.25,0.0,0.0,0.0,0.0,0.0,15.125,11.5,47.75,0.0,2.805,2.3825000000000003,7.9300000000000015,197.77426666666665,388.9013333333333,617.7830666666667,782.5646666666668,913.6666666666666,1805.3333333333333,2752.6666666666665,3094.6666666666665,27.33333333333333,57.333333333333336,90.0,116.66666666666669,147.33333333333334,368.0,532.6666666666666,596.6666666666666,12.815800000000005,29.517066666666675,44.54206666666668,53.21380000000002,11.833599999999995,8.771999999999995,19.64884999999999,22.65025,64.0,48.0,107.0,113.50000000000004,1.0,1.0,2.0,2.625,1.0,3.0,4.625,7.249999999999998,0.5328999999999998,0.5621,1.1041250000000002,1.3842625000000006,28.08999999999999,59.88999999999999,97.9175,145.96052593750002,0.0,0.8900000000000005,1.1681250000000003,2.445625000000001,0.0,2.0,2.625,6.8125,0.0,0.0,0.0,0.0,0.0,-2.0,-2.625,-4.625,0.0,-0.04,-0.0525,0.0199999999999999,0.0,-6.000000000000001,-7.875000000000001,-13.627221875000002,0.5776,1.3205,0.969,1.8715,3.0625,3.5,5.25,8.3125,0.0625,0.1875,0.125,0.25,0.5625,0.9375,1.125,1.875,0.03515625,0.0707812499999999,0.0721875,0.125625,3.4225000000000003,9.39532675,10.4525,17.763288375000002,0.0,0.135625,0.06125,0.144375,0.0,0.8125,0.125,0.5625,0.0,0.0,0.0,0.0,0.0,0.25,0.0,0.125,0.0,0.04625,-0.0025,0.0199999999999999,0.0,0.11786125,-0.4875,-0.5504443750000001,4791.32,0.838028,879.114,1834.81,2189.43,0.0,0.0,0.0,779.164,0.16262,0.194051,0.0,0.0,0.0,2295.04,0.479,0.57158,0.0,0.0,0.0,10.06126,5.08515,10.02436
DB1-Uio66Zr-BDC_A-imdb_No21,0.015,93.125365,486.6785999999997,920.8192,4251.5592,4714.176000000001,12084.0,33088.0,72384.0,91776.0,54.0,152.0,432.0,672.0,632.0,2336.0,4812.0,6360.0,38.94480000000003,137.0648000000001,306.56640000000016,470.5872000000002,1.7688999999999997,36.60160000000001,26.49360000000001,105.06999999999996,1600.0,2560.0,7440.0,7360.0,1.0,8.0,10.0,24.0,64.0,176.0,368.0,464.0,2.3716000000000004,8.9936,15.369200000000005,27.22720000000002,0.0,-16.88,-6.62,-47.07999999999999,0.0,256.0,214.0,776.0,0.0,0.0,0.0,0.0,0.0,42.0,34.0,134.0,0.0,6.480000000000003,5.420000000000001,19.28,142.38159999999996,262.016,385.0563999999999,479.1229999999999,676.0,1208.0,1816.0,2000.0,18.0,36.0,52.0,66.0,88.0,212.0,292.0,314.0,8.4882,18.451600000000003,26.402,30.817799999999995,11.833599999999995,8.771999999999995,20.60559999999999,17.54399999999999,64.0,48.0,112.0,96.0,1.0,1.0,2.0,2.0,1.0,3.0,4.0,6.0,0.5328999999999998,0.5621000000000003,1.095,1.1242000000000003,28.09,59.89000000000001,87.98,119.78000000000002,0.0,0.8900000000000003,0.8900000000000003,1.7800000000000007,0.0,2.0,2.0,4.0,0.0,0.0,0.0,0.0,0.0,-2.0,-2.0,-4.0,0.0,-0.04,-0.04,-0.08,0.0,-6.000000000000001,-6.000000000000001,-12.000000000000002,11.833599999999995,16.339999999999996,17.54399999999999,33.88400000000001,64.0,56.0,96.0,152.0,1.0,2.0,2.0,4.0,4.0,8.0,12.0,20.0,0.5328999999999998,0.8322,1.1242000000000003,1.9564,28.09,83.77768300000001,119.78000000000002,203.557683,0.0,2.13,1.7800000000000007,3.909999999999998,0.0,9.0,4.0,13.0,0.0,0.0,0.0,0.0,0.0,0.0,-2.0,-2.0,0.0,0.32,-0.08,0.2399999999999998,0.0,-5.207110000000001,-12.000000000000002,-17.207110000000004,4471.7,1.37847,0.0,0.0,0.0,427.731,956.528,693.907,0.0,0.0,0.0,224.927,0.0503,0.0364898,0.0,0.0,0.0,1093.33,0.2445,0.177371,7.33179,3.3397,7.33159
DB1-Uio66Zr-BDC_A-imdb_No21,0.15,161.740915,486.6785999999997,920.8192,4251.5592,4714.176000000001,12084.0,33088.0,72384.0,91776.0,54.0,152.0,432.0,672.0,632.0,2336.0,4812.0,6360.0,38.94480000000003,137.0648000000001,306.56640000000016,470.5872000000002,1.7688999999999997,36.60160000000001,26.49360000000001,105.06999999999996,1600.0,2560.0,7440.0,7360.0,1.0,8.0,10.0,24.0,64.0,176.0,368.0,464.0,2.3716000000000004,8.9936,15.369200000000005,27.22720000000002,0.0,-16.88,-6.62,-47.07999999999999,0.0,256.0,214.0,776.0,0.0,0.0,0.0,0.0,0.0,42.0,34.0,134.0,0.0,6.480000000000003,5.420000000000001,19.28,142.38159999999996,262.016,385.0563999999999,479.1229999999999,676.0,1208.0,1816.0,2000.0,18.0,36.0,52.0,66.0,88.0,212.0,292.0,314.0,8.4882,18.451600000000003,26.402,30.817799999999995,11.833599999999995,8.771999999999995,20.60559999999999,17.54399999999999,64.0,48.0,112.0,96.0,1.0,1.0,2.0,2.0,1.0,3.0,4.0,6.0,0.5328999999999998,0.5621000000000003,1.095,1.1242000000000003,28.09,59.89000000000001,87.98,119.78000000000002,0.0,0.8900000000000003,0.8900000000000003,1.7800000000000007,0.0,2.0,2.0,4.0,0.0,0.0,0.0,0.0,0.0,-2.0,-2.0,-4.0,0.0,-0.04,-0.04,-0.08,0.0,-6.000000000000001,-6.000000000000001,-12.000000000000002,11.833599999999995,16.339999999999996,17.54399999999999,33.88400000000001,64.0,56.0,96.0,152.0,1.0,2.0,2.0,4.0,4.0,8.0,12.0,20.0,0.5328999999999998,0.8322,1.1242000000000003,1.9564,28.09,83.77768300000001,119.78000000000002,203.557683,0.0,2.13,1.7800000000000007,3.909999999999998,0.0,9.0,4.0,13.0,0.0,0.0,0.0,0.0,0.0,0.0,-2.0,-2.0,0.0,0.32,-0.08,0.2399999999999998,0.0,-5.207110000000001,-12.000000000000002,-17.207110000000004,4471.7,1.37847,0.0,0.0,0.0,427.731,956.528,693.907,0.0,0.0,0.0,224.927,0.0503,0.0364898,0.0,0.0,0.0,1093.33,0.2445,0.177371,7.33179,3.3397,7.33159
DB1-Uio66Zr-irmof10_A-irmof14_A_No188,0.015,4.86256,486.6785999999998,920.8191999999996,4251.5592000000015,4714.176000000001,12084.0,33088.0,72384.0,91776.0,54.0,152.0,432.0,672.0,632.0,2336.0,4812.0,6360.0,38.94480000000005,137.06480000000013,306.56640000000016,470.5872000000002,1.7689,36.60160000000001,26.493600000000004,105.06999999999996,1600.0,2560.0,7440.0,7360.0,1.0,8.0,10.0,24.0,64.0,176.0,368.0,464.0,2.3716000000000004,8.9936,15.369200000000005,27.22720000000001,0.0,-16.88,-6.619999999999998,-47.07999999999999,0.0,256.0,214.0,776.0,0.0,0.0,0.0,0.0,0.0,42.0,34.0,134.0,0.0,6.480000000000003,5.420000000000001,19.280000000000005,193.94493333333327,383.3293333333333,607.4164,768.5179999999999,1293.3333333333333,1985.3333333333333,3116.0,3669.3333333333335,27.0,56.66666666666666,88.66666666666667,115.33333333333331,145.33333333333334,363.3333333333333,526.0,586.0,13.505633333333336,29.984200000000005,45.57500000000001,55.12086666666667,11.8336,8.771999999999998,20.605599999999995,17.543999999999997,64.0,48.0,112.0,96.0,1.0,1.0,2.0,2.0,1.0,3.0,4.0,6.0,0.5328999999999998,0.5621,1.095,1.1242,28.09,59.88999999999999,87.98,119.78,0.0,0.8900000000000002,0.8900000000000002,1.7800000000000005,0.0,2.0,2.0,4.0,0.0,0.0,0.0,0.0,0.0,-2.0,-2.0,-4.0,0.0,-0.04,-0.04,-0.08,0.0,-6.000000000000001,-6.000000000000001,-12.000000000000002,10.2936,9.438333333333333,16.354,31.58566666666667,251.5,94.33333333333331,186.0,294.5,1.0,1.1666666666666667,2.0,4.0,1.5,3.8333333333333335,7.0,11.666666666666666,0.9055666666666666,0.77395,1.4578666666666666,2.5370666666666666,182.315,151.44628050000003,294.93,501.21278550000005,0.0,0.8633333333333336,1.313333333333334,2.976666666666668,0.0,10.666666666666666,19.0,43.0,0.0,0.0,0.0,0.0,0.0,-1.6666666666666667,-3.6666666666666665,-5.333333333333333,0.0,0.2366666666666666,0.3533333333333333,1.1066666666666665,0.0,1.882148333333332,3.499999999999998,13.792889999999996,4791.32,0.882077,916.924,1913.72,2169.56,0.0,0.0,0.0,1057.83,0.22078,0.250296,0.0,0.0,0.0,2656.79,0.5545,0.62863,0.0,0.0,0.0,10.06126,6.56005,10.06126
DB1-Uio66Zr-irmof10_A-irmof14_A_No188,0.15,38.976065,486.6785999999998,920.8191999999996,4251.5592000000015,4714.176000000001,12084.0,33088.0,72384.0,91776.0,54.0,152.0,432.0,672.0,632.0,2336.0,4812.0,6360.0,38.94480000000005,137.06480000000013,306.56640000000016,470.5872000000002,1.7689,36.60160000000001,26.493600000000004,105.06999999999996,1600.0,2560.0,7440.0,7360.0,1.0,8.0,10.0,24.0,64.0,176.0,368.0,464.0,2.3716000000000004,8.9936,15.369200000000005,27.22720000000001,0.0,-16.88,-6.619999999999998,-47.07999999999999,0.0,256.0,214.0,776.0,0.0,0.0,0.0,0.0,0.0,42.0,34.0,134.0,0.0,6.480000000000003,5.420000000000001,19.280000000000005,193.94493333333327,383.3293333333333,607.4164,768.5179999999999,1293.3333333333333,1985.3333333333333,3116.0,3669.3333333333335,27.0,56.66666666666666,88.66666666666667,115.33333333333331,145.33333333333334,363.3333333333333,526.0,586.0,13.505633333333336,29.984200000000005,45.57500000000001,55.12086666666667,11.8336,8.771999999999998,20.605599999999995,17.543999999999997,64.0,48.0,112.0,96.0,1.0,1.0,2.0,2.0,1.0,3.0,4.0,6.0,0.5328999999999998,0.5621,1.095,1.1242,28.09,59.88999999999999,87.98,119.78,0.0,0.8900000000000002,0.8900000000000002,1.7800000000000005,0.0,2.0,2.0,4.0,0.0,0.0,0.0,0.0,0.0,-2.0,-2.0,-4.0,0.0,-0.04,-0.04,-0.08,0.0,-6.000000000000001,-6.000000000000001,-12.000000000000002,10.2936,9.438333333333333,16.354,31.58566666666667,251.5,94.33333333333331,186.0,294.5,1.0,1.1666666666666667,2.0,4.0,1.5,3.8333333333333335,7.0,11.666666666666666,0.9055666666666666,0.77395,1.4578666666666666,2.5370666666666666,182.315,151.44628050000003,294.93,501.21278550000005,0.0,0.8633333333333336,1.313333333333334,2.976666666666668,0.0,10.666666666666666,19.0,43.0,0.0,0.0,0.0,0.0,0.0,-1.6666666666666667,-3.6666666666666665,-5.333333333333333,0.0,0.2366666666666666,0.3533333333333333,1.1066666666666665,0.0,1.882148333333332,3.499999999999998,13.792889999999996,4791.32,0.882077,916.924,1913.72,2169.56,0.0,0.0,0.0,1057.83,0.22078,0.250296,0.0,0.0,0.0,2656.79,0.5545,0.62863,0.0,0.0,0.0,10.06126,6.56005,10.06126
DB1-Uio66Zr-BDC_A-irmof6_A_No473,0.015,441.42194,486.6785999999997,920.8192000000006,4251.559199999997,4714.176000000003,12084.0,33088.0,72384.0,91776.0,54.0,152.0,432.0,672.0,632.0,2336.0,4812.0,6360.0,38.94480000000001,137.06480000000013,306.56640000000027,470.5872000000002,1.7689,36.60160000000001,26.493600000000004,105.06999999999998,1600.0,2560.0,7440.0,7360.0,1.0,8.0,10.0,24.0,64.0,176.0,368.0,464.0,2.3716000000000004,8.9936,15.369200000000005,27.22720000000001,0.0,-16.88,-6.619999999999998,-47.07999999999999,0.0,256.0,214.0,776.0,0.0,0.0,0.0,0.0,0.0,42.0,34.0,134.0,0.0,6.480000000000003,5.420000000000001,19.28,165.88509999999997,308.0251666666665,444.2130666666665,584.4591999999999,795.0,1414.6666666666667,2172.6666666666665,2740.0,20.33333333333333,41.0,58.66666666666666,76.33333333333333,100.33333333333331,245.3333333333333,344.0,398.0,9.619633333333333,21.05876666666667,30.46133333333334,37.92096666666667,11.8336,8.771999999999998,20.605599999999995,17.543999999999997,64.0,48.0,112.0,96.0,1.0,1.0,2.0,2.0,1.0,3.0,4.0,6.0,0.5328999999999998,0.5621,1.095,1.1242,28.09,59.88999999999999,87.98,119.78,0.0,0.8900000000000002,0.8900000000000002,1.7800000000000005,0.0,2.0,2.0,4.0,0.0,0.0,0.0,0.0,0.0,-2.0,-2.0,-4.0,0.0,-0.04,-0.04,-0.08,0.0,-6.000000000000001,-6.000000000000001,-12.000000000000002,11.8336,16.34,17.543999999999997,38.14959999999999,64.0,56.0,96.0,208.0,1.0,2.0,2.0,4.0,4.0,8.0,12.0,22.0,0.5328999999999998,0.8322000000000002,1.1242,2.2192000000000003,28.09,83.77768300000001,119.78,207.76,0.0,2.1299999999999994,1.7800000000000005,2.6700000000000004,0.0,9.0,4.0,6.0,0.0,0.0,0.0,0.0,0.0,0.0,-2.0,-3.0,0.0,0.3199999999999999,-0.08,-0.1200000000000001,0.0,-5.207110000000001,-12.000000000000002,-18.000000000000004,2235.84,1.51663,0.0,0.0,0.0,188.208,841.777,555.03,0.0,0.0,0.0,99.8975,0.04468,0.02946,0.0,0.0,0.0,600.324,0.2685,0.177037,7.31796,3.25682,7.19142
DB1-Uio66Zr-BDC_A-irmof6_A_No473,0.15,443.996425,486.6785999999997,920.8192000000006,4251.559199999997,4714.176000000003,12084.0,33088.0,72384.0,91776.0,54.0,152.0,432.0,672.0,632.0,2336.0,4812.0,6360.0,38.94480000000001,137.06480000000013,306.56640000000027,470.5872000000002,1.7689,36.60160000000001,26.493600000000004,105.06999999999998,1600.0,2560.0,7440.0,7360.0,1.0,8.0,10.0,24.0,64.0,176.0,368.0,464.0,2.3716000000000004,8.9936,15.369200000000005,27.22720000000001,0.0,-16.88,-6.619999999999998,-47.07999999999999,0.0,256.0,214.0,776.0,0.0,0.0,0.0,0.0,0.0,42.0,34.0,134.0,0.0,6.480000000000003,5.420000000000001,19.28,165.88509999999997,308.0251666666665,444.2130666666665,584.4591999999999,795.0,1414.6666666666667,2172.6666666666665,2740.0,20.33333333333333,41.0,58.66666666666666,76.33333333333333,100.33333333333331,245.3333333333333,344.0,398.0,9.619633333333333,21.05876666666667,30.46133333333334,37.92096666666667,11.8336,8.771999999999998,20.605599999999995,17.543999999999997,64.0,48.0,112.0,96.0,1.0,1.0,2.0,2.0,1.0,3.0,4.0,6.0,0.5328999999999998,0.5621,1.095,1.1242,28.09,59.88999999999999,87.98,119.78,0.0,0.8900000000000002,0.8900000000000002,1.7800000000000005,0.0,2.0,2.0,4.0,0.0,0.0,0.0,0.0,0.0,-2.0,-2.0,-4.0,0.0,-0.04,-0.04,-0.08,0.0,-6.000000000000001,-6.000000000000001,-12.000000000000002,11.8336,16.34,17.543999999999997,38.14959999999999,64.0,56.0,96.0,208.0,1.0,2.0,2.0,4.0,4.0,8.0,12.0,22.0,0.5328999999999998,0.8322000000000002,1.1242,2.2192000000000003,28.09,83.77768300000001,119.78,207.76,0.0,2.1299999999999994,1.7800000000000005,2.6700000000000004,0.0,9.0,4.0,6.0,0.0,0.0,0.0,0.0,0.0,0.0,-2.0,-3.0,0.0,0.3199999999999999,-0.08,-0.1200000000000001,0.0,-5.207110000000001,-12.000000000000002,-18.000000000000004,2235.84,1.51663,0.0,0.0,0.0,188.208,841.777,555.03,0.0,0.0,0.0,99.8975,0.04468,0.02946,0.0,0.0,0.0,600.324,0.2685,0.177037,7.31796,3.25682,7.19142
DB1-Uio66Zr-BDC_A-irmof7_A_No29,0.015,78.07962,486.6785999999997,920.8192000000006,4251.559199999997,4714.176000000003,12084.0,33088.0,72384.0,91776.0,54.0,152.0,432.0,672.0,632.0,2336.0,4812.0,6360.0,38.94480000000001,137.06480000000013,306.56640000000027,470.5872000000002,1.7689,36.60160000000001,26.493600000000004,105.06999999999998,1600.0,2560.0,7440.0,7360.0,1.0,8.0,10.0,24.0,64.0,176.0,368.0,464.0,2.3716000000000004,8.9936,15.369200000000005,27.22720000000001,0.0,-16.88,-6.619999999999998,-47.07999999999999,0.0,256.0,214.0,776.0,0.0,0.0,0.0,0.0,0.0,42.0,34.0,134.0,0.0,6.480000000000003,5.420000000000001,19.28,130.05689999999998,245.4885,384.2304,444.7153333333333,585.0,1104.0,1614.0,1656.3333333333333,18.0,36.333333333333336,56.0,67.66666666666667,92.33333333333331,223.0,304.0,322.6666666666667,8.1522,18.21563333333334,26.26,29.232099999999992,11.8336,8.771999999999998,20.605599999999995,17.543999999999997,64.0,48.0,112.0,96.0,1.0,1.0,2.0,2.0,1.0,3.0,4.0,6.0,0.5328999999999998,0.5621,1.095,1.1242,28.09,59.88999999999999,87.98,119.78,0.0,0.8900000000000002,0.8900000000000002,1.7800000000000005,0.0,2.0,2.0,4.0,0.0,0.0,0.0,0.0,0.0,-2.0,-2.0,-4.0,0.0,-0.04,-0.04,-0.08,0.0,-6.000000000000001,-6.000000000000001,-12.000000000000002,0.0,0.0,0.0,0.0,0.0,0.0,0.0,0.0,0.0,0.0,0.0,0.0,0.0,0.0,0.0,0.0,0.0,0.0,0.0,0.0,0.0,0.0,0.0,0.0,0.0,0.0,0.0,0.0,0.0,0.0,0.0,0.0,0.0,0.0,0.0,0.0,0.0,0.0,0.0,0.0,0.0,0.0,0.0,0.0,0.0,0.0,0.0,0.0,2235.84,1.2939,263.63,1179.11,911.282,0.0,0.0,0.0,142.557,0.06376,0.0492774,0.0,0.0,0.0,744.536,0.333,0.257362,0.0,0.0,0.0,7.81057,3.85252,7.79486
DB1-Uio66Zr-BDC_A-irmof7_A_No29,0.15,102.930345,486.6785999999997,920.8192000000006,4251.559199999997,4714.176000000003,12084.0,33088.0,72384.0,91776.0,54.0,152.0,432.0,672.0,632.0,2336.0,4812.0,6360.0,38.94480000000001,137.06480000000013,306.56640000000027,470.5872000000002,1.7689,36.60160000000001,26.493600000000004,105.06999999999998,1600.0,2560.0,7440.0,7360.0,1.0,8.0,10.0,24.0,64.0,176.0,368.0,464.0,2.3716000000000004,8.9936,15.369200000000005,27.22720000000001,0.0,-16.88,-6.619999999999998,-47.07999999999999,0.0,256.0,214.0,776.0,0.0,0.0,0.0,0.0,0.0,42.0,34.0,134.0,0.0,6.480000000000003,5.420000000000001,19.28,130.05689999999998,245.4885,384.2304,444.7153333333333,585.0,1104.0,1614.0,1656.3333333333333,18.0,36.333333333333336,56.0,67.66666666666667,92.33333333333331,223.0,304.0,322.6666666666667,8.1522,18.21563333333334,26.26,29.232099999999992,11.8336,8.771999999999998,20.605599999999995,17.543999999999997,64.0,48.0,112.0,96.0,1.0,1.0,2.0,2.0,1.0,3.0,4.0,6.0,0.5328999999999998,0.5621,1.095,1.1242,28.09,59.88999999999999,87.98,119.78,0.0,0.8900000000000002,0.8900000000000002,1.7800000000000005,0.0,2.0,2.0,4.0,0.0,0.0,0.0,0.0,0.0,-2.0,-2.0,-4.0,0.0,-0.04,-0.04,-0.08,0.0,-6.000000000000001,-6.000000000000001,-12.000000000000002,0.0,0.0,0.0,0.0,0.0,0.0,0.0,0.0,0.0,0.0,0.0,0.0,0.0,0.0,0.0,0.0,0.0,0.0,0.0,0.0,0.0,0.0,0.0,0.0,0.0,0.0,0.0,0.0,0.0,0.0,0.0,0.0,0.0,0.0,0.0,0.0,0.0,0.0,0.0,0.0,0.0,0.0,0.0,0.0,0.0,0.0,0.0,0.0,2235.84,1.2939,263.63,1179.11,911.282,0.0,0.0,0.0,142.557,0.06376,0.0492774,0.0,0.0,0.0,744.536,0.333,0.257362,0.0,0.0,0.0,7.81057,3.85252,7.79486
DB1-Uio66Zr-irmof6_A-irmof7_A_No122,0.015,293.83607,486.6785999999997,920.8192,4251.559199999997,4714.176000000001,12084.0,33088.0,72384.0,91776.0,54.0,152.0,432.0,672.0,632.0,2336.0,4812.0,6360.0,38.94480000000003,137.06480000000005,306.5664,470.58720000000017,1.7689,36.60160000000001,26.493600000000004,105.06999999999996,1600.0,2560.0,7440.0,7360.0,1.0,8.0,10.0,24.0,64.0,176.0,368.0,464.0,2.3716000000000004,8.9936,15.369200000000005,27.22720000000001,0.0,-16.88,-6.619999999999998,-47.07999999999999,0.0,256.0,214.0,776.0,0.0,0.0,0.0,0.0,0.0,42.0,34.0,134.0,0.0,6.480000000000003,5.420000000000001,19.280000000000005,168.3434333333333,337.9046666666666,529.4210666666667,636.6003666666668,1125.3333333333333,1574.6666666666667,2398.6666666666665,3281.6666666666665,23.666666666666668,49.333333333333336,78.66666666666667,95.33333333333331,131.33333333333334,332.3333333333333,457.3333333333333,536.0,10.632866666666668,24.575266666666675,36.41093333333334,43.89503333333335,11.8336,8.771999999999998,20.605599999999995,17.543999999999997,64.0,48.0,112.0,96.0,1.0,1.0,2.0,2.0,1.0,3.0,4.0,6.0,0.5328999999999998,0.5621,1.095,1.1242,28.09,59.88999999999999,87.98,119.78,0.0,0.8900000000000002,0.8900000000000002,1.7800000000000005,0.0,2.0,2.0,4.0,0.0,0.0,0.0,0.0,0.0,-2.0,-2.0,-4.0,0.0,-0.04,-0.04,-0.08,0.0,-6.000000000000001,-6.000000000000001,-12.000000000000002,9.1616,18.86466666666667,15.436,32.3156,245.0,81.66666666666667,140.0,455.0,1.0,2.6666666666666665,2.0,4.0,7.666666666666667,13.0,16.0,31.666666666666668,0.68535,1.09005,1.2551,2.568,119.13333333333333,164.82102333333333,218.46666666666667,446.8333333333333,0.0,1.8766666666666667,0.9533333333333336,1.4300000000000006,0.0,15.666666666666666,11.333333333333334,17.0,0.0,0.0,0.0,0.0,0.0,3.0,-0.6666666666666666,-1.0,0.0,0.6783333333333333,0.0899999999999999,0.1349999999999999,0.0,3.1881500000000003,-3.2666666666666675,-4.900000000000001,2283.85,1.56486,0.0,0.0,0.0,151.959,665.364,425.19,0.0,0.0,0.0,65.5921,0.02872,0.0183531,0.0,0.0,0.0,499.021,0.2185,0.139629,6.35607,2.10665,6.35607
DB1-Uio66Zr-irmof6_A-irmof7_A_No122,0.15,233.159315,486.6785999999997,920.8192,4251.559199999997,4714.176000000001,12084.0,33088.0,72384.0,91776.0,54.0,152.0,432.0,672.0,632.0,2336.0,4812.0,6360.0,38.94480000000003,137.06480000000005,306.5664,470.58720000000017,1.7689,36.60160000000001,26.493600000000004,105.06999999999996,1600.0,2560.0,7440.0,7360.0,1.0,8.0,10.0,24.0,64.0,176.0,368.0,464.0,2.3716000000000004,8.9936,15.369200000000005,27.22720000000001,0.0,-16.88,-6.619999999999998,-47.07999999999999,0.0,256.0,214.0,776.0,0.0,0.0,0.0,0.0,0.0,42.0,34.0,134.0,0.0,6.480000000000003,5.420000000000001,19.280000000000005,168.3434333333333,337.9046666666666,529.4210666666667,636.6003666666668,1125.3333333333333,1574.6666666666667,2398.6666666666665,3281.6666666666665,23.666666666666668,49.333333333333336,78.66666666666667,95.33333333333331,131.33333333333334,332.3333333333333,457.3333333333333,536.0,10.632866666666668,24.575266666666675,36.41093333333334,43.89503333333335,11.8336,8.771999999999998,20.605599999999995,17.543999999999997,64.0,48.0,112.0,96.0,1.0,1.0,2.0,2.0,1.0,3.0,4.0,6.0,0.5328999999999998,0.5621,1.095,1.1242,28.09,59.88999999999999,87.98,119.78,0.0,0.8900000000000002,0.8900000000000002,1.7800000000000005,0.0,2.0,2.0,4.0,0.0,0.0,0.0,0.0,0.0,-2.0,-2.0,-4.0,0.0,-0.04,-0.04,-0.08,0.0,-6.000000000000001,-6.000000000000001,-12.000000000000002,9.1616,18.86466666666667,15.436,32.3156,245.0,81.66666666666667,140.0,455.0,1.0,2.6666666666666665,2.0,4.0,7.666666666666667,13.0,16.0,31.666666666666668,0.68535,1.09005,1.2551,2.568,119.13333333333333,164.82102333333333,218.46666666666667,446.8333333333333,0.0,1.8766666666666667,0.9533333333333336,1.4300000000000006,0.0,15.666666666666666,11.333333333333334,17.0,0.0,0.0,0.0,0.0,0.0,3.0,-0.6666666666666666,-1.0,0.0,0.6783333333333333,0.0899999999999999,0.1349999999999999,0.0,3.1881500000000003,-3.2666666666666675,-4.900000000000001,2283.85,1.56486,0.0,0.0,0.0,151.959,665.364,425.19,0.0,0.0,0.0,65.5921,0.02872,0.0183531,0.0,0.0,0.0,499.021,0.2185,0.139629,6.35607,2.10665,6.35607
DB1-Uio66Zr-irmof12_A-irmof14_A_No7,0.015,7.171665,486.6785999999998,920.8191999999998,4251.559199999998,4714.176000000001,12084.0,33088.0,72384.0,91776.0,54.0,152.0,432.0,672.0,632.0,2336.0,4812.0,6360.0,38.94480000000002,137.0648000000001,306.5664000000001,470.5872000000002,1.7689,36.60160000000001,26.493600000000004,105.06999999999998,1600.0,2560.0,7440.0,7360.0,1.0,8.0,10.0,24.0,64.0,176.0,368.0,464.0,2.3716000000000004,8.9936,15.369200000000005,27.22720000000001,0.0,-16.88,-6.619999999999998,-47.07999999999999,0.0,256.0,214.0,776.0,0.0,0.0,0.0,0.0,0.0,42.0,34.0,134.0,0.0,6.480000000000003,5.420000000000001,19.28,222.6631333333333,473.705,826.7850666666664,1089.8644000000002,1107.3333333333333,2160.0,3478.6666666666665,4262.0,33.333333333333336,72.66666666666667,128.0,174.0,200.66666666666663,526.6666666666666,820.0,988.6666666666666,14.917466666666671,36.49286666666668,59.67520000000001,75.35153333333335,11.8336,8.771999999999998,20.605599999999995,17.543999999999997,64.0,48.0,112.0,96.0,1.0,1.0,2.0,2.0,1.0,3.0,4.0,6.0,0.5328999999999998,0.5621,1.095,1.1242,28.09,59.88999999999999,87.98,119.78,0.0,0.8900000000000002,0.8900000000000002,1.7800000000000005,0.0,2.0,2.0,4.0,0.0,0.0,0.0,0.0,0.0,-2.0,-2.0,-4.0,0.0,-0.04,-0.04,-0.08,0.0,-6.000000000000001,-6.000000000000001,-12.000000000000002,1.664266666666667,1.343,2.686,5.693266666666666,48.16666666666666,17.0,34.0,99.16666666666669,0.1666666666666666,0.1666666666666666,0.3333333333333333,0.6666666666666666,0.1666666666666666,0.5,1.0,1.6666666666666667,0.16335,0.12705,0.2541,0.5444999999999999,35.526666666666664,27.49666666666667,54.99333333333334,118.01666666666668,0.0,0.1016666666666667,0.2033333333333334,0.3050000000000001,0.0,1.8333333333333333,3.6666666666666665,5.5,0.0,0.0,0.0,0.0,0.0,-0.3333333333333333,-0.6666666666666666,-1.0,0.0,0.0366666666666666,0.0733333333333333,0.1099999999999999,0.0,0.5499999999999998,1.0999999999999996,1.6499999999999997,4847.21,0.879343,757.095,1561.92,1776.23,0.109359,0.225612,0.256569,605.708,0.12496,0.142106,0.0,0.0,0.0,1955.85,0.4035,0.458865,0.0,0.0,0.0,8.99832,4.02347,8.62703
DB1-Uio66Zr-irmof12_A-irmof14_A_No7,0.15,55.702785,486.6785999999998,920.8191999999998,4251.559199999998,4714.176000000001,12084.0,33088.0,72384.0,91776.0,54.0,152.0,432.0,672.0,632.0,2336.0,4812.0,6360.0,38.94480000000002,137.0648000000001,306.5664000000001,470.5872000000002,1.7689,36.60160000000001,26.493600000000004,105.06999999999998,1600.0,2560.0,7440.0,7360.0,1.0,8.0,10.0,24.0,64.0,176.0,368.0,464.0,2.3716000000000004,8.9936,15.369200000000005,27.22720000000001,0.0,-16.88,-6.619999999999998,-47.07999999999999,0.0,256.0,214.0,776.0,0.0,0.0,0.0,0.0,0.0,42.0,34.0,134.0,0.0,6.480000000000003,5.420000000000001,19.28,222.6631333333333,473.705,826.7850666666664,1089.8644000000002,1107.3333333333333,2160.0,3478.6666666666665,4262.0,33.333333333333336,72.66666666666667,128.0,174.0,200.66666666666663,526.6666666666666,820.0,988.6666666666666,14.917466666666671,36.49286666666668,59.67520000000001,75.35153333333335,11.8336,8.771999999999998,20.605599999999995,17.543999999999997,64.0,48.0,112.0,96.0,1.0,1.0,2.0,2.0,1.0,3.0,4.0,6.0,0.5328999999999998,0.5621,1.095,1.1242,28.09,59.88999999999999,87.98,119.78,0.0,0.8900000000000002,0.8900000000000002,1.7800000000000005,0.0,2.0,2.0,4.0,0.0,0.0,0.0,0.0,0.0,-2.0,-2.0,-4.0,0.0,-0.04,-0.04,-0.08,0.0,-6.000000000000001,-6.000000000000001,-12.000000000000002,1.664266666666667,1.343,2.686,5.693266666666666,48.16666666666666,17.0,34.0,99.16666666666669,0.1666666666666666,0.1666666666666666,0.3333333333333333,0.6666666666666666,0.1666666666666666,0.5,1.0,1.6666666666666667,0.16335,0.12705,0.2541,0.5444999999999999,35.526666666666664,27.49666666666667,54.99333333333334,118.01666666666668,0.0,0.1016666666666667,0.2033333333333334,0.3050000000000001,0.0,1.8333333333333333,3.6666666666666665,5.5,0.0,0.0,0.0,0.0,0.0,-0.3333333333333333,-0.6666666666666666,-1.0,0.0,0.0366666666666666,0.0733333333333333,0.1099999999999999,0.0,0.5499999999999998,1.0999999999999996,1.6499999999999997,4847.21,0.879343,757.095,1561.92,1776.23,0.109359,0.225612,0.256569,605.708,0.12496,0.142106,0.0,0.0,0.0,1955.85,0.4035,0.458865,0.0,0.0,0.0,8.99832,4.02347,8.62703
DB1-Uio66Zr-BDC_A-irmof6_A_No392,0.015,384.480505,486.6785999999997,920.8192000000006,4251.559199999997,4714.176000000003,12084.0,33088.0,72384.0,91776.0,54.0,152.0,432.0,672.0,632.0,2336.0,4812.0,6360.0,38.94480000000001,137.06480000000013,306.56640000000027,470.5872000000002,1.7689,36.60160000000001,26.493600000000004,105.06999999999998,1600.0,2560.0,7440.0,7360.0,1.0,8.0,10.0,24.0,64.0,176.0,368.0,464.0,2.3716000000000004,8.9936,15.369200000000005,27.22720000000001,0.0,-16.88,-6.619999999999998,-47.07999999999999,0.0,256.0,214.0,776.0,0.0,0.0,0.0,0.0,0.0,42.0,34.0,134.0,0.0,6.480000000000003,5.420000000000001,19.28,221.4520666666666,394.8681666666666,603.1977333333332,723.1831666666667,1159.6666666666667,2066.6666666666665,3113.333333333333,3752.6666666666665,24.33333333333333,49.0,75.33333333333333,92.33333333333331,125.0,302.6666666666667,424.6666666666667,538.6666666666666,12.9259,27.071033333333336,40.5094,50.35963333333336,11.8336,8.771999999999998,20.605599999999995,17.543999999999997,64.0,48.0,112.0,96.0,1.0,1.0,2.0,2.0,1.0,3.0,4.0,6.0,0.5328999999999998,0.5621,1.095,1.1242,28.09,59.88999999999999,87.98,119.78,0.0,0.8900000000000002,0.8900000000000002,1.7800000000000005,0.0,2.0,2.0,4.0,0.0,0.0,0.0,0.0,0.0,-2.0,-2.0,-4.0,0.0,-0.04,-0.04,-0.08,0.0,-6.000000000000001,-6.000000000000001,-12.000000000000002,9.141333333333334,13.772888888888891,15.754222222222216,18.773777777777774,49.16666666666666,73.8888888888889,85.55555555555556,101.94444444444444,0.8333333333333334,1.388888888888889,1.6666666666666667,2.222222222222222,3.055555555555556,5.833333333333333,7.222222222222221,13.333333333333334,0.4523055555555554,0.7687499999999998,0.9291666666666666,1.2620555555555557,30.81666666666666,66.80555555555556,95.33333333333336,151.4388888888889,0.0,0.1361111111111111,0.7666666666666669,1.3972222222222224,0.0,0.2777777777777777,1.6666666666666667,3.055555555555556,0.0,0.0,0.0,0.0,0.0,0.0,-1.111111111111111,-2.222222222222222,0.0,-0.0055555555555555,-0.0333333333333333,-0.0611111111111111,0.0,-1.0833333333333337,-5.5,-9.916666666666666,2235.84,1.94443,0.0,0.0,0.0,135.531,606.176,311.749,0.0,0.0,0.0,74.7219,0.03342,0.0171875,0.0,0.0,0.0,467.291,0.209,0.107486,7.31796,1.14413,7.31796
DB1-Uio66Zr-BDC_A-irmof6_A_No392,0.15,236.524435,486.6785999999997,920.8192000000006,4251.559199999997,4714.176000000003,12084.0,33088.0,72384.0,91776.0,54.0,152.0,432.0,672.0,632.0,2336.0,4812.0,6360.0,38.94480000000001,137.06480000000013,306.56640000000027,470.5872000000002,1.7689,36.60160000000001,26.493600000000004,105.06999999999998,1600.0,2560.0,7440.0,7360.0,1.0,8.0,10.0,24.0,64.0,176.0,368.0,464.0,2.3716000000000004,8.9936,15.369200000000005,27.22720000000001,0.0,-16.88,-6.619999999999998,-47.07999999999999,0.0,256.0,214.0,776.0,0.0,0.0,0.0,0.0,0.0,42.0,34.0,134.0,0.0,6.480000000000003,5.420000000000001,19.28,221.4520666666666,394.8681666666666,603.1977333333332,723.1831666666667,1159.6666666666667,2066.6666666666665,3113.333333333333,3752.6666666666665,24.33333333333333,49.0,75.33333333333333,92.33333333333331,125.0,302.6666666666667,424.6666666666667,538.6666666666666,12.9259,27.071033333333336,40.5094,50.35963333333336,11.8336,8.771999999999998,20.605599999999995,17.543999999999997,64.0,48.0,112.0,96.0,1.0,1.0,2.0,2.0,1.0,3.0,4.0,6.0,0.5328999999999998,0.5621,1.095,1.1242,28.09,59.88999999999999,87.98,119.78,0.0,0.8900000000000002,0.8900000000000002,1.7800000000000005,0.0,2.0,2.0,4.0,0.0,0.0,0.0,0.0,0.0,-2.0,-2.0,-4.0,0.0,-0.04,-0.04,-0.08,0.0,-6.000000000000001,-6.000000000000001,-12.000000000000002,9.141333333333334,13.772888888888891,15.754222222222216,18.773777777777774,49.16666666666666,73.8888888888889,85.55555555555556,101.94444444444444,0.8333333333333334,1.388888888888889,1.6666666666666667,2.222222222222222,3.055555555555556,5.833333333333333,7.222222222222221,13.333333333333334,0.4523055555555554,0.7687499999999998,0.9291666666666666,1.2620555555555557,30.81666666666666,66.80555555555556,95.33333333333336,151.4388888888889,0.0,0.1361111111111111,0.7666666666666669,1.3972222222222224,0.0,0.2777777777777777,1.6666666666666667,3.055555555555556,0.0,0.0,0.0,0.0,0.0,0.0,-1.111111111111111,-2.222222222222222,0.0,-0.0055555555555555,-0.0333333333333333,-0.0611111111111111,0.0,-1.0833333333333337,-5.5,-9.916666666666666,2235.84,1.94443,0.0,0.0,0.0,135.531,606.176,311.749,0.0,0.0,0.0,74.7219,0.03342,0.0171875,0.0,0.0,0.0,467.291,0.209,0.107486,7.31796,1.14413,7.31796
DB1-Uio66Zr-BDC_A-irmof6_A_No174,0.015,343.041605,252.98754999999983,472.5528000000003,2128.2785999999983,2357.0880000000016,6096.5,16616.0,36210.0,45888.0,28.5,78.0,217.0,336.0,319.0,1172.0,2407.0,3180.0,20.919750000000004,70.06540000000007,154.30730000000014,235.2936000000001,1.6534000000000002,31.854400000000016,23.065800000000003,90.774,1372.7142857142858,2197.714285714286,6379.714285714285,6313.714285714285,1.0,7.0,8.714285714285714,20.857142857142858,55.0,151.14285714285714,315.85714285714283,398.57142857142856,2.2855000000000003,7.847500000000001,13.319900000000004,23.630200000000013,0.0,-14.819999999999997,-5.898571428571428,-40.802857142857135,0.0,218.7142857142857,183.0,664.2857142857143,0.0,0.0,0.0,0.0,0.0,35.857142857142854,28.857142857142858,114.28571428571428,0.0,5.640000000000002,4.725714285714287,16.685714285714287,140.81283333333332,246.71249999999995,391.4450666666666,477.1553333333332,1530.8333333333333,1702.0,2820.6666666666665,4421.333333333333,16.666666666666668,33.666666666666664,51.333333333333336,61.66666666666666,85.66666666666667,208.66666666666663,278.0,277.0,10.542333333333334,20.3203,30.8566,38.8723,11.8336,8.771999999999998,20.430651428571423,18.477714285714285,64.0,48.0,111.08571428571427,99.2,1.0,1.0,2.0,2.1142857142857143,1.0,3.0,4.114285714285715,6.228571428571429,0.5328999999999998,0.5621,1.096668571428571,1.171754285714286,28.09,59.88999999999999,89.79714285714286,124.56729617142857,0.0,0.8900000000000003,0.9408571428571432,1.9017142857142864,0.0,2.0,2.1142857142857143,4.514285714285714,0.0,0.0,0.0,0.0,0.0,-2.0,-2.1142857142857143,-4.114285714285715,0.0,-0.04,-0.0422857142857143,-0.0617142857142857,0.0,-6.000000000000001,-6.342857142857143,-12.297549142857145,7.13257142857143,5.755714285714285,11.51142857142857,24.399714285714285,206.42857142857144,72.85714285714286,145.71428571428572,425.0,0.7142857142857143,0.7142857142857143,1.4285714285714286,2.857142857142857,0.7142857142857143,2.142857142857143,4.285714285714286,7.142857142857143,0.7000714285714286,0.5445,1.089,2.333571428571428,152.25714285714284,117.84285714285716,235.6857142857143,505.7857142857143,0.0,0.4357142857142859,0.8714285714285719,1.307142857142858,0.0,7.857142857142857,15.714285714285714,23.571428571428573,0.0,0.0,0.0,0.0,0.0,-1.4285714285714286,-2.857142857142857,-4.285714285714286,0.0,0.1571428571428571,0.3142857142857142,0.4714285714285714,0.0,2.3571428571428563,4.714285714285713,7.071428571428569,2235.84,1.78315,0.0,0.0,0.0,162.308,725.938,407.11,0.0,0.0,0.0,81.5188,0.03646,0.020447,0.0,0.0,0.0,525.423,0.235,0.131789,7.31796,2.70139,7.31339
DB1-Uio66Zr-BDC_A-irmof6_A_No174,0.15,261.63879,252.98754999999983,472.5528000000003,2128.2785999999983,2357.0880000000016,6096.5,16616.0,36210.0,45888.0,28.5,78.0,217.0,336.0,319.0,1172.0,2407.0,3180.0,20.919750000000004,70.06540000000007,154.30730000000014,235.2936000000001,1.6534000000000002,31.854400000000016,23.065800000000003,90.774,1372.7142857142858,2197.714285714286,6379.714285714285,6313.714285714285,1.0,7.0,8.714285714285714,20.857142857142858,55.0,151.14285714285714,315.85714285714283,398.57142857142856,2.2855000000000003,7.847500000000001,13.319900000000004,23.630200000000013,0.0,-14.819999999999997,-5.898571428571428,-40.802857142857135,0.0,218.7142857142857,183.0,664.2857142857143,0.0,0.0,0.0,0.0,0.0,35.857142857142854,28.857142857142858,114.28571428571428,0.0,5.640000000000002,4.725714285714287,16.685714285714287,140.81283333333332,246.71249999999995,391.4450666666666,477.1553333333332,1530.8333333333333,1702.0,2820.6666666666665,4421.333333333333,16.666666666666668,33.666666666666664,51.333333333333336,61.66666666666666,85.66666666666667,208.66666666666663,278.0,277.0,10.542333333333334,20.3203,30.8566,38.8723,11.8336,8.771999999999998,20.430651428571423,18.477714285714285,64.0,48.0,111.08571428571427,99.2,1.0,1.0,2.0,2.1142857142857143,1.0,3.0,4.114285714285715,6.228571428571429,0.5328999999999998,0.5621,1.096668571428571,1.171754285714286,28.09,59.88999999999999,89.79714285714286,124.56729617142857,0.0,0.8900000000000003,0.9408571428571432,1.9017142857142864,0.0,2.0,2.1142857142857143,4.514285714285714,0.0,0.0,0.0,0.0,0.0,-2.0,-2.1142857142857143,-4.114285714285715,0.0,-0.04,-0.0422857142857143,-0.0617142857142857,0.0,-6.000000000000001,-6.342857142857143,-12.297549142857145,7.13257142857143,5.755714285714285,11.51142857142857,24.399714285714285,206.42857142857144,72.85714285714286,145.71428571428572,425.0,0.7142857142857143,0.7142857142857143,1.4285714285714286,2.857142857142857,0.7142857142857143,2.142857142857143,4.285714285714286,7.142857142857143,0.7000714285714286,0.5445,1.089,2.333571428571428,152.25714285714284,117.84285714285716,235.6857142857143,505.7857142857143,0.0,0.4357142857142859,0.8714285714285719,1.307142857142858,0.0,7.857142857142857,15.714285714285714,23.571428571428573,0.0,0.0,0.0,0.0,0.0,-1.4285714285714286,-2.857142857142857,-4.285714285714286,0.0,0.1571428571428571,0.3142857142857142,0.4714285714285714,0.0,2.3571428571428563,4.714285714285713,7.071428571428569,2235.84,1.78315,0.0,0.0,0.0,162.308,725.938,407.11,0.0,0.0,0.0,81.5188,0.03646,0.020447,0.0,0.0,0.0,525.423,0.235,0.131789,7.31796,2.70139,7.31339
DB1-Uio66Zr-BDC_A-irmof6_A_No349,0.015,103.745025,486.6785999999997,920.8192000000006,4251.559199999997,4714.176000000003,12084.0,33088.0,72384.0,91776.0,54.0,152.0,432.0,672.0,632.0,2336.0,4812.0,6360.0,38.94480000000001,137.06480000000013,306.56640000000027,470.5872000000002,1.7689,36.60160000000001,26.493600000000004,105.06999999999998,1600.0,2560.0,7440.0,7360.0,1.0,8.0,10.0,24.0,64.0,176.0,368.0,464.0,2.3716000000000004,8.9936,15.369200000000005,27.22720000000001,0.0,-16.88,-6.619999999999998,-47.07999999999999,0.0,256.0,214.0,776.0,0.0,0.0,0.0,0.0,0.0,42.0,34.0,134.0,0.0,6.480000000000003,5.420000000000001,19.28,135.9451,256.8338333333333,393.86773333333326,464.7732,698.0,1195.3333333333333,1782.3333333333333,2015.0,18.33333333333333,37.0,56.333333333333336,68.33333333333333,94.0,228.66666666666663,309.6666666666667,330.3333333333333,8.529566666666666,18.776166666666672,27.096166666666672,31.02456666666666,11.8336,8.771999999999998,20.605599999999995,17.543999999999997,64.0,48.0,112.0,96.0,1.0,1.0,2.0,2.0,1.0,3.0,4.0,6.0,0.5328999999999998,0.5621,1.095,1.1242,28.09,59.88999999999999,87.98,119.78,0.0,0.8900000000000002,0.8900000000000002,1.7800000000000005,0.0,2.0,2.0,4.0,0.0,0.0,0.0,0.0,0.0,-2.0,-2.0,-4.0,0.0,-0.04,-0.04,-0.08,0.0,-6.000000000000001,-6.000000000000001,-12.000000000000002,9.3656,18.949666666666666,15.606000000000002,30.646600000000007,89.0,63.66666666666666,104.0,210.0,1.0,2.6666666666666665,2.0,4.0,7.666666666666667,13.0,16.0,26.666666666666668,0.6321,1.0708,1.2166,2.2195,81.16000000000001,152.76769000000002,194.36,354.8605116666667,0.0,1.91,1.0200000000000005,2.230000000000001,0.0,12.666666666666666,5.333333333333333,13.0,0.0,0.0,0.0,0.0,0.0,3.0,-0.6666666666666666,0.6666666666666666,0.0,0.6533333333333333,0.0399999999999999,0.3766666666666666,0.0,2.1214833333333334,-5.400000000000001,-5.689258333333335,2235.84,1.36214,0.0,0.0,0.0,212.662,951.149,698.273,0.0,0.0,0.0,106.605,0.04768,0.0350036,0.0,0.0,0.0,636.097,0.2845,0.208862,7.31796,3.52783,7.30984
DB1-Uio66Zr-BDC_A-irmof6_A_No349,0.15,139.26082,486.6785999999997,920.8192000000006,4251.559199999997,4714.176000000003,12084.0,33088.0,72384.0,91776.0,54.0,152.0,432.0,672.0,632.0,2336.0,4812.0,6360.0,38.94480000000001,137.06480000000013,306.56640000000027,470.5872000000002,1.7689,36.60160000000001,26.493600000000004,105.06999999999998,1600.0,2560.0,7440.0,7360.0,1.0,8.0,10.0,24.0,64.0,176.0,368.0,464.0,2.3716000000000004,8.9936,15.369200000000005,27.22720000000001,0.0,-16.88,-6.619999999999998,-47.07999999999999,0.0,256.0,214.0,776.0,0.0,0.0,0.0,0.0,0.0,42.0,34.0,134.0,0.0,6.480000000000003,5.420000000000001,19.28,135.9451,256.8338333333333,393.86773333333326,464.7732,698.0,1195.3333333333333,1782.3333333333333,2015.0,18.33333333333333,37.0,56.333333333333336,68.33333333333333,94.0,228.66666666666663,309.6666666666667,330.3333333333333,8.529566666666666,18.776166666666672,27.096166666666672,31.02456666666666,11.8336,8.771999999999998,20.605599999999995,17.543999999999997,64.0,48.0,112.0,96.0,1.0,1.0,2.0,2.0,1.0,3.0,4.0,6.0,0.5328999999999998,0.5621,1.095,1.1242,28.09,59.88999999999999,87.98,119.78,0.0,0.8900000000000002,0.8900000000000002,1.7800000000000005,0.0,2.0,2.0,4.0,0.0,0.0,0.0,0.0,0.0,-2.0,-2.0,-4.0,0.0,-0.04,-0.04,-0.08,0.0,-6.000000000000001,-6.000000000000001,-12.000000000000002,9.3656,18.949666666666666,15.606000000000002,30.646600000000007,89.0,63.66666666666666,104.0,210.0,1.0,2.6666666666666665,2.0,4.0,7.666666666666667,13.0,16.0,26.666666666666668,0.6321,1.0708,1.2166,2.2195,81.16000000000001,152.76769000000002,194.36,354.8605116666667,0.0,1.91,1.0200000000000005,2.230000000000001,0.0,12.666666666666666,5.333333333333333,13.0,0.0,0.0,0.0,0.0,0.0,3.0,-0.6666666666666666,0.6666666666666666,0.0,0.6533333333333333,0.0399999999999999,0.3766666666666666,0.0,2.1214833333333334,-5.400000000000001,-5.689258333333335,2235.84,1.36214,0.0,0.0,0.0,212.662,951.149,698.273,0.0,0.0,0.0,106.605,0.04768,0.0350036,0.0,0.0,0.0,636.097,0.2845,0.208862,7.31796,3.52783,7.30984
DB1-Uio66Zr-irmof10_A-irmof14_A_No527,0.015,15.784365,486.6785999999998,920.8191999999996,4251.559200000001,4714.176000000001,12084.0,33088.0,72384.0,91776.0,54.0,152.0,432.0,672.0,632.0,2336.0,4812.0,6360.0,38.94480000000004,137.06480000000013,306.56640000000016,470.5872000000002,1.7689,36.60160000000001,26.493600000000004,105.06999999999998,1600.0,2560.0,7440.0,7360.0,1.0,8.0,10.0,24.0,64.0,176.0,368.0,464.0,2.3716000000000004,8.9936,15.369200000000005,27.22720000000001,0.0,-16.88,-6.619999999999998,-47.07999999999999,0.0,256.0,214.0,776.0,0.0,0.0,0.0,0.0,0.0,42.0,34.0,134.0,0.0,6.480000000000003,5.420000000000001,19.28,262.4747333333333,508.8546666666666,858.7563999999998,1028.0036666666667,1564.0,3302.6666666666665,4297.333333333333,4734.0,35.333333333333336,73.33333333333333,119.33333333333331,152.0,192.66666666666663,478.0,690.0,842.0,16.898966666666666,39.59293333333334,59.886,72.17333333333336,11.8336,8.771999999999998,20.605599999999995,17.543999999999997,64.0,48.0,112.0,96.0,1.0,1.0,2.0,2.0,1.0,3.0,4.0,6.0,0.5328999999999998,0.5621,1.095,1.1242,28.09,59.88999999999999,87.98,119.78,0.0,0.8900000000000002,0.8900000000000002,1.7800000000000005,0.0,2.0,2.0,4.0,0.0,0.0,0.0,0.0,0.0,-2.0,-2.0,-4.0,0.0,-0.04,-0.04,-0.08,0.0,-6.000000000000001,-6.000000000000001,-12.000000000000002,8.782749999999998,14.041291666666666,24.19825,19.41270833333333,93.33333333333331,181.66666666666663,153.33333333333334,126.66666666666669,0.8333333333333334,1.6666666666666667,2.5,2.5,4.583333333333333,9.583333333333334,10.416666666666666,13.75,0.5498124999999998,1.1506458333333334,1.4233125000000004,1.3846666666666667,95.96458333333334,179.1724339583333,182.1016529166666,240.04443750000004,0.0,0.2645833333333333,0.6479166666666669,1.7270833333333335,0.0,3.5416666666666665,8.541666666666666,14.791666666666666,0.0,0.0,0.0,0.0,0.0,0.4166666666666667,0.0,-0.8333333333333334,0.0,0.1270833333333333,0.2145833333333332,0.3916666666666665,0.0,1.852685416666668,2.7276854166666653,0.995556249999998,4791.32,1.04853,850.978,1776.08,1693.88,0.0,0.0,0.0,805.804,0.16818,0.160396,0.0,0.0,0.0,2326.18,0.4855,0.463028,0.0,0.0,0.0,10.06126,6.00548,10.05914
DB1-Uio66Zr-irmof10_A-irmof14_A_No527,0.15,77.593075,486.6785999999998,920.8191999999996,4251.559200000001,4714.176000000001,12084.0,33088.0,72384.0,91776.0,54.0,152.0,432.0,672.0,632.0,2336.0,4812.0,6360.0,38.94480000000004,137.06480000000013,306.56640000000016,470.5872000000002,1.7689,36.60160000000001,26.493600000000004,105.06999999999998,1600.0,2560.0,7440.0,7360.0,1.0,8.0,10.0,24.0,64.0,176.0,368.0,464.0,2.3716000000000004,8.9936,15.369200000000005,27.22720000000001,0.0,-16.88,-6.619999999999998,-47.07999999999999,0.0,256.0,214.0,776.0,0.0,0.0,0.0,0.0,0.0,42.0,34.0,134.0,0.0,6.480000000000003,5.420000000000001,19.28,262.4747333333333,508.8546666666666,858.7563999999998,1028.0036666666667,1564.0,3302.6666666666665,4297.333333333333,4734.0,35.333333333333336,73.33333333333333,119.33333333333331,152.0,192.66666666666663,478.0,690.0,842.0,16.898966666666666,39.59293333333334,59.886,72.17333333333336,11.8336,8.771999999999998,20.605599999999995,17.543999999999997,64.0,48.0,112.0,96.0,1.0,1.0,2.0,2.0,1.0,3.0,4.0,6.0,0.5328999999999998,0.5621,1.095,1.1242,28.09,59.88999999999999,87.98,119.78,0.0,0.8900000000000002,0.8900000000000002,1.7800000000000005,0.0,2.0,2.0,4.0,0.0,0.0,0.0,0.0,0.0,-2.0,-2.0,-4.0,0.0,-0.04,-0.04,-0.08,0.0,-6.000000000000001,-6.000000000000001,-12.000000000000002,8.782749999999998,14.041291666666666,24.19825,19.41270833333333,93.33333333333331,181.66666666666663,153.33333333333334,126.66666666666669,0.8333333333333334,1.6666666666666667,2.5,2.5,4.583333333333333,9.583333333333334,10.416666666666666,13.75,0.5498124999999998,1.1506458333333334,1.4233125000000004,1.3846666666666667,95.96458333333334,179.1724339583333,182.1016529166666,240.04443750000004,0.0,0.2645833333333333,0.6479166666666669,1.7270833333333335,0.0,3.5416666666666665,8.541666666666666,14.791666666666666,0.0,0.0,0.0,0.0,0.0,0.4166666666666667,0.0,-0.8333333333333334,0.0,0.1270833333333333,0.2145833333333332,0.3916666666666665,0.0,1.852685416666668,2.7276854166666653,0.995556249999998,4791.32,1.04853,850.978,1776.08,1693.88,0.0,0.0,0.0,805.804,0.16818,0.160396,0.0,0.0,0.0,2326.18,0.4855,0.463028,0.0,0.0,0.0,10.06126,6.00548,10.05914
DB1-Uio66Zr-BDC_A-NiC4_No10,0.015,483.66589,486.6785999999997,920.8192000000008,4251.559199999997,4714.176000000003,12084.0,33088.0,72384.0,91776.0,54.0,152.0,432.0,672.0,632.0,2336.0,4812.0,6360.0,38.9448,137.06480000000008,306.56640000000016,470.5872,1.7689,36.60160000000001,26.4936,105.06999999999998,1600.0,2560.0,7440.0,7360.0,1.0,8.0,10.0,24.0,64.0,176.0,368.0,464.0,2.3716000000000004,8.9936,15.369200000000005,27.22720000000001,0.0,-16.88,-6.619999999999998,-47.07999999999999,0.0,256.0,214.0,776.0,0.0,0.0,0.0,0.0,0.0,42.0,34.0,134.0,0.0,6.480000000000003,5.420000000000001,19.28,239.39319999999995,427.13199999999966,631.5011999999998,799.5849999999997,1204.0,2080.0,3264.0,3928.0,28.0,56.0,80.0,106.0,136.0,328.0,464.0,602.0,14.0572,29.8808,43.5088,56.322600000000016,11.8336,8.771999999999998,20.605599999999995,17.543999999999997,64.0,48.0,112.0,96.0,1.0,1.0,2.0,2.0,1.0,3.0,4.0,6.0,0.5328999999999998,0.5621,1.095,1.1242,28.09,59.88999999999999,87.98,119.78,0.0,0.8900000000000002,0.8900000000000002,1.7800000000000005,0.0,2.0,2.0,4.0,0.0,0.0,0.0,0.0,0.0,-2.0,-2.0,-4.0,0.0,-0.04,-0.04,-0.08,0.0,-6.000000000000001,-6.000000000000001,-12.000000000000002,11.833600000000002,12.555999999999996,20.605599999999995,21.328,64.0,52.0,112.0,100.0,1.0,1.5,2.0,2.5,2.5,5.5,6.5,9.5,0.5328999999999998,0.69715,1.095,1.25925,28.09,71.8338415,87.98,131.72384149999996,0.0,1.51,0.8900000000000005,2.4000000000000004,0.0,5.5,2.0,7.5,0.0,0.0,0.0,0.0,0.0,-1.0,-1.5,-3.0,0.0,0.1399999999999999,-0.04,0.0999999999999999,0.0,-5.603555000000001,-6.000000000000001,-11.603555000000002,4471.7,2.02032,0.0,0.0,0.0,282.894,632.632,313.135,0.0,0.0,0.0,157.136,0.03514,0.0173933,0.0,0.0,0.0,695.35,0.1555,0.0769681,7.33159,0.84396,7.33159
DB1-Uio66Zr-BDC_A-NiC4_No10,0.15,316.437195,486.6785999999997,920.8192000000008,4251.559199999997,4714.176000000003,12084.0,33088.0,72384.0,91776.0,54.0,152.0,432.0,672.0,632.0,2336.0,4812.0,6360.0,38.9448,137.06480000000008,306.56640000000016,470.5872,1.7689,36.60160000000001,26.4936,105.06999999999998,1600.0,2560.0,7440.0,7360.0,1.0,8.0,10.0,24.0,64.0,176.0,368.0,464.0,2.3716000000000004,8.9936,15.369200000000005,27.22720000000001,0.0,-16.88,-6.619999999999998,-47.07999999999999,0.0,256.0,214.0,776.0,0.0,0.0,0.0,0.0,0.0,42.0,34.0,134.0,0.0,6.480000000000003,5.420000000000001,19.28,239.39319999999995,427.13199999999966,631.5011999999998,799.5849999999997,1204.0,2080.0,3264.0,3928.0,28.0,56.0,80.0,106.0,136.0,328.0,464.0,602.0,14.0572,29.8808,43.5088,56.322600000000016,11.8336,8.771999999999998,20.605599999999995,17.543999999999997,64.0,48.0,112.0,96.0,1.0,1.0,2.0,2.0,1.0,3.0,4.0,6.0,0.5328999999999998,0.5621,1.095,1.1242,28.09,59.88999999999999,87.98,119.78,0.0,0.8900000000000002,0.8900000000000002,1.7800000000000005,0.0,2.0,2.0,4.0,0.0,0.0,0.0,0.0,0.0,-2.0,-2.0,-4.0,0.0,-0.04,-0.04,-0.08,0.0,-6.000000000000001,-6.000000000000001,-12.000000000000002,11.833600000000002,12.555999999999996,20.605599999999995,21.328,64.0,52.0,112.0,100.0,1.0,1.5,2.0,2.5,2.5,5.5,6.5,9.5,0.5328999999999998,0.69715,1.095,1.25925,28.09,71.8338415,87.98,131.72384149999996,0.0,1.51,0.8900000000000005,2.4000000000000004,0.0,5.5,2.0,7.5,0.0,0.0,0.0,0.0,0.0,-1.0,-1.5,-3.0,0.0,0.1399999999999999,-0.04,0.0999999999999999,0.0,-5.603555000000001,-6.000000000000001,-11.603555000000002,4471.7,2.02032,0.0,0.0,0.0,282.894,632.632,313.135,0.0,0.0,0.0,157.136,0.03514,0.0173933,0.0,0.0,0.0,695.35,0.1555,0.0769681,7.33159,0.84396,7.33159
DB1-Uio66Zr-BDC_A-irmof6_A_No122,0.015,292.711975,252.98754999999989,472.55280000000016,2128.2785999999983,2357.088000000003,6096.5,16616.0,36210.0,45888.0,28.5,78.0,217.0,336.0,319.0,1172.0,2407.0,3180.0,20.91975,70.06540000000003,154.30729999999994,235.2936000000001,1.6534000000000002,31.854400000000016,23.065800000000003,90.774,1372.7142857142858,2197.714285714286,6379.714285714285,6313.714285714285,1.0,7.0,8.714285714285714,20.857142857142858,55.0,151.14285714285714,315.85714285714283,398.57142857142856,2.2855000000000003,7.847500000000001,13.319900000000004,23.630200000000013,0.0,-14.819999999999997,-5.898571428571428,-40.802857142857135,0.0,218.7142857142857,183.0,664.2857142857143,0.0,0.0,0.0,0.0,0.0,35.857142857142854,28.857142857142858,114.28571428571428,0.0,5.640000000000002,4.725714285714287,16.685714285714287,150.63166666666666,289.4675,469.2550666666666,534.7349999999999,634.1666666666666,1222.0,1810.6666666666667,1978.0,21.666666666666668,43.66666666666666,71.33333333333333,81.66666666666667,115.66666666666669,278.6666666666667,378.0,437.0,9.176166666666669,21.013300000000005,30.762600000000003,35.78496666666667,11.8336,8.771999999999998,20.430651428571423,18.477714285714285,64.0,48.0,111.08571428571427,99.2,1.0,1.0,2.0,2.1142857142857143,1.0,3.0,4.114285714285714,6.228571428571429,0.5328999999999998,0.5621,1.096668571428571,1.1717542857142855,28.09,59.88999999999999,89.79714285714286,124.56729617142857,0.0,0.8900000000000003,0.9408571428571432,1.901714285714286,0.0,2.0,2.1142857142857143,4.514285714285714,0.0,0.0,0.0,0.0,0.0,-2.0,-2.1142857142857143,-4.114285714285714,0.0,-0.04,-0.0422857142857143,-0.0617142857142857,0.0,-6.000000000000001,-6.342857142857143,-12.297549142857145,0.0,0.0,0.0,0.0,0.0,0.0,0.0,0.0,0.0,0.0,0.0,0.0,0.0,0.0,0.0,0.0,0.0,0.0,0.0,0.0,0.0,0.0,0.0,0.0,0.0,0.0,0.0,0.0,0.0,0.0,0.0,0.0,0.0,0.0,0.0,0.0,0.0,0.0,0.0,0.0,0.0,0.0,0.0,0.0,0.0,0.0,0.0,0.0,2235.84,1.37569,0.0,0.0,0.0,170.124,760.893,553.1,0.0,0.0,0.0,84.7832,0.03792,0.0275644,0.0,0.0,0.0,548.899,0.2455,0.178456,7.31796,2.25159,7.31327
DB1-Uio66Zr-BDC_A-irmof6_A_No122,0.15,258.95624,252.98754999999989,472.55280000000016,2128.2785999999983,2357.088000000003,6096.5,16616.0,36210.0,45888.0,28.5,78.0,217.0,336.0,319.0,1172.0,2407.0,3180.0,20.91975,70.06540000000003,154.30729999999994,235.2936000000001,1.6534000000000002,31.854400000000016,23.065800000000003,90.774,1372.7142857142858,2197.714285714286,6379.714285714285,6313.714285714285,1.0,7.0,8.714285714285714,20.857142857142858,55.0,151.14285714285714,315.85714285714283,398.57142857142856,2.2855000000000003,7.847500000000001,13.319900000000004,23.630200000000013,0.0,-14.819999999999997,-5.898571428571428,-40.802857142857135,0.0,218.7142857142857,183.0,664.2857142857143,0.0,0.0,0.0,0.0,0.0,35.857142857142854,28.857142857142858,114.28571428571428,0.0,5.640000000000002,4.725714285714287,16.685714285714287,150.63166666666666,289.4675,469.2550666666666,534.7349999999999,634.1666666666666,1222.0,1810.6666666666667,1978.0,21.666666666666668,43.66666666666666,71.33333333333333,81.66666666666667,115.66666666666669,278.6666666666667,378.0,437.0,9.176166666666669,21.013300000000005,30.762600000000003,35.78496666666667,11.8336,8.771999999999998,20.430651428571423,18.477714285714285,64.0,48.0,111.08571428571427,99.2,1.0,1.0,2.0,2.1142857142857143,1.0,3.0,4.114285714285714,6.228571428571429,0.5328999999999998,0.5621,1.096668571428571,1.1717542857142855,28.09,59.88999999999999,89.79714285714286,124.56729617142857,0.0,0.8900000000000003,0.9408571428571432,1.901714285714286,0.0,2.0,2.1142857142857143,4.514285714285714,0.0,0.0,0.0,0.0,0.0,-2.0,-2.1142857142857143,-4.114285714285714,0.0,-0.04,-0.0422857142857143,-0.0617142857142857,0.0,-6.000000000000001,-6.342857142857143,-12.297549142857145,0.0,0.0,0.0,0.0,0.0,0.0,0.0,0.0,0.0,0.0,0.0,0.0,0.0,0.0,0.0,0.0,0.0,0.0,0.0,0.0,0.0,0.0,0.0,0.0,0.0,0.0,0.0,0.0,0.0,0.0,0.0,0.0,0.0,0.0,0.0,0.0,0.0,0.0,0.0,0.0,0.0,0.0,0.0,0.0,0.0,0.0,0.0,0.0,2235.84,1.37569,0.0,0.0,0.0,170.124,760.893,553.1,0.0,0.0,0.0,84.7832,0.03792,0.0275644,0.0,0.0,0.0,548.899,0.2455,0.178456,7.31796,2.25159,7.31327
DB1-Uio66Zr-irmof10_A-irmof14_A_No442,0.015,10.105235,175.09053333333327,323.13066666666657,1420.5184000000006,1571.3920000000005,4100.666666666667,11125.333333333334,24152.0,30592.0,20.0,53.333333333333336,145.33333333333334,224.0,214.66666666666663,784.0,1605.3333333333333,2120.0,14.911400000000016,47.73226666666671,103.55426666666672,156.86240000000006,1.5667750000000005,28.29400000000001,20.494950000000003,80.05199999999996,1202.25,1926.0,5584.5,5529.0,1.0,6.25,7.75,18.5,48.25,132.5,276.75,349.5,2.2209250000000003,6.987925000000001,11.782925000000004,20.932450000000006,0.0,-13.274999999999997,-5.357499999999998,-36.09499999999999,0.0,190.75,159.75,580.5,0.0,0.0,0.0,0.0,0.0,31.25,25.0,99.5,0.0,5.0100000000000025,4.205000000000001,14.740000000000002,230.5369333333333,446.9813333333334,699.561733333333,874.058,1106.3333333333333,2153.333333333333,3245.333333333333,3668.0,30.0,62.66666666666666,98.0,127.33333333333331,160.66666666666666,400.0,583.3333333333334,682.0,14.540333333333336,32.83813333333334,49.67673333333335,60.09166666666669,11.8336,8.771999999999998,20.2229,19.5865,64.0,48.0,110.0,103.0,1.0,1.0,2.0,2.25,1.0,3.0,4.25,6.5,0.5328999999999998,0.5621,1.09865,1.228225,28.09,59.88999999999999,91.955,130.25221037499998,0.0,0.8900000000000003,1.0012500000000004,2.046250000000001,0.0,2.0,2.25,5.125,0.0,0.0,0.0,0.0,0.0,-2.0,-2.25,-4.25,0.0,-0.04,-0.045,-0.04,0.0,-6.000000000000001,-6.750000000000001,-12.650888750000002,6.856,10.329666666666666,11.815666666666663,13.548333333333332,36.875,55.41666666666667,64.16666666666667,67.70833333333333,0.625,1.0416666666666667,1.25,1.6666666666666663,2.2916666666666665,4.375,5.416666666666666,8.75,0.3392291666666666,0.5765625,0.696875,0.8871666666666667,23.112500000000004,50.10416666666668,71.50000000000001,109.11929458333331,0.0,0.1020833333333333,0.5750000000000002,1.2229166666666669,0.0,0.2083333333333333,1.25,3.541666666666667,0.0,0.0,0.0,0.0,0.0,0.0,-0.8333333333333333,-1.25,0.0,-0.0041666666666666,-0.025,0.0333333333333332,0.0,-0.8125,-4.125,-6.834814583333334,4791.32,0.92276,887.737,1852.8,2007.89,0.0,0.0,0.0,829.856,0.1732,0.187698,0.0,0.0,0.0,2429.2,0.507,0.549439,0.0,0.0,0.0,10.06126,6.33591,10.05914
DB1-Uio66Zr-irmof10_A-irmof14_A_No442,0.15,68.04697,175.09053333333327,323.13066666666657,1420.5184000000006,1571.3920000000005,4100.666666666667,11125.333333333334,24152.0,30592.0,20.0,53.333333333333336,145.33333333333334,224.0,214.66666666666663,784.0,1605.3333333333333,2120.0,14.911400000000016,47.73226666666671,103.55426666666672,156.86240000000006,1.5667750000000005,28.29400000000001,20.494950000000003,80.05199999999996,1202.25,1926.0,5584.5,5529.0,1.0,6.25,7.75,18.5,48.25,132.5,276.75,349.5,2.2209250000000003,6.987925000000001,11.782925000000004,20.932450000000006,0.0,-13.274999999999997,-5.357499999999998,-36.09499999999999,0.0,190.75,159.75,580.5,0.0,0.0,0.0,0.0,0.0,31.25,25.0,99.5,0.0,5.0100000000000025,4.205000000000001,14.740000000000002,230.5369333333333,446.9813333333334,699.561733333333,874.058,1106.3333333333333,2153.333333333333,3245.333333333333,3668.0,30.0,62.66666666666666,98.0,127.33333333333331,160.66666666666666,400.0,583.3333333333334,682.0,14.540333333333336,32.83813333333334,49.67673333333335,60.09166666666669,11.8336,8.771999999999998,20.2229,19.5865,64.0,48.0,110.0,103.0,1.0,1.0,2.0,2.25,1.0,3.0,4.25,6.5,0.5328999999999998,0.5621,1.09865,1.228225,28.09,59.88999999999999,91.955,130.25221037499998,0.0,0.8900000000000003,1.0012500000000004,2.046250000000001,0.0,2.0,2.25,5.125,0.0,0.0,0.0,0.0,0.0,-2.0,-2.25,-4.25,0.0,-0.04,-0.045,-0.04,0.0,-6.000000000000001,-6.750000000000001,-12.650888750000002,6.856,10.329666666666666,11.815666666666663,13.548333333333332,36.875,55.41666666666667,64.16666666666667,67.70833333333333,0.625,1.0416666666666667,1.25,1.6666666666666663,2.2916666666666665,4.375,5.416666666666666,8.75,0.3392291666666666,0.5765625,0.696875,0.8871666666666667,23.112500000000004,50.10416666666668,71.50000000000001,109.11929458333331,0.0,0.1020833333333333,0.5750000000000002,1.2229166666666669,0.0,0.2083333333333333,1.25,3.541666666666667,0.0,0.0,0.0,0.0,0.0,0.0,-0.8333333333333333,-1.25,0.0,-0.0041666666666666,-0.025,0.0333333333333332,0.0,-0.8125,-4.125,-6.834814583333334,4791.32,0.92276,887.737,1852.8,2007.89,0.0,0.0,0.0,829.856,0.1732,0.187698,0.0,0.0,0.0,2429.2,0.507,0.549439,0.0,0.0,0.0,10.06126,6.33591,10.05914
DB1-Uio66Zr-BDC_A-irmof7_A_No116,0.015,252.609905,486.6785999999998,920.8192000000004,4251.559199999997,4714.176000000005,12084.0,33088.0,72384.0,91776.0,54.0,152.0,432.0,672.0,632.0,2336.0,4812.0,6360.0,38.9448,137.06480000000005,306.5663999999999,470.5872000000002,1.7689,36.60160000000001,26.493600000000004,105.06999999999996,1600.0,2560.0,7440.0,7360.0,1.0,8.0,10.0,24.0,64.0,176.0,368.0,464.0,2.3716000000000004,8.9936,15.369200000000005,27.22720000000001,0.0,-16.88,-6.619999999999998,-47.07999999999999,0.0,256.0,214.0,776.0,0.0,0.0,0.0,0.0,0.0,42.0,34.0,134.0,0.0,6.480000000000003,5.420000000000001,19.28,155.57809999999998,299.9018333333333,480.5464,559.4736999999999,657.0,1265.3333333333333,1890.0,2087.0,22.33333333333333,45.0,72.66666666666667,85.0,117.66666666666669,282.3333333333333,390.0,457.3333333333333,9.485433333333331,21.681033333333342,31.836600000000004,37.566100000000006,11.8336,8.771999999999998,20.605599999999995,17.543999999999997,64.0,48.0,112.0,96.0,1.0,1.0,2.0,2.0,1.0,3.0,4.0,6.0,0.5328999999999998,0.5621,1.095,1.1242,28.09,59.88999999999999,87.98,119.78,0.0,0.8900000000000002,0.8900000000000002,1.7800000000000005,0.0,2.0,2.0,4.0,0.0,0.0,0.0,0.0,0.0,-2.0,-2.0,-4.0,0.0,-0.04,-0.04,-0.08,0.0,-6.000000000000001,-6.000000000000001,-12.000000000000002,1.9722666666666664,2.723333333333333,2.9239999999999995,6.1576,10.666666666666666,9.333333333333334,16.0,28.0,0.1666666666666666,0.3333333333333333,0.3333333333333333,0.6666666666666666,0.6666666666666666,1.3333333333333333,2.0,3.0,0.0888166666666666,0.1387,0.1873666666666666,0.3212,4.681666666666667,13.962947166666666,19.96333333333333,28.6262805,0.0,0.355,0.2966666666666667,0.5033333333333333,0.0,1.5,0.6666666666666666,1.8333333333333333,0.0,0.0,0.0,0.0,0.0,0.0,-0.3333333333333333,-0.1666666666666666,0.0,0.0533333333333333,-0.0133333333333333,0.0466666666666666,0.0,-0.8678516666666668,-2.0000000000000004,-1.867851666666667,2235.84,1.40101,0.0,0.0,0.0,183.139,819.107,584.657,0.0,0.0,0.0,82.4132,0.03686,0.0263097,0.0,0.0,0.0,554.489,0.248,0.177016,6.62543,2.70752,6.62543
DB1-Uio66Zr-BDC_A-irmof7_A_No116,0.15,194.254875,486.6785999999998,920.8192000000004,4251.559199999997,4714.176000000005,12084.0,33088.0,72384.0,91776.0,54.0,152.0,432.0,672.0,632.0,2336.0,4812.0,6360.0,38.9448,137.06480000000005,306.5663999999999,470.5872000000002,1.7689,36.60160000000001,26.493600000000004,105.06999999999996,1600.0,2560.0,7440.0,7360.0,1.0,8.0,10.0,24.0,64.0,176.0,368.0,464.0,2.3716000000000004,8.9936,15.369200000000005,27.22720000000001,0.0,-16.88,-6.619999999999998,-47.07999999999999,0.0,256.0,214.0,776.0,0.0,0.0,0.0,0.0,0.0,42.0,34.0,134.0,0.0,6.480000000000003,5.420000000000001,19.28,155.57809999999998,299.9018333333333,480.5464,559.4736999999999,657.0,1265.3333333333333,1890.0,2087.0,22.33333333333333,45.0,72.66666666666667,85.0,117.66666666666669,282.3333333333333,390.0,457.3333333333333,9.485433333333331,21.681033333333342,31.836600000000004,37.566100000000006,11.8336,8.771999999999998,20.605599999999995,17.543999999999997,64.0,48.0,112.0,96.0,1.0,1.0,2.0,2.0,1.0,3.0,4.0,6.0,0.5328999999999998,0.5621,1.095,1.1242,28.09,59.88999999999999,87.98,119.78,0.0,0.8900000000000002,0.8900000000000002,1.7800000000000005,0.0,2.0,2.0,4.0,0.0,0.0,0.0,0.0,0.0,-2.0,-2.0,-4.0,0.0,-0.04,-0.04,-0.08,0.0,-6.000000000000001,-6.000000000000001,-12.000000000000002,1.9722666666666664,2.723333333333333,2.9239999999999995,6.1576,10.666666666666666,9.333333333333334,16.0,28.0,0.1666666666666666,0.3333333333333333,0.3333333333333333,0.6666666666666666,0.6666666666666666,1.3333333333333333,2.0,3.0,0.0888166666666666,0.1387,0.1873666666666666,0.3212,4.681666666666667,13.962947166666666,19.96333333333333,28.6262805,0.0,0.355,0.2966666666666667,0.5033333333333333,0.0,1.5,0.6666666666666666,1.8333333333333333,0.0,0.0,0.0,0.0,0.0,0.0,-0.3333333333333333,-0.1666666666666666,0.0,0.0533333333333333,-0.0133333333333333,0.0466666666666666,0.0,-0.8678516666666668,-2.0000000000000004,-1.867851666666667,2235.84,1.40101,0.0,0.0,0.0,183.139,819.107,584.657,0.0,0.0,0.0,82.4132,0.03686,0.0263097,0.0,0.0,0.0,554.489,0.248,0.177016,6.62543,2.70752,6.62543
DB1-Uio66Zr-BDC_A-irmof6_A_No344,0.015,169.538755,486.6785999999998,920.8192000000008,4251.559199999997,4714.176000000006,12084.0,33088.0,72384.0,91776.0,54.0,152.0,432.0,672.0,632.0,2336.0,4812.0,6360.0,38.9448,137.06480000000002,306.5663999999999,470.58720000000017,1.7689,36.60160000000001,26.493600000000004,105.06999999999998,1600.0,2560.0,7440.0,7360.0,1.0,8.0,10.0,24.0,64.0,176.0,368.0,464.0,2.3716000000000004,8.9936,15.369200000000005,27.22720000000001,0.0,-16.88,-6.619999999999998,-47.07999999999999,0.0,256.0,214.0,776.0,0.0,0.0,0.0,0.0,0.0,42.0,34.0,134.0,0.0,6.480000000000003,5.420000000000001,19.28,148.66165,286.97266666666667,435.5553999999999,521.7211666666667,650.0,1230.6666666666667,1823.0,2000.6666666666667,20.5,41.333333333333336,63.333333333333336,77.0,105.33333333333331,255.66666666666663,351.3333333333333,399.6666666666667,8.975783333333332,20.258133333333333,29.239933333333337,34.312500000000014,11.8336,8.771999999999998,20.605599999999995,17.543999999999997,64.0,48.0,112.0,96.0,1.0,1.0,2.0,2.0,1.0,3.0,4.0,6.0,0.5328999999999998,0.5621,1.095,1.1242,28.09,59.88999999999999,87.98,119.78,0.0,0.8900000000000002,0.8900000000000002,1.7800000000000005,0.0,2.0,2.0,4.0,0.0,0.0,0.0,0.0,0.0,-2.0,-2.0,-4.0,0.0,-0.04,-0.04,-0.08,0.0,-6.000000000000001,-6.000000000000001,-12.000000000000002,7.701333333333333,17.606666666666666,12.92,24.953333333333333,40.833333333333336,46.66666666666666,70.0,110.83333333333331,0.8333333333333334,2.5,1.6666666666666667,3.333333333333333,7.5,12.5,15.0,25.0,0.46875,0.94375,0.9625,1.6749999999999998,45.63333333333333,125.27102333333336,139.36666666666667,236.843845,0.0,1.808333333333333,0.816666666666667,1.9250000000000005,0.0,10.833333333333334,1.6666666666666667,7.5,0.0,0.0,0.0,0.0,0.0,3.333333333333333,0.0,1.6666666666666667,0.0,0.6166666666666667,-0.0333333333333333,0.2666666666666666,0.0,1.5714833333333338,-6.5,-7.339258333333334,2235.84,1.37716,0.0,0.0,0.0,185.693,830.528,603.075,0.0,0.0,0.0,91.0882,0.04074,0.0295827,0.0,0.0,0.0,563.432,0.252,0.182986,7.31796,3.19662,7.31796
DB1-Uio66Zr-BDC_A-irmof6_A_No344,0.15,213.28134,486.6785999999998,920.8192000000008,4251.559199999997,4714.176000000006,12084.0,33088.0,72384.0,91776.0,54.0,152.0,432.0,672.0,632.0,2336.0,4812.0,6360.0,38.9448,137.06480000000002,306.5663999999999,470.58720000000017,1.7689,36.60160000000001,26.493600000000004,105.06999999999998,1600.0,2560.0,7440.0,7360.0,1.0,8.0,10.0,24.0,64.0,176.0,368.0,464.0,2.3716000000000004,8.9936,15.369200000000005,27.22720000000001,0.0,-16.88,-6.619999999999998,-47.07999999999999,0.0,256.0,214.0,776.0,0.0,0.0,0.0,0.0,0.0,42.0,34.0,134.0,0.0,6.480000000000003,5.420000000000001,19.28,148.66165,286.97266666666667,435.5553999999999,521.7211666666667,650.0,1230.6666666666667,1823.0,2000.6666666666667,20.5,41.333333333333336,63.333333333333336,77.0,105.33333333333331,255.66666666666663,351.3333333333333,399.6666666666667,8.975783333333332,20.258133333333333,29.239933333333337,34.312500000000014,11.8336,8.771999999999998,20.605599999999995,17.543999999999997,64.0,48.0,112.0,96.0,1.0,1.0,2.0,2.0,1.0,3.0,4.0,6.0,0.5328999999999998,0.5621,1.095,1.1242,28.09,59.88999999999999,87.98,119.78,0.0,0.8900000000000002,0.8900000000000002,1.7800000000000005,0.0,2.0,2.0,4.0,0.0,0.0,0.0,0.0,0.0,-2.0,-2.0,-4.0,0.0,-0.04,-0.04,-0.08,0.0,-6.000000000000001,-6.000000000000001,-12.000000000000002,7.701333333333333,17.606666666666666,12.92,24.953333333333333,40.833333333333336,46.66666666666666,70.0,110.83333333333331,0.8333333333333334,2.5,1.6666666666666667,3.333333333333333,7.5,12.5,15.0,25.0,0.46875,0.94375,0.9625,1.6749999999999998,45.63333333333333,125.27102333333336,139.36666666666667,236.843845,0.0,1.808333333333333,0.816666666666667,1.9250000000000005,0.0,10.833333333333334,1.6666666666666667,7.5,0.0,0.0,0.0,0.0,0.0,3.333333333333333,0.0,1.6666666666666667,0.0,0.6166666666666667,-0.0333333333333333,0.2666666666666666,0.0,1.5714833333333338,-6.5,-7.339258333333334,2235.84,1.37716,0.0,0.0,0.0,185.693,830.528,603.075,0.0,0.0,0.0,91.0882,0.04074,0.0295827,0.0,0.0,0.0,563.432,0.252,0.182986,7.31796,3.19662,7.31796
DB1-Uio66Zr-BDC_A-irmof6_A_No139,0.015,188.566525,486.6785999999998,920.8192000000004,4251.559199999997,4714.176000000005,12084.0,33088.0,72384.0,91776.0,54.0,152.0,432.0,672.0,632.0,2336.0,4812.0,6360.0,38.9448,137.06480000000005,306.5663999999999,470.58720000000017,1.7689,36.60160000000001,26.493600000000004,105.06999999999998,1600.0,2560.0,7440.0,7360.0,1.0,8.0,10.0,24.0,64.0,176.0,368.0,464.0,2.3716000000000004,8.9936,15.369200000000005,27.22720000000001,0.0,-16.88,-6.619999999999998,-47.07999999999999,0.0,256.0,214.0,776.0,0.0,0.0,0.0,0.0,0.0,42.0,34.0,134.0,0.0,6.480000000000003,5.420000000000001,19.28,153.4106,295.5668333333333,475.1030666666666,546.7988666666666,645.0,1241.3333333333333,1842.6666666666667,2046.6666666666667,22.0,44.333333333333336,72.0,83.0,117.0,282.0,384.0,448.0,9.2878,21.28576666666667,31.13733333333333,36.52963333333334,11.8336,8.771999999999998,20.605599999999995,17.543999999999997,64.0,48.0,112.0,96.0,1.0,1.0,2.0,2.0,1.0,3.0,4.0,6.0,0.5328999999999998,0.5621,1.095,1.1242,28.09,59.88999999999999,87.98,119.78,0.0,0.8900000000000002,0.8900000000000002,1.7800000000000005,0.0,2.0,2.0,4.0,0.0,0.0,0.0,0.0,0.0,-2.0,-2.0,-4.0,0.0,-0.04,-0.04,-0.08,0.0,-6.000000000000001,-6.000000000000001,-12.000000000000002,1.9722666666666664,2.723333333333333,2.9239999999999995,6.358266666666665,10.666666666666666,9.333333333333334,16.0,34.666666666666664,0.1666666666666666,0.3333333333333333,0.3333333333333333,0.6666666666666666,0.6666666666666666,1.3333333333333333,2.0,3.6666666666666665,0.0888166666666666,0.1387,0.1873666666666666,0.3698666666666666,4.681666666666667,13.962947166666666,19.96333333333333,34.626666666666665,0.0,0.355,0.2966666666666667,0.445,0.0,1.5,0.6666666666666666,1.0,0.0,0.0,0.0,0.0,0.0,0.0,-0.3333333333333333,-0.5,0.0,0.0533333333333333,-0.0133333333333333,-0.02,0.0,-0.8678516666666668,-2.0000000000000004,-3.0000000000000004,2235.84,1.38316,0.0,0.0,0.0,183.602,821.177,593.695,0.0,0.0,0.0,94.9786,0.04248,0.0307122,0.0,0.0,0.0,583.555,0.261,0.188698,7.31796,2.25297,7.30984
DB1-Uio66Zr-BDC_A-irmof6_A_No139,0.15,192.93411,486.6785999999998,920.8192000000004,4251.559199999997,4714.176000000005,12084.0,33088.0,72384.0,91776.0,54.0,152.0,432.0,672.0,632.0,2336.0,4812.0,6360.0,38.9448,137.06480000000005,306.5663999999999,470.58720000000017,1.7689,36.60160000000001,26.493600000000004,105.06999999999998,1600.0,2560.0,7440.0,7360.0,1.0,8.0,10.0,24.0,64.0,176.0,368.0,464.0,2.3716000000000004,8.9936,15.369200000000005,27.22720000000001,0.0,-16.88,-6.619999999999998,-47.07999999999999,0.0,256.0,214.0,776.0,0.0,0.0,0.0,0.0,0.0,42.0,34.0,134.0,0.0,6.480000000000003,5.420000000000001,19.28,153.4106,295.5668333333333,475.1030666666666,546.7988666666666,645.0,1241.3333333333333,1842.6666666666667,2046.6666666666667,22.0,44.333333333333336,72.0,83.0,117.0,282.0,384.0,448.0,9.2878,21.28576666666667,31.13733333333333,36.52963333333334,11.8336,8.771999999999998,20.605599999999995,17.543999999999997,64.0,48.0,112.0,96.0,1.0,1.0,2.0,2.0,1.0,3.0,4.0,6.0,0.5328999999999998,0.5621,1.095,1.1242,28.09,59.88999999999999,87.98,119.78,0.0,0.8900000000000002,0.8900000000000002,1.7800000000000005,0.0,2.0,2.0,4.0,0.0,0.0,0.0,0.0,0.0,-2.0,-2.0,-4.0,0.0,-0.04,-0.04,-0.08,0.0,-6.000000000000001,-6.000000000000001,-12.000000000000002,1.9722666666666664,2.723333333333333,2.9239999999999995,6.358266666666665,10.666666666666666,9.333333333333334,16.0,34.666666666666664,0.1666666666666666,0.3333333333333333,0.3333333333333333,0.6666666666666666,0.6666666666666666,1.3333333333333333,2.0,3.6666666666666665,0.0888166666666666,0.1387,0.1873666666666666,0.3698666666666666,4.681666666666667,13.962947166666666,19.96333333333333,34.626666666666665,0.0,0.355,0.2966666666666667,0.445,0.0,1.5,0.6666666666666666,1.0,0.0,0.0,0.0,0.0,0.0,0.0,-0.3333333333333333,-0.5,0.0,0.0533333333333333,-0.0133333333333333,-0.02,0.0,-0.8678516666666668,-2.0000000000000004,-3.0000000000000004,2235.84,1.38316,0.0,0.0,0.0,183.602,821.177,593.695,0.0,0.0,0.0,94.9786,0.04248,0.0307122,0.0,0.0,0.0,583.555,0.261,0.188698,7.31796,2.25297,7.30984
DB1-Uio66Zr-irmof20_A_No13,0.015,296.206545,55.24896923076921,93.25046153846158,331.6565538461536,362.62892307692334,1030.1538461538462,2678.153846153846,5601.2307692307695,7059.692307692308,6.923076923076923,15.384615384615383,35.07692307692308,51.69230769230769,54.15384615384615,187.07692307692307,372.0,489.2307692307692,5.667784615384617,13.37360000000001,25.472676923076943,36.1990153846154,1.2299000000000002,14.448000000000006,10.497200000000005,38.35533333333332,539.3333333333333,869.3333333333334,2492.0,2477.333333333333,1.0,3.333333333333333,4.0,9.333333333333332,22.0,60.0,124.66666666666669,158.66666666666669,1.9698,3.645133333333334,5.805800000000003,10.441200000000006,0.0,-7.266666666666666,-3.2533333333333325,-17.78666666666666,0.0,82.0,69.33333333333334,254.66666666666663,0.0,0.0,0.0,0.0,0.0,13.333333333333334,10.0,42.0,0.0,2.5600000000000014,2.18,7.173333333333333,136.3344,248.93099999999995,396.9903999999999,413.019,1184.0,1848.0,3136.0,4216.0,16.0,34.0,52.0,52.0,86.0,210.0,292.0,238.0,10.0214,21.329000000000004,33.178,34.430200000000006,11.833599999999995,8.771999999999995,19.585066666666656,23.5296,64.0,48.0,106.66666666666669,234.66666666666663,1.0,1.0,2.0,2.666666666666666,1.0,3.0,4.666666666666668,6.666666666666668,0.5328999999999998,0.5621000000000002,1.1047333333333331,1.7422666666666666,28.08999999999999,59.89,98.57999999999998,216.9466666666667,0.0,0.8900000000000003,1.1866666666666672,2.333333333333334,0.0,2.0,2.666666666666666,-8.0,0.0,0.0,0.0,0.0,0.0,-2.0,-2.666666666666666,-4.0,0.0,-0.04,-0.0533333333333333,-0.4400000000000001,0.0,-6.000000000000001,-8.000000000000002,-26.800000000000008,6.656400000000001,13.157999999999994,26.31599999999999,48.73620000000002,256.0,192.0,384.0,864.0,1.0,2.0,4.0,6.0,4.0,12.0,24.0,18.0,1.0403999999999998,1.5707999999999993,3.1415999999999986,4.804199999999999,376.3599999999999,438.4399999999998,876.8799999999997,1006.86,0.0,0.0600000000000005,0.120000000000001,-3.4099999999999984,0.0,20.0,40.0,42.0,0.0,0.0,0.0,0.0,0.0,-2.0,-4.0,3.0,0.0,0.5,1.0,1.41,0.0,16.199999999999992,32.399999999999984,64.49999999999999,3163.9,1.2071,0.0,0.0,0.0,275.768,871.608,722.066,0.0,0.0,0.0,205.78,0.06504,0.0538811,0.0,0.0,0.0,873.235,0.276,0.228647,8.33703,1.87439,8.33703
DB1-Uio66Zr-irmof20_A_No13,0.15,225.51498,55.24896923076921,93.25046153846158,331.6565538461536,362.62892307692334,1030.1538461538462,2678.153846153846,5601.2307692307695,7059.692307692308,6.923076923076923,15.384615384615383,35.07692307692308,51.69230769230769,54.15384615384615,187.07692307692307,372.0,489.2307692307692,5.667784615384617,13.37360000000001,25.472676923076943,36.1990153846154,1.2299000000000002,14.448000000000006,10.497200000000005,38.35533333333332,539.3333333333333,869.3333333333334,2492.0,2477.333333333333,1.0,3.333333333333333,4.0,9.333333333333332,22.0,60.0,124.66666666666669,158.66666666666669,1.9698,3.645133333333334,5.805800000000003,10.441200000000006,0.0,-7.266666666666666,-3.2533333333333325,-17.78666666666666,0.0,82.0,69.33333333333334,254.66666666666663,0.0,0.0,0.0,0.0,0.0,13.333333333333334,10.0,42.0,0.0,2.5600000000000014,2.18,7.173333333333333,136.3344,248.93099999999995,396.9903999999999,413.019,1184.0,1848.0,3136.0,4216.0,16.0,34.0,52.0,52.0,86.0,210.0,292.0,238.0,10.0214,21.329000000000004,33.178,34.430200000000006,11.833599999999995,8.771999999999995,19.585066666666656,23.5296,64.0,48.0,106.66666666666669,234.66666666666663,1.0,1.0,2.0,2.666666666666666,1.0,3.0,4.666666666666668,6.666666666666668,0.5328999999999998,0.5621000000000002,1.1047333333333331,1.7422666666666666,28.08999999999999,59.89,98.57999999999998,216.9466666666667,0.0,0.8900000000000003,1.1866666666666672,2.333333333333334,0.0,2.0,2.666666666666666,-8.0,0.0,0.0,0.0,0.0,0.0,-2.0,-2.666666666666666,-4.0,0.0,-0.04,-0.0533333333333333,-0.4400000000000001,0.0,-6.000000000000001,-8.000000000000002,-26.800000000000008,6.656400000000001,13.157999999999994,26.31599999999999,48.73620000000002,256.0,192.0,384.0,864.0,1.0,2.0,4.0,6.0,4.0,12.0,24.0,18.0,1.0403999999999998,1.5707999999999993,3.1415999999999986,4.804199999999999,376.3599999999999,438.4399999999998,876.8799999999997,1006.86,0.0,0.0600000000000005,0.120000000000001,-3.4099999999999984,0.0,20.0,40.0,42.0,0.0,0.0,0.0,0.0,0.0,-2.0,-4.0,3.0,0.0,0.5,1.0,1.41,0.0,16.199999999999992,32.399999999999984,64.49999999999999,3163.9,1.2071,0.0,0.0,0.0,275.768,871.608,722.066,0.0,0.0,0.0,205.78,0.06504,0.0538811,0.0,0.0,0.0,873.235,0.276,0.228647,8.33703,1.87439,8.33703
DB1-Uio66Zr-irmof7_A-PEDOT_A_No1,0.015,188.202385,486.6785999999998,920.8192000000008,4251.559199999997,4714.176000000006,12084.0,33088.0,72384.0,91776.0,54.0,152.0,432.0,672.0,632.0,2336.0,4812.0,6360.0,38.9448,137.06480000000002,306.5663999999999,470.58720000000017,1.7689,36.60160000000001,26.493600000000004,105.06999999999998,1600.0,2560.0,7440.0,7360.0,1.0,8.0,10.0,24.0,64.0,176.0,368.0,464.0,2.3716000000000004,8.9936,15.369200000000005,27.22720000000001,0.0,-16.88,-6.619999999999998,-47.07999999999999,0.0,256.0,214.0,776.0,0.0,0.0,0.0,0.0,0.0,42.0,34.0,134.0,0.0,6.480000000000003,5.420000000000001,19.28,145.7846333333333,286.12699999999995,451.8749,538.9785999999999,700.0,1352.0,2036.0,2188.333333333333,20.5,42.66666666666666,66.33333333333333,83.0,109.0,270.0,385.0,421.0,9.557033333333337,21.89366666666667,32.52863333333334,37.00156666666668,11.8336,8.771999999999998,20.605599999999995,17.561199999999996,64.0,48.0,112.0,109.33333333333331,1.0,1.0,2.0,2.0,1.0,3.0,4.0,5.833333333333333,0.5328999999999998,0.5621,1.095,1.1546166666666668,28.09,59.88999999999999,87.98,126.935,0.0,0.8900000000000002,0.8900000000000002,1.7750000000000004,0.0,2.0,2.0,2.333333333333333,0.0,0.0,0.0,0.0,0.0,-2.0,-2.0,-3.8333333333333335,0.0,-0.04,-0.04,-0.1216666666666667,0.0,-6.000000000000001,-6.000000000000001,-13.35,1.1094000000000002,2.193,4.386,7.808800000000001,42.66666666666666,32.0,64.0,90.66666666666669,0.1666666666666666,0.3333333333333333,0.6666666666666666,1.0,0.6666666666666666,2.0,4.0,2.0,0.1734,0.2618,0.5236,0.6222000000000001,62.72666666666666,73.07333333333334,146.14666666666668,97.69264466666668,0.0,0.01,0.0200000000000001,-0.4466666666666666,0.0,3.333333333333333,6.666666666666667,10.333333333333334,0.0,0.0,0.0,0.0,0.0,-0.3333333333333333,-0.6666666666666666,1.0,0.0,0.0833333333333333,0.1666666666666666,0.41,0.0,2.7,5.399999999999999,14.364296666666664,2164.81,1.47305,171.947,794.28,539.207,0.716675,3.31056,2.24742,94.6457,0.04372,0.0296799,0.0865926,4e-05,2.71545e-05,480.589,0.222,0.150707,0.0,0.0,0.0,7.37939,3.80499,7.37939
DB1-Uio66Zr-irmof7_A-PEDOT_A_No1,0.15,204.715625,486.6785999999998,920.8192000000008,4251.559199999997,4714.176000000006,12084.0,33088.0,72384.0,91776.0,54.0,152.0,432.0,672.0,632.0,2336.0,4812.0,6360.0,38.9448,137.06480000000002,306.5663999999999,470.58720000000017,1.7689,36.60160000000001,26.493600000000004,105.06999999999998,1600.0,2560.0,7440.0,7360.0,1.0,8.0,10.0,24.0,64.0,176.0,368.0,464.0,2.3716000000000004,8.9936,15.369200000000005,27.22720000000001,0.0,-16.88,-6.619999999999998,-47.07999999999999,0.0,256.0,214.0,776.0,0.0,0.0,0.0,0.0,0.0,42.0,34.0,134.0,0.0,6.480000000000003,5.420000000000001,19.28,145.7846333333333,286.12699999999995,451.8749,538.9785999999999,700.0,1352.0,2036.0,2188.333333333333,20.5,42.66666666666666,66.33333333333333,83.0,109.0,270.0,385.0,421.0,9.557033333333337,21.89366666666667,32.52863333333334,37.00156666666668,11.8336,8.771999999999998,20.605599999999995,17.561199999999996,64.0,48.0,112.0,109.33333333333331,1.0,1.0,2.0,2.0,1.0,3.0,4.0,5.833333333333333,0.5328999999999998,0.5621,1.095,1.1546166666666668,28.09,59.88999999999999,87.98,126.935,0.0,0.8900000000000002,0.8900000000000002,1.7750000000000004,0.0,2.0,2.0,2.333333333333333,0.0,0.0,0.0,0.0,0.0,-2.0,-2.0,-3.8333333333333335,0.0,-0.04,-0.04,-0.1216666666666667,0.0,-6.000000000000001,-6.000000000000001,-13.35,1.1094000000000002,2.193,4.386,7.808800000000001,42.66666666666666,32.0,64.0,90.66666666666669,0.1666666666666666,0.3333333333333333,0.6666666666666666,1.0,0.6666666666666666,2.0,4.0,2.0,0.1734,0.2618,0.5236,0.6222000000000001,62.72666666666666,73.07333333333334,146.14666666666668,97.69264466666668,0.0,0.01,0.0200000000000001,-0.4466666666666666,0.0,3.333333333333333,6.666666666666667,10.333333333333334,0.0,0.0,0.0,0.0,0.0,-0.3333333333333333,-0.6666666666666666,1.0,0.0,0.0833333333333333,0.1666666666666666,0.41,0.0,2.7,5.399999999999999,14.364296666666664,2164.81,1.47305,171.947,794.28,539.207,0.716675,3.31056,2.24742,94.6457,0.04372,0.0296799,0.0865926,4e-05,2.71545e-05,480.589,0.222,0.150707,0.0,0.0,0.0,7.37939,3.80499,7.37939
DB1-Uio66Zr-BDC_A-irmof6_A_No427,0.015,365.55154,486.6785999999997,920.8192000000006,4251.559199999997,4714.176000000003,12084.0,33088.0,72384.0,91776.0,54.0,152.0,432.0,672.0,632.0,2336.0,4812.0,6360.0,38.94480000000001,137.06480000000013,306.56640000000027,470.5872000000002,1.7689,36.60160000000001,26.493600000000004,105.06999999999998,1600.0,2560.0,7440.0,7360.0,1.0,8.0,10.0,24.0,64.0,176.0,368.0,464.0,2.3716000000000004,8.9936,15.369200000000005,27.22720000000001,0.0,-16.88,-6.619999999999998,-47.07999999999999,0.0,256.0,214.0,776.0,0.0,0.0,0.0,0.0,0.0,42.0,34.0,134.0,0.0,6.480000000000003,5.420000000000001,19.28,162.59416666666664,301.5178333333333,437.5490666666665,570.8193333333332,977.6666666666666,1449.3333333333333,2248.6666666666665,2842.333333333333,20.0,40.333333333333336,58.0,75.0,99.0,242.0,338.0,387.0,9.635783333333334,20.89153333333334,30.29706666666667,37.542566666666666,11.8336,8.771999999999998,20.605599999999995,17.543999999999997,64.0,48.0,112.0,96.0,1.0,1.0,2.0,2.0,1.0,3.0,4.0,6.0,0.5328999999999998,0.5621,1.095,1.1242,28.09,59.88999999999999,87.98,119.78,0.0,0.8900000000000002,0.8900000000000002,1.7800000000000005,0.0,2.0,2.0,4.0,0.0,0.0,0.0,0.0,0.0,-2.0,-2.0,-4.0,0.0,-0.04,-0.04,-0.08,0.0,-6.000000000000001,-6.000000000000001,-12.000000000000002,11.321599999999998,14.874666666666668,17.135999999999996,36.65066666666666,257.5,81.66666666666667,150.0,284.1666666666667,1.0,1.8333333333333333,2.0,4.0,3.5,7.166666666666667,11.0,20.0,0.6606833333333332,0.8398000000000002,1.2294333333333334,2.3585333333333334,96.90833333333336,109.36473583333334,178.91666666666666,307.55821833333334,0.0,1.843333333333333,1.6200000000000003,2.556666666666666,0.0,12.333333333333334,13.0,25.166666666666668,0.0,0.0,0.0,0.0,0.0,-0.3333333333333333,-2.333333333333333,-3.5,0.0,0.3283333333333332,0.0566666666666665,0.2133333333333331,0.0,-2.722591666666668,-6.766666666666668,-7.401185000000003,2235.84,1.55146,0.0,0.0,0.0,185.824,831.115,535.697,0.0,0.0,0.0,96.5884,0.0432,0.0278447,0.0,0.0,0.0,585.791,0.262,0.168873,7.31796,3.25594,7.31339
DB1-Uio66Zr-BDC_A-irmof6_A_No427,0.15,311.34614,486.6785999999997,920.8192000000006,4251.559199999997,4714.176000000003,12084.0,33088.0,72384.0,91776.0,54.0,152.0,432.0,672.0,632.0,2336.0,4812.0,6360.0,38.94480000000001,137.06480000000013,306.56640000000027,470.5872000000002,1.7689,36.60160000000001,26.493600000000004,105.06999999999998,1600.0,2560.0,7440.0,7360.0,1.0,8.0,10.0,24.0,64.0,176.0,368.0,464.0,2.3716000000000004,8.9936,15.369200000000005,27.22720000000001,0.0,-16.88,-6.619999999999998,-47.07999999999999,0.0,256.0,214.0,776.0,0.0,0.0,0.0,0.0,0.0,42.0,34.0,134.0,0.0,6.480000000000003,5.420000000000001,19.28,162.59416666666664,301.5178333333333,437.5490666666665,570.8193333333332,977.6666666666666,1449.3333333333333,2248.6666666666665,2842.333333333333,20.0,40.333333333333336,58.0,75.0,99.0,242.0,338.0,387.0,9.635783333333334,20.89153333333334,30.29706666666667,37.542566666666666,11.8336,8.771999999999998,20.605599999999995,17.543999999999997,64.0,48.0,112.0,96.0,1.0,1.0,2.0,2.0,1.0,3.0,4.0,6.0,0.5328999999999998,0.5621,1.095,1.1242,28.09,59.88999999999999,87.98,119.78,0.0,0.8900000000000002,0.8900000000000002,1.7800000000000005,0.0,2.0,2.0,4.0,0.0,0.0,0.0,0.0,0.0,-2.0,-2.0,-4.0,0.0,-0.04,-0.04,-0.08,0.0,-6.000000000000001,-6.000000000000001,-12.000000000000002,11.321599999999998,14.874666666666668,17.135999999999996,36.65066666666666,257.5,81.66666666666667,150.0,284.1666666666667,1.0,1.8333333333333333,2.0,4.0,3.5,7.166666666666667,11.0,20.0,0.6606833333333332,0.8398000000000002,1.2294333333333334,2.3585333333333334,96.90833333333336,109.36473583333334,178.91666666666666,307.55821833333334,0.0,1.843333333333333,1.6200000000000003,2.556666666666666,0.0,12.333333333333334,13.0,25.166666666666668,0.0,0.0,0.0,0.0,0.0,-0.3333333333333333,-2.333333333333333,-3.5,0.0,0.3283333333333332,0.0566666666666665,0.2133333333333331,0.0,-2.722591666666668,-6.766666666666668,-7.401185000000003,2235.84,1.55146,0.0,0.0,0.0,185.824,831.115,535.697,0.0,0.0,0.0,96.5884,0.0432,0.0278447,0.0,0.0,0.0,585.791,0.262,0.168873,7.31796,3.25594,7.31339
DB1-Uio66Zr-BDC_A-irmof6_A_No155,0.015,90.463885,486.6785999999997,920.8192000000006,4251.559199999997,4714.176000000003,12084.0,33088.0,72384.0,91776.0,54.0,152.0,432.0,672.0,632.0,2336.0,4812.0,6360.0,38.94480000000001,137.06480000000013,306.56640000000027,470.5872000000002,1.7689,36.60160000000001,26.493600000000004,105.06999999999998,1600.0,2560.0,7440.0,7360.0,1.0,8.0,10.0,24.0,64.0,176.0,368.0,464.0,2.3716000000000004,8.9936,15.369200000000005,27.22720000000001,0.0,-16.88,-6.619999999999998,-47.07999999999999,0.0,256.0,214.0,776.0,0.0,0.0,0.0,0.0,0.0,42.0,34.0,134.0,0.0,6.480000000000003,5.420000000000001,19.28,128.49843333333334,235.0505,368.1210666666666,429.3432,896.3333333333334,1272.0,1960.6666666666667,2291.6666666666665,16.666666666666668,33.666666666666664,51.333333333333336,61.66666666666666,85.66666666666667,208.66666666666663,278.0,277.0,8.6494,18.15916666666667,26.534333333333333,30.197233333333333,11.8336,8.771999999999998,20.605599999999995,17.543999999999997,64.0,48.0,112.0,96.0,1.0,1.0,2.0,2.0,1.0,3.0,4.0,6.0,0.5328999999999998,0.5621,1.095,1.1242,28.09,59.88999999999999,87.98,119.78,0.0,0.8900000000000002,0.8900000000000002,1.7800000000000005,0.0,2.0,2.0,4.0,0.0,0.0,0.0,0.0,0.0,-2.0,-2.0,-4.0,0.0,-0.04,-0.04,-0.08,0.0,-6.000000000000001,-6.000000000000001,-12.000000000000002,9.985600000000003,8.058,16.116,31.6316,289.0,102.0,204.0,368.3333333333333,1.0,1.0,2.0,4.0,1.0,3.0,6.0,10.0,0.9801,0.7622999999999999,1.5245999999999995,2.7555,213.16,164.98000000000002,329.96000000000004,585.3031716666667,0.0,0.6100000000000003,1.2200000000000006,2.630000000000001,0.0,11.0,22.0,46.333333333333336,0.0,0.0,0.0,0.0,0.0,-2.0,-4.0,-6.0,0.0,0.2199999999999999,0.4399999999999999,1.1766666666666667,0.0,3.2999999999999985,6.599999999999997,18.31074166666666,2235.84,1.4343,0.0,0.0,0.0,212.861,952.04,663.768,0.0,0.0,0.0,104.235,0.04662,0.0325037,0.0,0.0,0.0,628.272,0.281,0.195915,7.31796,3.26046,7.31327
DB1-Uio66Zr-BDC_A-irmof6_A_No155,0.15,130.18589,486.6785999999997,920.8192000000006,4251.559199999997,4714.176000000003,12084.0,33088.0,72384.0,91776.0,54.0,152.0,432.0,672.0,632.0,2336.0,4812.0,6360.0,38.94480000000001,137.06480000000013,306.56640000000027,470.5872000000002,1.7689,36.60160000000001,26.493600000000004,105.06999999999998,1600.0,2560.0,7440.0,7360.0,1.0,8.0,10.0,24.0,64.0,176.0,368.0,464.0,2.3716000000000004,8.9936,15.369200000000005,27.22720000000001,0.0,-16.88,-6.619999999999998,-47.07999999999999,0.0,256.0,214.0,776.0,0.0,0.0,0.0,0.0,0.0,42.0,34.0,134.0,0.0,6.480000000000003,5.420000000000001,19.28,128.49843333333334,235.0505,368.1210666666666,429.3432,896.3333333333334,1272.0,1960.6666666666667,2291.6666666666665,16.666666666666668,33.666666666666664,51.333333333333336,61.66666666666666,85.66666666666667,208.66666666666663,278.0,277.0,8.6494,18.15916666666667,26.534333333333333,30.197233333333333,11.8336,8.771999999999998,20.605599999999995,17.543999999999997,64.0,48.0,112.0,96.0,1.0,1.0,2.0,2.0,1.0,3.0,4.0,6.0,0.5328999999999998,0.5621,1.095,1.1242,28.09,59.88999999999999,87.98,119.78,0.0,0.8900000000000002,0.8900000000000002,1.7800000000000005,0.0,2.0,2.0,4.0,0.0,0.0,0.0,0.0,0.0,-2.0,-2.0,-4.0,0.0,-0.04,-0.04,-0.08,0.0,-6.000000000000001,-6.000000000000001,-12.000000000000002,9.985600000000003,8.058,16.116,31.6316,289.0,102.0,204.0,368.3333333333333,1.0,1.0,2.0,4.0,1.0,3.0,6.0,10.0,0.9801,0.7622999999999999,1.5245999999999995,2.7555,213.16,164.98000000000002,329.96000000000004,585.3031716666667,0.0,0.6100000000000003,1.2200000000000006,2.630000000000001,0.0,11.0,22.0,46.333333333333336,0.0,0.0,0.0,0.0,0.0,-2.0,-4.0,-6.0,0.0,0.2199999999999999,0.4399999999999999,1.1766666666666667,0.0,3.2999999999999985,6.599999999999997,18.31074166666666,2235.84,1.4343,0.0,0.0,0.0,212.861,952.04,663.768,0.0,0.0,0.0,104.235,0.04662,0.0325037,0.0,0.0,0.0,628.272,0.281,0.195915,7.31796,3.26046,7.31327
DB1-Uio66Zr-irmof10_A-irmof14_A_No17,0.015,2.414915,486.6785999999998,920.8191999999996,4251.5592000000015,4714.176000000001,12084.0,33088.0,72384.0,91776.0,54.0,152.0,432.0,672.0,632.0,2336.0,4812.0,6360.0,38.94480000000005,137.06480000000013,306.56640000000016,470.5872000000002,1.7689,36.60160000000001,26.493600000000004,105.06999999999998,1600.0,2560.0,7440.0,7360.0,1.0,8.0,10.0,24.0,64.0,176.0,368.0,464.0,2.3716000000000004,8.9936,15.369200000000005,27.22720000000001,0.0,-16.88,-6.619999999999998,-47.07999999999999,0.0,256.0,214.0,776.0,0.0,0.0,0.0,0.0,0.0,42.0,34.0,134.0,0.0,6.480000000000003,5.420000000000001,19.28,182.7316,369.3080000000001,585.7244,726.366,1200.0,1768.0,2688.0,2990.0,26.666666666666668,56.0,88.0,114.0,144.0,360.0,520.0,575.3333333333334,12.310233333333334,28.42326666666668,42.62333333333334,49.93486666666667,11.8336,8.771999999999998,20.605599999999995,17.543999999999997,64.0,48.0,112.0,96.0,1.0,1.0,2.0,2.0,1.0,3.0,4.0,6.0,0.5328999999999998,0.5621,1.095,1.1242,28.09,59.88999999999999,87.98,119.78,0.0,0.8900000000000002,0.8900000000000002,1.7800000000000005,0.0,2.0,2.0,4.0,0.0,0.0,0.0,0.0,0.0,-2.0,-2.0,-4.0,0.0,-0.04,-0.04,-0.08,0.0,-6.000000000000001,-6.000000000000001,-12.000000000000002,1.4602666666666666,1.2579999999999998,2.516,4.859333333333333,204.16666666666663,35.0,70.0,110.83333333333331,0.1666666666666666,0.1666666666666666,0.3333333333333333,0.6666666666666666,0.1666666666666666,0.5,1.0,1.6666666666666667,0.2166,0.1462999999999999,0.2925999999999999,0.5091999999999999,73.5,39.55,79.10000000000001,134.42488500000002,0.0,0.0683333333333333,0.1366666666666667,0.3316666666666667,0.0,4.833333333333333,9.666666666666666,20.166666666666668,0.0,0.0,0.0,0.0,0.0,-0.3333333333333333,-0.6666666666666666,-1.0,0.0,0.0616666666666666,0.1233333333333333,0.3133333333333333,0.0,1.6166666666666665,3.233333333333333,7.598814999999999,4791.32,0.806297,990.029,2066.3,2562.7,0.0,0.0,0.0,1107.66,0.23118,0.286718,0.0,0.0,0.0,2771.78,0.5785,0.717478,0.0,0.0,0.0,10.06126,6.56005,10.06126
DB1-Uio66Zr-irmof10_A-irmof14_A_No17,0.15,26.588205,486.6785999999998,920.8191999999996,4251.5592000000015,4714.176000000001,12084.0,33088.0,72384.0,91776.0,54.0,152.0,432.0,672.0,632.0,2336.0,4812.0,6360.0,38.94480000000005,137.06480000000013,306.56640000000016,470.5872000000002,1.7689,36.60160000000001,26.493600000000004,105.06999999999998,1600.0,2560.0,7440.0,7360.0,1.0,8.0,10.0,24.0,64.0,176.0,368.0,464.0,2.3716000000000004,8.9936,15.369200000000005,27.22720000000001,0.0,-16.88,-6.619999999999998,-47.07999999999999,0.0,256.0,214.0,776.0,0.0,0.0,0.0,0.0,0.0,42.0,34.0,134.0,0.0,6.480000000000003,5.420000000000001,19.28,182.7316,369.3080000000001,585.7244,726.366,1200.0,1768.0,2688.0,2990.0,26.666666666666668,56.0,88.0,114.0,144.0,360.0,520.0,575.3333333333334,12.310233333333334,28.42326666666668,42.62333333333334,49.93486666666667,11.8336,8.771999999999998,20.605599999999995,17.543999999999997,64.0,48.0,112.0,96.0,1.0,1.0,2.0,2.0,1.0,3.0,4.0,6.0,0.5328999999999998,0.5621,1.095,1.1242,28.09,59.88999999999999,87.98,119.78,0.0,0.8900000000000002,0.8900000000000002,1.7800000000000005,0.0,2.0,2.0,4.0,0.0,0.0,0.0,0.0,0.0,-2.0,-2.0,-4.0,0.0,-0.04,-0.04,-0.08,0.0,-6.000000000000001,-6.000000000000001,-12.000000000000002,1.4602666666666666,1.2579999999999998,2.516,4.859333333333333,204.16666666666663,35.0,70.0,110.83333333333331,0.1666666666666666,0.1666666666666666,0.3333333333333333,0.6666666666666666,0.1666666666666666,0.5,1.0,1.6666666666666667,0.2166,0.1462999999999999,0.2925999999999999,0.5091999999999999,73.5,39.55,79.10000000000001,134.42488500000002,0.0,0.0683333333333333,0.1366666666666667,0.3316666666666667,0.0,4.833333333333333,9.666666666666666,20.166666666666668,0.0,0.0,0.0,0.0,0.0,-0.3333333333333333,-0.6666666666666666,-1.0,0.0,0.0616666666666666,0.1233333333333333,0.3133333333333333,0.0,1.6166666666666665,3.233333333333333,7.598814999999999,4791.32,0.806297,990.029,2066.3,2562.7,0.0,0.0,0.0,1107.66,0.23118,0.286718,0.0,0.0,0.0,2771.78,0.5785,0.717478,0.0,0.0,0.0,10.06126,6.56005,10.06126
DB1-Uio66Zr-irmof8_A-imd_No4,0.015,153.56903,486.6785999999998,920.8191999999996,4251.5592000000015,4714.176000000001,12084.0,33088.0,72384.0,91776.0,54.0,152.0,432.0,672.0,632.0,2336.0,4812.0,6360.0,38.94480000000005,137.06480000000013,306.56640000000016,470.5872000000002,1.7689,36.60160000000001,26.493600000000004,105.06999999999998,1600.0,2560.0,7440.0,7360.0,1.0,8.0,10.0,24.0,64.0,176.0,368.0,464.0,2.3716000000000004,8.9936,15.369200000000005,27.22720000000001,0.0,-16.88,-6.619999999999998,-47.07999999999999,0.0,256.0,214.0,776.0,0.0,0.0,0.0,0.0,0.0,42.0,34.0,134.0,0.0,6.480000000000003,5.420000000000001,19.28,219.1344,448.341,751.3203999999997,889.542,846.0,1776.0,2728.0,3312.0,34.0,70.0,120.0,140.0,190.0,462.0,664.0,868.0,13.534600000000006,32.63260000000002,49.86160000000001,62.80120000000005,11.8336,8.771999999999998,20.605599999999995,17.543999999999997,64.0,48.0,112.0,96.0,1.0,1.0,2.0,2.0,1.0,3.0,4.0,6.0,0.5328999999999998,0.5621,1.095,1.1242,28.09,59.88999999999999,87.98,119.78,0.0,0.8900000000000002,0.8900000000000002,1.7800000000000005,0.0,2.0,2.0,4.0,0.0,0.0,0.0,0.0,0.0,-2.0,-2.0,-4.0,0.0,-0.04,-0.04,-0.08,0.0,-6.000000000000001,-6.000000000000001,-12.000000000000002,0.0,0.0,0.0,0.0,0.0,0.0,0.0,0.0,0.0,0.0,0.0,0.0,0.0,0.0,0.0,0.0,0.0,0.0,0.0,0.0,0.0,0.0,0.0,0.0,0.0,0.0,0.0,0.0,0.0,0.0,0.0,0.0,0.0,0.0,0.0,0.0,0.0,0.0,0.0,0.0,0.0,0.0,0.0,0.0,0.0,0.0,0.0,0.0,3454.13,1.10622,0.0,0.0,0.0,374.033,1082.86,978.882,0.0,0.0,0.0,281.719,0.08156,0.0737287,0.0,0.0,0.0,1172.68,0.3395,0.306902,8.68499,2.3057,8.61114
DB1-Uio66Zr-irmof8_A-imd_No4,0.15,239.765085,486.6785999999998,920.8191999999996,4251.5592000000015,4714.176000000001,12084.0,33088.0,72384.0,91776.0,54.0,152.0,432.0,672.0,632.0,2336.0,4812.0,6360.0,38.94480000000005,137.06480000000013,306.56640000000016,470.5872000000002,1.7689,36.60160000000001,26.493600000000004,105.06999999999998,1600.0,2560.0,7440.0,7360.0,1.0,8.0,10.0,24.0,64.0,176.0,368.0,464.0,2.3716000000000004,8.9936,15.369200000000005,27.22720000000001,0.0,-16.88,-6.619999999999998,-47.07999999999999,0.0,256.0,214.0,776.0,0.0,0.0,0.0,0.0,0.0,42.0,34.0,134.0,0.0,6.480000000000003,5.420000000000001,19.28,219.1344,448.341,751.3203999999997,889.542,846.0,1776.0,2728.0,3312.0,34.0,70.0,120.0,140.0,190.0,462.0,664.0,868.0,13.534600000000006,32.63260000000002,49.86160000000001,62.80120000000005,11.8336,8.771999999999998,20.605599999999995,17.543999999999997,64.0,48.0,112.0,96.0,1.0,1.0,2.0,2.0,1.0,3.0,4.0,6.0,0.5328999999999998,0.5621,1.095,1.1242,28.09,59.88999999999999,87.98,119.78,0.0,0.8900000000000002,0.8900000000000002,1.7800000000000005,0.0,2.0,2.0,4.0,0.0,0.0,0.0,0.0,0.0,-2.0,-2.0,-4.0,0.0,-0.04,-0.04,-0.08,0.0,-6.000000000000001,-6.000000000000001,-12.000000000000002,0.0,0.0,0.0,0.0,0.0,0.0,0.0,0.0,0.0,0.0,0.0,0.0,0.0,0.0,0.0,0.0,0.0,0.0,0.0,0.0,0.0,0.0,0.0,0.0,0.0,0.0,0.0,0.0,0.0,0.0,0.0,0.0,0.0,0.0,0.0,0.0,0.0,0.0,0.0,0.0,0.0,0.0,0.0,0.0,0.0,0.0,0.0,0.0,3454.13,1.10622,0.0,0.0,0.0,374.033,1082.86,978.882,0.0,0.0,0.0,281.719,0.08156,0.0737287,0.0,0.0,0.0,1172.68,0.3395,0.306902,8.68499,2.3057,8.61114
DB1-Uio66Zr-BDC_A-irmof7_A_No387,0.015,144.64341,486.6785999999997,920.8192000000006,4251.559199999997,4714.176000000003,12084.0,33088.0,72384.0,91776.0,54.0,152.0,432.0,672.0,632.0,2336.0,4812.0,6360.0,38.94480000000001,137.06480000000013,306.56640000000027,470.5872000000002,1.7689,36.60160000000001,26.493600000000004,105.06999999999998,1600.0,2560.0,7440.0,7360.0,1.0,8.0,10.0,24.0,64.0,176.0,368.0,464.0,2.3716000000000004,8.9936,15.369200000000005,27.22720000000001,0.0,-16.88,-6.619999999999998,-47.07999999999999,0.0,256.0,214.0,776.0,0.0,0.0,0.0,0.0,0.0,42.0,34.0,134.0,0.0,6.480000000000003,5.420000000000001,19.28,138.4686,258.7101666666667,389.9864,474.8387,647.0,1188.6666666666667,1770.0,1892.0,18.166666666666668,36.66666666666666,54.333333333333336,68.33333333333333,91.0,220.66666666666663,305.0,324.0,8.485016666666667,18.717533333333336,26.96410000000001,30.85243333333333,11.8336,8.771999999999998,20.605599999999995,17.543999999999997,64.0,48.0,112.0,96.0,1.0,1.0,2.0,2.0,1.0,3.0,4.0,6.0,0.5328999999999998,0.5621,1.095,1.1242,28.09,59.88999999999999,87.98,119.78,0.0,0.8900000000000002,0.8900000000000002,1.7800000000000005,0.0,2.0,2.0,4.0,0.0,0.0,0.0,0.0,0.0,-2.0,-2.0,-4.0,0.0,-0.04,-0.04,-0.08,0.0,-6.000000000000001,-6.000000000000001,-12.000000000000002,11.8336,16.34,17.543999999999997,34.394266666666674,64.0,56.0,96.0,154.66666666666666,1.0,2.0,2.0,4.0,4.0,8.0,12.0,19.666666666666668,0.5328999999999998,0.8322000000000002,1.1242,1.9515333333333336,28.09,83.77768300000001,119.78,198.257683,0.0,2.1299999999999994,1.7800000000000005,3.7616666666666654,0.0,9.0,4.0,12.666666666666666,0.0,0.0,0.0,0.0,0.0,0.0,-2.0,-1.8333333333333333,0.0,0.3199999999999999,-0.08,0.2466666666666665,0.0,-5.207110000000001,-12.000000000000002,-16.207110000000004,2235.84,1.35624,0.0,0.0,0.0,251.394,1124.38,829.042,0.0,0.0,0.0,123.732,0.05534,0.040804,0.0,0.0,0.0,694.229,0.3105,0.228942,7.04952,3.70223,7.04952
DB1-Uio66Zr-BDC_A-irmof7_A_No387,0.15,139.75728,486.6785999999997,920.8192000000006,4251.559199999997,4714.176000000003,12084.0,33088.0,72384.0,91776.0,54.0,152.0,432.0,672.0,632.0,2336.0,4812.0,6360.0,38.94480000000001,137.06480000000013,306.56640000000027,470.5872000000002,1.7689,36.60160000000001,26.493600000000004,105.06999999999998,1600.0,2560.0,7440.0,7360.0,1.0,8.0,10.0,24.0,64.0,176.0,368.0,464.0,2.3716000000000004,8.9936,15.369200000000005,27.22720000000001,0.0,-16.88,-6.619999999999998,-47.07999999999999,0.0,256.0,214.0,776.0,0.0,0.0,0.0,0.0,0.0,42.0,34.0,134.0,0.0,6.480000000000003,5.420000000000001,19.28,138.4686,258.7101666666667,389.9864,474.8387,647.0,1188.6666666666667,1770.0,1892.0,18.166666666666668,36.66666666666666,54.333333333333336,68.33333333333333,91.0,220.66666666666663,305.0,324.0,8.485016666666667,18.717533333333336,26.96410000000001,30.85243333333333,11.8336,8.771999999999998,20.605599999999995,17.543999999999997,64.0,48.0,112.0,96.0,1.0,1.0,2.0,2.0,1.0,3.0,4.0,6.0,0.5328999999999998,0.5621,1.095,1.1242,28.09,59.88999999999999,87.98,119.78,0.0,0.8900000000000002,0.8900000000000002,1.7800000000000005,0.0,2.0,2.0,4.0,0.0,0.0,0.0,0.0,0.0,-2.0,-2.0,-4.0,0.0,-0.04,-0.04,-0.08,0.0,-6.000000000000001,-6.000000000000001,-12.000000000000002,11.8336,16.34,17.543999999999997,34.394266666666674,64.0,56.0,96.0,154.66666666666666,1.0,2.0,2.0,4.0,4.0,8.0,12.0,19.666666666666668,0.5328999999999998,0.8322000000000002,1.1242,1.9515333333333336,28.09,83.77768300000001,119.78,198.257683,0.0,2.1299999999999994,1.7800000000000005,3.7616666666666654,0.0,9.0,4.0,12.666666666666666,0.0,0.0,0.0,0.0,0.0,0.0,-2.0,-1.8333333333333333,0.0,0.3199999999999999,-0.08,0.2466666666666665,0.0,-5.207110000000001,-12.000000000000002,-16.207110000000004,2235.84,1.35624,0.0,0.0,0.0,251.394,1124.38,829.042,0.0,0.0,0.0,123.732,0.05534,0.040804,0.0,0.0,0.0,694.229,0.3105,0.228942,7.04952,3.70223,7.04952
DB12-acs.jpcc.6b08594_UiO66_Ce2Zr4_opt_freeONLY,0.015,11.12014,485.6495999999996,897.7023999999998,4234.826399999999,4656.384000000001,15612.0,37696.0,85776.0,103296.0,54.0,152.0,432.0,672.0,632.0,2336.0,4812.0,6360.0,39.51540000000004,139.16720000000004,310.15919999999994,475.84320000000014,1.5974000000000002,34.67520000000001,24.7268,99.54,2188.0,2944.0,9516.0,8464.0,1.0,8.0,10.0,24.0,64.0,176.0,368.0,464.0,2.4667,9.1688,15.8534,27.75760000000001,0.0,-17.439999999999998,-7.039999999999999,-48.75999999999999,0.0,304.0,250.0,920.0,0.0,0.0,0.0,0.0,0.0,42.0,34.0,134.0,0.0,6.720000000000002,5.6000000000000005,20.0,118.7144,219.096,337.3204,385.387,548.0,1008.0,1456.0,1420.0,16.0,32.0,48.0,58.0,80.0,192.0,256.0,250.0,7.422399999999999,16.262400000000003,23.0448,24.6794,11.8336,8.771999999999998,20.605599999999995,17.543999999999997,64.0,48.0,112.0,96.0,1.0,1.0,2.0,2.0,1.0,3.0,4.0,6.0,0.5328999999999998,0.5621,1.095,1.1242,28.09,59.88999999999999,87.98,119.78,0.0,0.8900000000000002,0.8900000000000002,1.7800000000000005,0.0,2.0,2.0,4.0,0.0,0.0,0.0,0.0,0.0,-2.0,-2.0,-4.0,0.0,-0.04,-0.04,-0.08,0.0,-6.000000000000001,-6.000000000000001,-12.000000000000002,0.0,0.0,0.0,0.0,0.0,0.0,0.0,0.0,0.0,0.0,0.0,0.0,0.0,0.0,0.0,0.0,0.0,0.0,0.0,0.0,0.0,0.0,0.0,0.0,0.0,0.0,0.0,0.0,0.0,0.0,0.0,0.0,0.0,0.0,0.0,0.0,0.0,0.0,0.0,0.0,0.0,0.0,0.0,0.0,0.0,0.0,0.0,0.0,4598.67,1.27238,463.912,1008.8,792.844,126.453,274.978,216.114,285.485,0.06208,0.0487906,68.4281,0.01488,0.0116947,1225.54,0.2665,0.209451,365.594,0.0795,0.0624815,8.49751,4.07254,8.49751
DB12-acs.jpcc.6b08594_UiO66_Ce2Zr4_opt_freeONLY,0.15,72.091395,485.6495999999996,897.7023999999998,4234.826399999999,4656.384000000001,15612.0,37696.0,85776.0,103296.0,54.0,152.0,432.0,672.0,632.0,2336.0,4812.0,6360.0,39.51540000000004,139.16720000000004,310.15919999999994,475.84320000000014,1.5974000000000002,34.67520000000001,24.7268,99.54,2188.0,2944.0,9516.0,8464.0,1.0,8.0,10.0,24.0,64.0,176.0,368.0,464.0,2.4667,9.1688,15.8534,27.75760000000001,0.0,-17.439999999999998,-7.039999999999999,-48.75999999999999,0.0,304.0,250.0,920.0,0.0,0.0,0.0,0.0,0.0,42.0,34.0,134.0,0.0,6.720000000000002,5.6000000000000005,20.0,118.7144,219.096,337.3204,385.387,548.0,1008.0,1456.0,1420.0,16.0,32.0,48.0,58.0,80.0,192.0,256.0,250.0,7.422399999999999,16.262400000000003,23.0448,24.6794,11.8336,8.771999999999998,20.605599999999995,17.543999999999997,64.0,48.0,112.0,96.0,1.0,1.0,2.0,2.0,1.0,3.0,4.0,6.0,0.5328999999999998,0.5621,1.095,1.1242,28.09,59.88999999999999,87.98,119.78,0.0,0.8900000000000002,0.8900000000000002,1.7800000000000005,0.0,2.0,2.0,4.0,0.0,0.0,0.0,0.0,0.0,-2.0,-2.0,-4.0,0.0,-0.04,-0.04,-0.08,0.0,-6.000000000000001,-6.000000000000001,-12.000000000000002,0.0,0.0,0.0,0.0,0.0,0.0,0.0,0.0,0.0,0.0,0.0,0.0,0.0,0.0,0.0,0.0,0.0,0.0,0.0,0.0,0.0,0.0,0.0,0.0,0.0,0.0,0.0,0.0,0.0,0.0,0.0,0.0,0.0,0.0,0.0,0.0,0.0,0.0,0.0,0.0,0.0,0.0,0.0,0.0,0.0,0.0,0.0,0.0,4598.67,1.27238,463.912,1008.8,792.844,126.453,274.978,216.114,285.485,0.06208,0.0487906,68.4281,0.01488,0.0116947,1225.54,0.2665,0.209451,365.594,0.0795,0.0624815,8.49751,4.07254,8.49751
DB1-Uio66Zr-BDC_A-DABCO_A_No16,0.015,549.86123,97.1935166666666,173.70853333333343,712.7581999999994,785.6960000000005,2104.833333333333,5634.666666666667,12094.0,15296.0,11.5,28.666666666666668,73.66666666666667,112.0,110.33333333333331,396.0,803.6666666666666,1060.0,8.903050000000002,25.39913333333336,52.80123333333338,78.43120000000003,1.4014000000000004,21.49687272727274,15.58696363636364,59.58272727272726,876.8181818181819,1407.2727272727273,4066.363636363637,4030.909090909091,1.0,4.818181818181819,5.909090909090909,14.0,35.36363636363637,96.90909090909088,202.0909090909091,258.72727272727275,2.097645454545455,5.346918181818182,8.848700000000003,15.782200000000003,0.0,-10.325454545454546,-4.324545454545453,-27.10727272727272,0.0,137.36363636363637,115.36363636363636,420.54545454545456,0.0,0.0,0.0,0.0,0.0,22.454545454545453,17.636363636363637,70.90909090909089,0.0,3.807272727272729,3.2109090909090914,11.025454545454544,123.48323333333332,223.3885,350.2404,404.778,611.8333333333334,1106.0,1676.0,1753.0,15.666666666666666,31.666666666666668,48.0,56.66666666666666,79.66666666666667,192.0,255.3333333333333,241.66666666666663,7.858766666666665,16.937433333333335,24.790133333333333,26.9918,11.8336,8.771999999999997,20.04894545454545,21.312363636363635,64.0,48.0,109.09090909090908,110.54545454545456,1.0,1.0,2.0,2.454545454545454,1.0,3.0,4.454545454545454,6.727272727272726,0.5328999999999998,0.5621,1.100309090909091,1.326609090909091,28.09,59.88999999999999,93.7618181818182,140.45685145454544,0.0,0.8900000000000005,1.051818181818182,2.248181818181818,0.0,2.0,2.363636363636364,5.818181818181817,0.0,0.0,0.0,0.0,0.0,-2.0,-2.454545454545454,-4.2727272727272725,0.0,-0.04,-0.0472727272727273,-0.0254545454545455,0.0,-6.000000000000001,-7.090909090909093,-13.49220181818182,0.0,0.0,0.0,0.0,0.0,0.0,0.0,0.0,0.0,0.0,0.0,0.0,0.0,0.0,0.0,0.0,0.0,0.0,0.0,0.0,0.0,0.0,0.0,0.0,0.0,0.0,0.0,0.0,0.0,0.0,0.0,0.0,0.0,0.0,0.0,0.0,0.0,0.0,0.0,0.0,0.0,0.0,0.0,0.0,0.0,0.0,0.0,0.0,2235.84,1.33217,0.0,0.0,0.0,124.641,557.467,418.464,0.0,0.0,0.0,55.6278,0.02488,0.0186762,0.0,0.0,0.0,389.037,0.174,0.130614,6.6053,2.90495,6.60427
DB1-Uio66Zr-BDC_A-DABCO_A_No16,0.15,240.072225,97.1935166666666,173.70853333333343,712.7581999999994,785.6960000000005,2104.833333333333,5634.666666666667,12094.0,15296.0,11.5,28.666666666666668,73.66666666666667,112.0,110.33333333333331,396.0,803.6666666666666,1060.0,8.903050000000002,25.39913333333336,52.80123333333338,78.43120000000003,1.4014000000000004,21.49687272727274,15.58696363636364,59.58272727272726,876.8181818181819,1407.2727272727273,4066.363636363637,4030.909090909091,1.0,4.818181818181819,5.909090909090909,14.0,35.36363636363637,96.90909090909088,202.0909090909091,258.72727272727275,2.097645454545455,5.346918181818182,8.848700000000003,15.782200000000003,0.0,-10.325454545454546,-4.324545454545453,-27.10727272727272,0.0,137.36363636363637,115.36363636363636,420.54545454545456,0.0,0.0,0.0,0.0,0.0,22.454545454545453,17.636363636363637,70.90909090909089,0.0,3.807272727272729,3.2109090909090914,11.025454545454544,123.48323333333332,223.3885,350.2404,404.778,611.8333333333334,1106.0,1676.0,1753.0,15.666666666666666,31.666666666666668,48.0,56.66666666666666,79.66666666666667,192.0,255.3333333333333,241.66666666666663,7.858766666666665,16.937433333333335,24.790133333333333,26.9918,11.8336,8.771999999999997,20.04894545454545,21.312363636363635,64.0,48.0,109.09090909090908,110.54545454545456,1.0,1.0,2.0,2.454545454545454,1.0,3.0,4.454545454545454,6.727272727272726,0.5328999999999998,0.5621,1.100309090909091,1.326609090909091,28.09,59.88999999999999,93.7618181818182,140.45685145454544,0.0,0.8900000000000005,1.051818181818182,2.248181818181818,0.0,2.0,2.363636363636364,5.818181818181817,0.0,0.0,0.0,0.0,0.0,-2.0,-2.454545454545454,-4.2727272727272725,0.0,-0.04,-0.0472727272727273,-0.0254545454545455,0.0,-6.000000000000001,-7.090909090909093,-13.49220181818182,0.0,0.0,0.0,0.0,0.0,0.0,0.0,0.0,0.0,0.0,0.0,0.0,0.0,0.0,0.0,0.0,0.0,0.0,0.0,0.0,0.0,0.0,0.0,0.0,0.0,0.0,0.0,0.0,0.0,0.0,0.0,0.0,0.0,0.0,0.0,0.0,0.0,0.0,0.0,0.0,0.0,0.0,0.0,0.0,0.0,0.0,0.0,0.0,2235.84,1.33217,0.0,0.0,0.0,124.641,557.467,418.464,0.0,0.0,0.0,55.6278,0.02488,0.0186762,0.0,0.0,0.0,389.037,0.174,0.130614,6.6053,2.90495,6.60427
DB1-Uio66Zr-irmof10_A-irmof14_A_No191,0.015,4.133675,486.6785999999998,920.8191999999996,4251.5592000000015,4714.176000000001,12084.0,33088.0,72384.0,91776.0,54.0,152.0,432.0,672.0,632.0,2336.0,4812.0,6360.0,38.94480000000005,137.06480000000013,306.56640000000016,470.5872000000002,1.7689,36.60160000000001,26.493600000000004,105.06999999999996,1600.0,2560.0,7440.0,7360.0,1.0,8.0,10.0,24.0,64.0,176.0,368.0,464.0,2.3716000000000004,8.9936,15.369200000000005,27.22720000000001,0.0,-16.88,-6.619999999999998,-47.07999999999999,0.0,256.0,214.0,776.0,0.0,0.0,0.0,0.0,0.0,42.0,34.0,134.0,0.0,6.480000000000003,5.420000000000001,19.280000000000005,197.88946666666664,390.4826666666666,615.3724000000001,785.1657333333333,1314.6666666666667,2018.6666666666667,3176.0,3798.6666666666665,27.33333333333333,57.333333333333336,89.33333333333333,116.66666666666669,146.66666666666666,366.6666666666667,532.0,597.3333333333334,13.683266666666668,30.34906666666668,46.13453333333334,56.23033333333334,11.8336,8.771999999999998,20.605599999999995,17.543999999999997,64.0,48.0,112.0,96.0,1.0,1.0,2.0,2.0,1.0,3.0,4.0,6.0,0.5328999999999998,0.5621,1.095,1.1242,28.09,59.88999999999999,87.98,119.78,0.0,0.8900000000000002,0.8900000000000002,1.7800000000000005,0.0,2.0,2.0,4.0,0.0,0.0,0.0,0.0,0.0,-2.0,-2.0,-4.0,0.0,-0.04,-0.04,-0.08,0.0,-6.000000000000001,-6.000000000000001,-12.000000000000002,10.2936,9.438333333333333,16.354,32.2966,251.5,94.33333333333331,186.0,303.8333333333333,1.0,1.1666666666666667,2.0,4.0,1.5,3.8333333333333335,7.0,12.0,0.9055666666666666,0.77395,1.4578666666666666,2.580866666666666,182.315,151.44628050000003,294.93,501.9131716666668,0.0,0.8633333333333336,1.313333333333334,2.770000000000001,0.0,10.666666666666666,19.0,41.833333333333336,0.0,0.0,0.0,0.0,0.0,-1.6666666666666667,-3.6666666666666665,-5.5,0.0,0.2366666666666666,0.3533333333333333,1.0466666666666666,0.0,1.882148333333332,3.499999999999998,13.66074166666666,4791.32,0.893166,905.323,1889.51,2115.52,0.0,0.0,0.0,781.368,0.16308,0.182586,0.0,0.0,0.0,2309.42,0.482,0.539653,0.0,0.0,0.0,10.06126,4.37171,10.05914
DB1-Uio66Zr-irmof10_A-irmof14_A_No191,0.15,37.19214,486.6785999999998,920.8191999999996,4251.5592000000015,4714.176000000001,12084.0,33088.0,72384.0,91776.0,54.0,152.0,432.0,672.0,632.0,2336.0,4812.0,6360.0,38.94480000000005,137.06480000000013,306.56640000000016,470.5872000000002,1.7689,36.60160000000001,26.493600000000004,105.06999999999996,1600.0,2560.0,7440.0,7360.0,1.0,8.0,10.0,24.0,64.0,176.0,368.0,464.0,2.3716000000000004,8.9936,15.369200000000005,27.22720000000001,0.0,-16.88,-6.619999999999998,-47.07999999999999,0.0,256.0,214.0,776.0,0.0,0.0,0.0,0.0,0.0,42.0,34.0,134.0,0.0,6.480000000000003,5.420000000000001,19.280000000000005,197.88946666666664,390.4826666666666,615.3724000000001,785.1657333333333,1314.6666666666667,2018.6666666666667,3176.0,3798.6666666666665,27.33333333333333,57.333333333333336,89.33333333333333,116.66666666666669,146.66666666666666,366.6666666666667,532.0,597.3333333333334,13.683266666666668,30.34906666666668,46.13453333333334,56.23033333333334,11.8336,8.771999999999998,20.605599999999995,17.543999999999997,64.0,48.0,112.0,96.0,1.0,1.0,2.0,2.0,1.0,3.0,4.0,6.0,0.5328999999999998,0.5621,1.095,1.1242,28.09,59.88999999999999,87.98,119.78,0.0,0.8900000000000002,0.8900000000000002,1.7800000000000005,0.0,2.0,2.0,4.0,0.0,0.0,0.0,0.0,0.0,-2.0,-2.0,-4.0,0.0,-0.04,-0.04,-0.08,0.0,-6.000000000000001,-6.000000000000001,-12.000000000000002,10.2936,9.438333333333333,16.354,32.2966,251.5,94.33333333333331,186.0,303.8333333333333,1.0,1.1666666666666667,2.0,4.0,1.5,3.8333333333333335,7.0,12.0,0.9055666666666666,0.77395,1.4578666666666666,2.580866666666666,182.315,151.44628050000003,294.93,501.9131716666668,0.0,0.8633333333333336,1.313333333333334,2.770000000000001,0.0,10.666666666666666,19.0,41.833333333333336,0.0,0.0,0.0,0.0,0.0,-1.6666666666666667,-3.6666666666666665,-5.5,0.0,0.2366666666666666,0.3533333333333333,1.0466666666666666,0.0,1.882148333333332,3.499999999999998,13.66074166666666,4791.32,0.893166,905.323,1889.51,2115.52,0.0,0.0,0.0,781.368,0.16308,0.182586,0.0,0.0,0.0,2309.42,0.482,0.539653,0.0,0.0,0.0,10.06126,4.37171,10.05914
DB1-Uio66Zr-BDC_A-irmof6_A_No143,0.015,106.58785,486.6785999999997,920.8192000000006,4251.559199999997,4714.176000000003,12084.0,33088.0,72384.0,91776.0,54.0,152.0,432.0,672.0,632.0,2336.0,4812.0,6360.0,38.94480000000001,137.06480000000013,306.56640000000027,470.5872000000002,1.7689,36.60160000000001,26.493600000000004,105.06999999999998,1600.0,2560.0,7440.0,7360.0,1.0,8.0,10.0,24.0,64.0,176.0,368.0,464.0,2.3716000000000004,8.9936,15.369200000000005,27.22720000000001,0.0,-16.88,-6.619999999999998,-47.07999999999999,0.0,256.0,214.0,776.0,0.0,0.0,0.0,0.0,0.0,42.0,34.0,134.0,0.0,6.480000000000003,5.420000000000001,19.28,128.09043333333335,234.7105,367.4410666666666,427.9151999999999,1208.3333333333333,1344.0,2104.6666666666665,2819.6666666666665,16.666666666666668,33.666666666666664,51.333333333333336,61.66666666666666,85.66666666666667,208.66666666666663,278.0,277.0,8.755899999999999,18.23616666666668,26.688333333333333,30.53473333333333,11.8336,8.771999999999998,20.605599999999995,17.543999999999997,64.0,48.0,112.0,96.0,1.0,1.0,2.0,2.0,1.0,3.0,4.0,6.0,0.5328999999999998,0.5621,1.095,1.1242,28.09,59.88999999999999,87.98,119.78,0.0,0.8900000000000002,0.8900000000000002,1.7800000000000005,0.0,2.0,2.0,4.0,0.0,0.0,0.0,0.0,0.0,-2.0,-2.0,-4.0,0.0,-0.04,-0.04,-0.08,0.0,-6.000000000000001,-6.000000000000001,-12.000000000000002,9.781600000000005,7.973,15.946,31.172600000000003,445.0,120.0,240.0,578.3333333333334,1.0,1.0,2.0,4.0,1.0,3.0,6.0,10.0,1.03335,0.7815499999999999,1.5630999999999995,2.8665,251.13333333333333,177.03333333333333,354.06666666666666,659.436505,0.0,0.576666666666667,1.153333333333334,2.5300000000000007,0.0,14.0,28.0,55.333333333333336,0.0,0.0,0.0,0.0,0.0,-2.0,-4.0,-6.0,0.0,0.2449999999999999,0.4899999999999999,1.2516666666666667,0.0,4.366666666666666,8.733333333333333,21.51074166666666,2235.84,1.50032,0.0,0.0,0.0,209.421,936.652,624.3,0.0,0.0,0.0,102.402,0.0458,0.0305268,0.0,0.0,0.0,623.8,0.279,0.18596,7.31796,3.26046,7.31339
DB1-Uio66Zr-BDC_A-irmof6_A_No143,0.15,118.369765,486.6785999999997,920.8192000000006,4251.559199999997,4714.176000000003,12084.0,33088.0,72384.0,91776.0,54.0,152.0,432.0,672.0,632.0,2336.0,4812.0,6360.0,38.94480000000001,137.06480000000013,306.56640000000027,470.5872000000002,1.7689,36.60160000000001,26.493600000000004,105.06999999999998,1600.0,2560.0,7440.0,7360.0,1.0,8.0,10.0,24.0,64.0,176.0,368.0,464.0,2.3716000000000004,8.9936,15.369200000000005,27.22720000000001,0.0,-16.88,-6.619999999999998,-47.07999999999999,0.0,256.0,214.0,776.0,0.0,0.0,0.0,0.0,0.0,42.0,34.0,134.0,0.0,6.480000000000003,5.420000000000001,19.28,128.09043333333335,234.7105,367.4410666666666,427.9151999999999,1208.3333333333333,1344.0,2104.6666666666665,2819.6666666666665,16.666666666666668,33.666666666666664,51.333333333333336,61.66666666666666,85.66666666666667,208.66666666666663,278.0,277.0,8.755899999999999,18.23616666666668,26.688333333333333,30.53473333333333,11.8336,8.771999999999998,20.605599999999995,17.543999999999997,64.0,48.0,112.0,96.0,1.0,1.0,2.0,2.0,1.0,3.0,4.0,6.0,0.5328999999999998,0.5621,1.095,1.1242,28.09,59.88999999999999,87.98,119.78,0.0,0.8900000000000002,0.8900000000000002,1.7800000000000005,0.0,2.0,2.0,4.0,0.0,0.0,0.0,0.0,0.0,-2.0,-2.0,-4.0,0.0,-0.04,-0.04,-0.08,0.0,-6.000000000000001,-6.000000000000001,-12.000000000000002,9.781600000000005,7.973,15.946,31.172600000000003,445.0,120.0,240.0,578.3333333333334,1.0,1.0,2.0,4.0,1.0,3.0,6.0,10.0,1.03335,0.7815499999999999,1.5630999999999995,2.8665,251.13333333333333,177.03333333333333,354.06666666666666,659.436505,0.0,0.576666666666667,1.153333333333334,2.5300000000000007,0.0,14.0,28.0,55.333333333333336,0.0,0.0,0.0,0.0,0.0,-2.0,-4.0,-6.0,0.0,0.2449999999999999,0.4899999999999999,1.2516666666666667,0.0,4.366666666666666,8.733333333333333,21.51074166666666,2235.84,1.50032,0.0,0.0,0.0,209.421,936.652,624.3,0.0,0.0,0.0,102.402,0.0458,0.0305268,0.0,0.0,0.0,623.8,0.279,0.18596,7.31796,3.26046,7.31339
DB1-Uio66Zr-irmof6_A-irmof7_A_No160,0.015,341.096195,486.6785999999998,920.8192000000008,4251.559199999997,4714.176000000006,12084.0,33088.0,72384.0,91776.0,54.0,152.0,432.0,672.0,632.0,2336.0,4812.0,6360.0,38.9448,137.06480000000005,306.5664,470.5872000000002,1.7689,36.60160000000001,26.493600000000004,105.06999999999998,1600.0,2560.0,7440.0,7360.0,1.0,8.0,10.0,24.0,64.0,176.0,368.0,464.0,2.3716000000000004,8.9936,15.369200000000005,27.22720000000001,0.0,-16.88,-6.619999999999998,-47.07999999999999,0.0,256.0,214.0,776.0,0.0,0.0,0.0,0.0,0.0,42.0,34.0,134.0,0.0,6.480000000000003,5.420000000000001,19.28,167.23409999999998,327.806,506.7597333333333,624.6723666666667,762.0,1472.0,2203.333333333333,2623.6666666666665,22.33333333333333,46.66666666666666,72.66666666666667,90.0,122.66666666666669,312.3333333333333,430.0,488.6666666666667,10.145433333333337,23.54386666666668,34.671266666666675,41.28526666666668,11.8336,8.771999999999998,20.605599999999995,17.543999999999997,64.0,48.0,112.0,96.0,1.0,1.0,2.0,2.0,1.0,3.0,4.0,6.0,0.5328999999999998,0.5621,1.095,1.1242,28.09,59.88999999999999,87.98,119.78,0.0,0.8900000000000002,0.8900000000000002,1.7800000000000005,0.0,2.0,2.0,4.0,0.0,0.0,0.0,0.0,0.0,-2.0,-2.0,-4.0,0.0,-0.04,-0.04,-0.08,0.0,-6.000000000000001,-6.000000000000001,-12.000000000000002,11.8336,16.34,17.543999999999997,38.14959999999999,64.0,56.0,96.0,208.0,1.0,2.0,2.0,4.0,4.0,8.0,12.0,22.0,0.5328999999999998,0.8322000000000002,1.1242,2.2192000000000003,28.09,83.77768300000001,119.78,207.76,0.0,2.1299999999999994,1.7800000000000005,2.6700000000000004,0.0,9.0,4.0,6.0,0.0,0.0,0.0,0.0,0.0,0.0,-2.0,-3.0,0.0,0.3199999999999999,-0.08,-0.1200000000000001,0.0,-5.207110000000001,-12.000000000000002,-18.000000000000004,2283.85,1.48055,0.0,0.0,0.0,169.393,741.701,500.961,0.0,0.0,0.0,77.6965,0.03402,0.0229779,0.0,0.0,0.0,541.272,0.237,0.160075,6.39507,2.76469,6.39507
DB1-Uio66Zr-irmof6_A-irmof7_A_No160,0.15,273.25906,486.6785999999998,920.8192000000008,4251.559199999997,4714.176000000006,12084.0,33088.0,72384.0,91776.0,54.0,152.0,432.0,672.0,632.0,2336.0,4812.0,6360.0,38.9448,137.06480000000005,306.5664,470.5872000000002,1.7689,36.60160000000001,26.493600000000004,105.06999999999998,1600.0,2560.0,7440.0,7360.0,1.0,8.0,10.0,24.0,64.0,176.0,368.0,464.0,2.3716000000000004,8.9936,15.369200000000005,27.22720000000001,0.0,-16.88,-6.619999999999998,-47.07999999999999,0.0,256.0,214.0,776.0,0.0,0.0,0.0,0.0,0.0,42.0,34.0,134.0,0.0,6.480000000000003,5.420000000000001,19.28,167.23409999999998,327.806,506.7597333333333,624.6723666666667,762.0,1472.0,2203.333333333333,2623.6666666666665,22.33333333333333,46.66666666666666,72.66666666666667,90.0,122.66666666666669,312.3333333333333,430.0,488.6666666666667,10.145433333333337,23.54386666666668,34.671266666666675,41.28526666666668,11.8336,8.771999999999998,20.605599999999995,17.543999999999997,64.0,48.0,112.0,96.0,1.0,1.0,2.0,2.0,1.0,3.0,4.0,6.0,0.5328999999999998,0.5621,1.095,1.1242,28.09,59.88999999999999,87.98,119.78,0.0,0.8900000000000002,0.8900000000000002,1.7800000000000005,0.0,2.0,2.0,4.0,0.0,0.0,0.0,0.0,0.0,-2.0,-2.0,-4.0,0.0,-0.04,-0.04,-0.08,0.0,-6.000000000000001,-6.000000000000001,-12.000000000000002,11.8336,16.34,17.543999999999997,38.14959999999999,64.0,56.0,96.0,208.0,1.0,2.0,2.0,4.0,4.0,8.0,12.0,22.0,0.5328999999999998,0.8322000000000002,1.1242,2.2192000000000003,28.09,83.77768300000001,119.78,207.76,0.0,2.1299999999999994,1.7800000000000005,2.6700000000000004,0.0,9.0,4.0,6.0,0.0,0.0,0.0,0.0,0.0,0.0,-2.0,-3.0,0.0,0.3199999999999999,-0.08,-0.1200000000000001,0.0,-5.207110000000001,-12.000000000000002,-18.000000000000004,2283.85,1.48055,0.0,0.0,0.0,169.393,741.701,500.961,0.0,0.0,0.0,77.6965,0.03402,0.0229779,0.0,0.0,0.0,541.272,0.237,0.160075,6.39507,2.76469,6.39507
DB1-Uio66Zr-irmof10_A-irmof14_A_No41,0.015,5.392885,486.6785999999998,920.8191999999996,4251.559200000001,4714.176000000001,12084.0,33088.0,72384.0,91776.0,54.0,152.0,432.0,672.0,632.0,2336.0,4812.0,6360.0,38.94480000000004,137.06480000000013,306.56640000000016,470.5872000000002,1.7689,36.60160000000001,26.493600000000004,105.06999999999998,1600.0,2560.0,7440.0,7360.0,1.0,8.0,10.0,24.0,64.0,176.0,368.0,464.0,2.3716000000000004,8.9936,15.369200000000005,27.22720000000001,0.0,-16.88,-6.619999999999998,-47.07999999999999,0.0,256.0,214.0,776.0,0.0,0.0,0.0,0.0,0.0,42.0,34.0,134.0,0.0,6.480000000000003,5.420000000000001,19.280000000000005,193.35456666666664,386.291,618.1504000000001,771.067,2844.6666666666665,2344.0,3830.0,4800.0,27.666666666666668,58.0,92.0,118.0,150.0,374.0,540.0,607.3333333333334,14.149400000000002,30.77946666666668,47.03973333333335,57.29206666666668,11.8336,8.771999999999998,20.605599999999995,17.543999999999997,64.0,48.0,112.0,96.0,1.0,1.0,2.0,2.0,1.0,3.0,4.0,6.0,0.5328999999999998,0.5621,1.095,1.1242,28.09,59.88999999999999,87.98,119.78,0.0,0.8900000000000002,0.8900000000000002,1.7800000000000005,0.0,2.0,2.0,4.0,0.0,0.0,0.0,0.0,0.0,-2.0,-2.0,-4.0,0.0,-0.04,-0.04,-0.08,0.0,-6.000000000000001,-6.000000000000001,-12.000000000000002,7.301333333333333,6.289999999999999,12.579999999999998,24.296666666666663,1020.8333333333334,175.0,350.0,554.1666666666666,0.8333333333333334,0.8333333333333334,1.6666666666666667,3.333333333333333,0.8333333333333334,2.5,5.0,8.333333333333334,1.083,0.7314999999999999,1.463,2.546,367.5,197.75,395.5,672.1244250000001,0.0,0.3416666666666668,0.6833333333333336,1.6583333333333334,0.0,24.166666666666668,48.333333333333336,100.83333333333331,0.0,0.0,0.0,0.0,0.0,-1.6666666666666667,-3.333333333333333,-5.0,0.0,0.3083333333333332,0.6166666666666665,1.5666666666666662,0.0,8.083333333333334,16.166666666666668,37.994075,4791.32,1.03476,903.618,1885.95,1822.59,0.0,0.0,0.0,999.469,0.2086,0.201592,0.0,0.0,0.0,2596.89,0.542,0.52379,0.0,0.0,0.0,10.06126,6.56005,10.06126
DB1-Uio66Zr-irmof10_A-irmof14_A_No41,0.15,40.978355,486.6785999999998,920.8191999999996,4251.559200000001,4714.176000000001,12084.0,33088.0,72384.0,91776.0,54.0,152.0,432.0,672.0,632.0,2336.0,4812.0,6360.0,38.94480000000004,137.06480000000013,306.56640000000016,470.5872000000002,1.7689,36.60160000000001,26.493600000000004,105.06999999999998,1600.0,2560.0,7440.0,7360.0,1.0,8.0,10.0,24.0,64.0,176.0,368.0,464.0,2.3716000000000004,8.9936,15.369200000000005,27.22720000000001,0.0,-16.88,-6.619999999999998,-47.07999999999999,0.0,256.0,214.0,776.0,0.0,0.0,0.0,0.0,0.0,42.0,34.0,134.0,0.0,6.480000000000003,5.420000000000001,19.280000000000005,193.35456666666664,386.291,618.1504000000001,771.067,2844.6666666666665,2344.0,3830.0,4800.0,27.666666666666668,58.0,92.0,118.0,150.0,374.0,540.0,607.3333333333334,14.149400000000002,30.77946666666668,47.03973333333335,57.29206666666668,11.8336,8.771999999999998,20.605599999999995,17.543999999999997,64.0,48.0,112.0,96.0,1.0,1.0,2.0,2.0,1.0,3.0,4.0,6.0,0.5328999999999998,0.5621,1.095,1.1242,28.09,59.88999999999999,87.98,119.78,0.0,0.8900000000000002,0.8900000000000002,1.7800000000000005,0.0,2.0,2.0,4.0,0.0,0.0,0.0,0.0,0.0,-2.0,-2.0,-4.0,0.0,-0.04,-0.04,-0.08,0.0,-6.000000000000001,-6.000000000000001,-12.000000000000002,7.301333333333333,6.289999999999999,12.579999999999998,24.296666666666663,1020.8333333333334,175.0,350.0,554.1666666666666,0.8333333333333334,0.8333333333333334,1.6666666666666667,3.333333333333333,0.8333333333333334,2.5,5.0,8.333333333333334,1.083,0.7314999999999999,1.463,2.546,367.5,197.75,395.5,672.1244250000001,0.0,0.3416666666666668,0.6833333333333336,1.6583333333333334,0.0,24.166666666666668,48.333333333333336,100.83333333333331,0.0,0.0,0.0,0.0,0.0,-1.6666666666666667,-3.333333333333333,-5.0,0.0,0.3083333333333332,0.6166666666666665,1.5666666666666662,0.0,8.083333333333334,16.166666666666668,37.994075,4791.32,1.03476,903.618,1885.95,1822.59,0.0,0.0,0.0,999.469,0.2086,0.201592,0.0,0.0,0.0,2596.89,0.542,0.52379,0.0,0.0,0.0,10.06126,6.56005,10.06126
DB1-Uio66Zr-irmof6_A-NiC4_No14,0.015,232.40549,486.6785999999997,920.8192000000004,4251.559199999997,4714.176000000003,12084.0,33088.0,72384.0,91776.0,54.0,152.0,432.0,672.0,632.0,2336.0,4812.0,6360.0,38.9448,137.06480000000008,306.5664,470.5872000000003,1.7688999999999997,36.60160000000001,26.49360000000001,105.06999999999996,1600.0,2560.0,7440.0,7360.0,1.0,8.0,10.0,24.0,64.0,176.0,368.0,464.0,2.3716000000000004,8.9936,15.369200000000005,27.22720000000002,0.0,-16.88,-6.62,-47.07999999999999,0.0,256.0,214.0,776.0,0.0,0.0,0.0,0.0,0.0,42.0,34.0,134.0,0.0,6.480000000000003,5.420000000000001,19.28,169.46820000000002,326.6653999999999,520.9035999999999,601.621,798.0,1544.0,2260.0,2494.0,22.0,46.0,74.0,88.0,124.0,316.0,426.0,476.0,10.373400000000002,23.7346,35.0994,40.2888,11.833599999999995,8.771999999999995,20.60559999999999,17.54399999999999,64.0,48.0,112.0,96.0,1.0,1.0,2.0,2.0,1.0,3.0,4.0,6.0,0.5328999999999998,0.5621000000000003,1.095,1.1242000000000003,28.09,59.89000000000001,87.98,119.78000000000002,0.0,0.8900000000000003,0.8900000000000003,1.7800000000000007,0.0,2.0,2.0,4.0,0.0,0.0,0.0,0.0,0.0,-2.0,-2.0,-4.0,0.0,-0.04,-0.04,-0.08,0.0,-6.000000000000001,-6.000000000000001,-12.000000000000002,10.969600000000003,16.527466666666665,18.90506666666666,21.677333333333323,59.0,88.66666666666669,102.6666666666667,108.33333333333331,1.0,1.6666666666666672,2.0,2.6666666666666656,3.6666666666666665,7.0,8.666666666666666,14.0,0.5427666666666668,0.9224999999999998,1.1149999999999998,1.419466666666666,36.98,80.16666666666669,114.40000000000003,174.59087133333333,0.0,0.1633333333333334,0.9200000000000004,1.9566666666666663,0.0,0.3333333333333332,2.0,5.666666666666668,0.0,0.0,0.0,0.0,0.0,0.0,-1.3333333333333328,-2.0,0.0,-0.0066666666666666,-0.04,0.0533333333333332,0.0,-1.3000000000000005,-6.599999999999999,-10.935703333333333,4567.71,1.51979,0.0,0.0,0.0,320.788,702.295,462.1,0.0,0.0,0.0,175.4,0.0384,0.0252666,0.0,0.0,0.0,783.362,0.1715,0.112845,7.35916,2.25975,7.34767
DB1-Uio66Zr-irmof6_A-NiC4_No14,0.15,245.29837,486.6785999999997,920.8192000000004,4251.559199999997,4714.176000000003,12084.0,33088.0,72384.0,91776.0,54.0,152.0,432.0,672.0,632.0,2336.0,4812.0,6360.0,38.9448,137.06480000000008,306.5664,470.5872000000003,1.7688999999999997,36.60160000000001,26.49360000000001,105.06999999999996,1600.0,2560.0,7440.0,7360.0,1.0,8.0,10.0,24.0,64.0,176.0,368.0,464.0,2.3716000000000004,8.9936,15.369200000000005,27.22720000000002,0.0,-16.88,-6.62,-47.07999999999999,0.0,256.0,214.0,776.0,0.0,0.0,0.0,0.0,0.0,42.0,34.0,134.0,0.0,6.480000000000003,5.420000000000001,19.28,169.46820000000002,326.6653999999999,520.9035999999999,601.621,798.0,1544.0,2260.0,2494.0,22.0,46.0,74.0,88.0,124.0,316.0,426.0,476.0,10.373400000000002,23.7346,35.0994,40.2888,11.833599999999995,8.771999999999995,20.60559999999999,17.54399999999999,64.0,48.0,112.0,96.0,1.0,1.0,2.0,2.0,1.0,3.0,4.0,6.0,0.5328999999999998,0.5621000000000003,1.095,1.1242000000000003,28.09,59.89000000000001,87.98,119.78000000000002,0.0,0.8900000000000003,0.8900000000000003,1.7800000000000007,0.0,2.0,2.0,4.0,0.0,0.0,0.0,0.0,0.0,-2.0,-2.0,-4.0,0.0,-0.04,-0.04,-0.08,0.0,-6.000000000000001,-6.000000000000001,-12.000000000000002,10.969600000000003,16.527466666666665,18.90506666666666,21.677333333333323,59.0,88.66666666666669,102.6666666666667,108.33333333333331,1.0,1.6666666666666672,2.0,2.6666666666666656,3.6666666666666665,7.0,8.666666666666666,14.0,0.5427666666666668,0.9224999999999998,1.1149999999999998,1.419466666666666,36.98,80.16666666666669,114.40000000000003,174.59087133333333,0.0,0.1633333333333334,0.9200000000000004,1.9566666666666663,0.0,0.3333333333333332,2.0,5.666666666666668,0.0,0.0,0.0,0.0,0.0,0.0,-1.3333333333333328,-2.0,0.0,-0.0066666666666666,-0.04,0.0533333333333332,0.0,-1.3000000000000005,-6.599999999999999,-10.935703333333333,4567.71,1.51979,0.0,0.0,0.0,320.788,702.295,462.1,0.0,0.0,0.0,175.4,0.0384,0.0252666,0.0,0.0,0.0,783.362,0.1715,0.112845,7.35916,2.25975,7.34767
DB1-Uio66Zr-irmof6_A_No8,0.015,284.05473,486.6785999999998,920.8192000000004,4251.559199999997,4714.176000000005,12084.0,33088.0,72384.0,91776.0,54.0,152.0,432.0,672.0,632.0,2336.0,4812.0,6360.0,38.9448,137.06480000000002,306.5663999999999,470.58720000000017,1.7689,36.60160000000001,26.493600000000004,105.06999999999998,1600.0,2560.0,7440.0,7360.0,1.0,8.0,10.0,24.0,64.0,176.0,368.0,464.0,2.3716000000000004,8.9936,15.369200000000005,27.22720000000001,0.0,-16.88,-6.619999999999998,-47.07999999999999,0.0,256.0,214.0,776.0,0.0,0.0,0.0,0.0,0.0,42.0,34.0,134.0,0.0,6.480000000000003,5.420000000000001,19.28,171.56909999999996,332.55999999999995,527.1256000000001,618.3240000000001,786.0,1516.0,2248.0,2484.0,23.0,48.0,76.0,92.0,128.0,326.0,440.0,496.0,10.5407,24.364000000000004,35.730799999999995,41.50600000000001,11.8336,8.771999999999998,20.605599999999995,17.543999999999997,64.0,48.0,112.0,96.0,1.0,1.0,2.0,2.0,1.0,3.0,4.0,6.0,0.5328999999999998,0.5621,1.095,1.1242,28.09,59.88999999999999,87.98,119.78,0.0,0.8900000000000002,0.8900000000000002,1.7800000000000005,0.0,2.0,2.0,4.0,0.0,0.0,0.0,0.0,0.0,-2.0,-2.0,-4.0,0.0,-0.04,-0.04,-0.08,0.0,-6.000000000000001,-6.000000000000001,-12.000000000000002,11.8336,12.556,20.605599999999995,21.328,64.0,52.0,112.0,100.0,1.0,1.5,2.0,2.5,2.5,5.5,6.5,9.5,0.5328999999999998,0.69715,1.095,1.25925,28.09,71.8338415,87.98,131.72384149999996,0.0,1.51,0.8900000000000002,2.4000000000000004,0.0,5.5,2.0,7.5,0.0,0.0,0.0,0.0,0.0,-1.0,-1.5,-3.0,0.0,0.1399999999999999,-0.04,0.0999999999999999,0.0,-5.603555000000001,-6.000000000000001,-11.603555000000002,2283.85,1.51549,0.0,0.0,0.0,161.134,705.538,465.553,0.0,0.0,0.0,83.7715,0.03668,0.0242035,0.0,0.0,0.0,541.272,0.237,0.156385,7.35932,2.61213,7.33591
DB1-Uio66Zr-irmof6_A_No8,0.15,281.659055,486.6785999999998,920.8192000000004,4251.559199999997,4714.176000000005,12084.0,33088.0,72384.0,91776.0,54.0,152.0,432.0,672.0,632.0,2336.0,4812.0,6360.0,38.9448,137.06480000000002,306.5663999999999,470.58720000000017,1.7689,36.60160000000001,26.493600000000004,105.06999999999998,1600.0,2560.0,7440.0,7360.0,1.0,8.0,10.0,24.0,64.0,176.0,368.0,464.0,2.3716000000000004,8.9936,15.369200000000005,27.22720000000001,0.0,-16.88,-6.619999999999998,-47.07999999999999,0.0,256.0,214.0,776.0,0.0,0.0,0.0,0.0,0.0,42.0,34.0,134.0,0.0,6.480000000000003,5.420000000000001,19.28,171.56909999999996,332.55999999999995,527.1256000000001,618.3240000000001,786.0,1516.0,2248.0,2484.0,23.0,48.0,76.0,92.0,128.0,326.0,440.0,496.0,10.5407,24.364000000000004,35.730799999999995,41.50600000000001,11.8336,8.771999999999998,20.605599999999995,17.543999999999997,64.0,48.0,112.0,96.0,1.0,1.0,2.0,2.0,1.0,3.0,4.0,6.0,0.5328999999999998,0.5621,1.095,1.1242,28.09,59.88999999999999,87.98,119.78,0.0,0.8900000000000002,0.8900000000000002,1.7800000000000005,0.0,2.0,2.0,4.0,0.0,0.0,0.0,0.0,0.0,-2.0,-2.0,-4.0,0.0,-0.04,-0.04,-0.08,0.0,-6.000000000000001,-6.000000000000001,-12.000000000000002,11.8336,12.556,20.605599999999995,21.328,64.0,52.0,112.0,100.0,1.0,1.5,2.0,2.5,2.5,5.5,6.5,9.5,0.5328999999999998,0.69715,1.095,1.25925,28.09,71.8338415,87.98,131.72384149999996,0.0,1.51,0.8900000000000002,2.4000000000000004,0.0,5.5,2.0,7.5,0.0,0.0,0.0,0.0,0.0,-1.0,-1.5,-3.0,0.0,0.1399999999999999,-0.04,0.0999999999999999,0.0,-5.603555000000001,-6.000000000000001,-11.603555000000002,2283.85,1.51549,0.0,0.0,0.0,161.134,705.538,465.553,0.0,0.0,0.0,83.7715,0.03668,0.0242035,0.0,0.0,0.0,541.272,0.237,0.156385,7.35932,2.61213,7.33591
DB1-Uio66Zr-BDC_A_No22,0.015,144.704485,486.6785999999997,920.8192000000006,4251.559199999997,4714.176000000003,12084.0,33088.0,72384.0,91776.0,54.0,152.0,432.0,672.0,632.0,2336.0,4812.0,6360.0,38.94480000000001,137.06480000000013,306.56640000000027,470.5872000000002,1.7689,36.60160000000001,26.493600000000004,105.06999999999998,1600.0,2560.0,7440.0,7360.0,1.0,8.0,10.0,24.0,64.0,176.0,368.0,464.0,2.3716000000000004,8.9936,15.369200000000005,27.22720000000001,0.0,-16.88,-6.619999999999998,-47.07999999999999,0.0,256.0,214.0,776.0,0.0,0.0,0.0,0.0,0.0,42.0,34.0,134.0,0.0,6.480000000000003,5.420000000000001,19.28,174.85199999999998,311.3247999999999,471.9667999999999,558.8349999999999,900.0,1600.0,2384.0,2644.0,20.0,40.0,60.0,74.0,100.0,240.0,332.0,378.0,10.4052,21.812800000000006,32.014,37.74660000000001,11.8336,8.771999999999998,20.605599999999995,17.543999999999997,64.0,48.0,112.0,96.0,1.0,1.0,2.0,2.0,1.0,3.0,4.0,6.0,0.5328999999999998,0.5621,1.095,1.1242,28.09,59.88999999999999,87.98,119.78,0.0,0.8900000000000002,0.8900000000000002,1.7800000000000005,0.0,2.0,2.0,4.0,0.0,0.0,0.0,0.0,0.0,-2.0,-2.0,-4.0,0.0,-0.04,-0.04,-0.08,0.0,-6.000000000000001,-6.000000000000001,-12.000000000000002,10.9696,16.527466666666665,18.905066666666663,21.677333333333333,59.0,88.66666666666667,102.66666666666669,108.33333333333331,1.0,1.6666666666666667,2.0,2.6666666666666665,3.6666666666666665,7.0,8.666666666666666,14.0,0.5427666666666666,0.9225,1.115,1.4194666666666669,36.98,80.16666666666669,114.40000000000002,174.59087133333333,0.0,0.1633333333333334,0.9200000000000004,1.956666666666667,0.0,0.3333333333333333,2.0,5.666666666666667,0.0,0.0,0.0,0.0,0.0,0.0,-1.3333333333333333,-2.0,0.0,-0.0066666666666666,-0.04,0.0533333333333332,0.0,-1.3,-6.6000000000000005,-10.935703333333336,2235.84,1.63691,0.0,0.0,0.0,148.043,662.136,404.504,0.0,0.0,0.0,75.8398,0.03392,0.020722,0.0,0.0,0.0,471.763,0.211,0.128901,7.33694,3.05058,7.30775
DB1-Uio66Zr-BDC_A_No22,0.15,149.56708,486.6785999999997,920.8192000000006,4251.559199999997,4714.176000000003,12084.0,33088.0,72384.0,91776.0,54.0,152.0,432.0,672.0,632.0,2336.0,4812.0,6360.0,38.94480000000001,137.06480000000013,306.56640000000027,470.5872000000002,1.7689,36.60160000000001,26.493600000000004,105.06999999999998,1600.0,2560.0,7440.0,7360.0,1.0,8.0,10.0,24.0,64.0,176.0,368.0,464.0,2.3716000000000004,8.9936,15.369200000000005,27.22720000000001,0.0,-16.88,-6.619999999999998,-47.07999999999999,0.0,256.0,214.0,776.0,0.0,0.0,0.0,0.0,0.0,42.0,34.0,134.0,0.0,6.480000000000003,5.420000000000001,19.28,174.85199999999998,311.3247999999999,471.9667999999999,558.8349999999999,900.0,1600.0,2384.0,2644.0,20.0,40.0,60.0,74.0,100.0,240.0,332.0,378.0,10.4052,21.812800000000006,32.014,37.74660000000001,11.8336,8.771999999999998,20.605599999999995,17.543999999999997,64.0,48.0,112.0,96.0,1.0,1.0,2.0,2.0,1.0,3.0,4.0,6.0,0.5328999999999998,0.5621,1.095,1.1242,28.09,59.88999999999999,87.98,119.78,0.0,0.8900000000000002,0.8900000000000002,1.7800000000000005,0.0,2.0,2.0,4.0,0.0,0.0,0.0,0.0,0.0,-2.0,-2.0,-4.0,0.0,-0.04,-0.04,-0.08,0.0,-6.000000000000001,-6.000000000000001,-12.000000000000002,10.9696,16.527466666666665,18.905066666666663,21.677333333333333,59.0,88.66666666666667,102.66666666666669,108.33333333333331,1.0,1.6666666666666667,2.0,2.6666666666666665,3.6666666666666665,7.0,8.666666666666666,14.0,0.5427666666666666,0.9225,1.115,1.4194666666666669,36.98,80.16666666666669,114.40000000000002,174.59087133333333,0.0,0.1633333333333334,0.9200000000000004,1.956666666666667,0.0,0.3333333333333333,2.0,5.666666666666667,0.0,0.0,0.0,0.0,0.0,0.0,-1.3333333333333333,-2.0,0.0,-0.0066666666666666,-0.04,0.0533333333333332,0.0,-1.3,-6.6000000000000005,-10.935703333333336,2235.84,1.63691,0.0,0.0,0.0,148.043,662.136,404.504,0.0,0.0,0.0,75.8398,0.03392,0.020722,0.0,0.0,0.0,471.763,0.211,0.128901,7.33694,3.05058,7.30775
DB1-Uio66Zr-BDC_A-irmof7_A_No351,0.015,157.52735,486.6785999999997,920.8192000000006,4251.559199999997,4714.176000000003,12084.0,33088.0,72384.0,91776.0,54.0,152.0,432.0,672.0,632.0,2336.0,4812.0,6360.0,38.94480000000001,137.06480000000013,306.56640000000027,470.5872000000002,1.7689,36.60160000000001,26.493600000000004,105.06999999999998,1600.0,2560.0,7440.0,7360.0,1.0,8.0,10.0,24.0,64.0,176.0,368.0,464.0,2.3716000000000004,8.9936,15.369200000000005,27.22720000000001,0.0,-16.88,-6.619999999999998,-47.07999999999999,0.0,256.0,214.0,776.0,0.0,0.0,0.0,0.0,0.0,42.0,34.0,134.0,0.0,6.480000000000003,5.420000000000001,19.28,175.38859999999997,317.6841666666666,482.3017333333332,580.3220333333333,887.0,1598.6666666666667,2393.333333333333,2670.333333333333,20.666666666666668,41.66666666666666,62.66666666666666,78.33333333333333,104.33333333333331,252.3333333333333,353.3333333333333,404.0,10.5266,22.4307,33.0396,39.18410000000001,11.8336,8.771999999999998,20.605599999999995,17.543999999999997,64.0,48.0,112.0,96.0,1.0,1.0,2.0,2.0,1.0,3.0,4.0,6.0,0.5328999999999998,0.5621,1.095,1.1242,28.09,59.88999999999999,87.98,119.78,0.0,0.8900000000000002,0.8900000000000002,1.7800000000000005,0.0,2.0,2.0,4.0,0.0,0.0,0.0,0.0,0.0,-2.0,-2.0,-4.0,0.0,-0.04,-0.04,-0.08,0.0,-6.000000000000001,-6.000000000000001,-12.000000000000002,11.1136,16.496222222222222,18.67822222222222,24.22204444444445,59.833333333333336,83.22222222222223,101.55555555555556,118.27777777777776,1.0,1.7222222222222223,2.0,2.888888888888889,3.722222222222222,7.166666666666667,9.22222222222222,14.666666666666666,0.5411222222222222,0.90745,1.1165333333333334,1.504088888888889,35.49833333333333,80.76850272222224,115.29666666666668,174.1186732777778,0.0,0.4911111111111112,1.0633333333333337,2.133888888888889,0.0,1.7777777777777777,2.333333333333333,6.555555555555556,0.0,0.0,0.0,0.0,0.0,0.0,-1.4444444444444444,-1.8333333333333333,0.0,0.0477777777777777,-0.0466666666666667,0.091111111111111,0.0,-1.951185,-7.500000000000001,-10.98093777777778,2235.84,1.63102,0.0,0.0,0.0,139.19,622.538,381.687,0.0,0.0,0.0,56.5668,0.0253,0.0155118,0.0,0.0,0.0,405.805,0.1815,0.11128,6.46004,3.04284,5.96944
DB1-Uio66Zr-BDC_A-irmof7_A_No351,0.15,186.377025,486.6785999999997,920.8192000000006,4251.559199999997,4714.176000000003,12084.0,33088.0,72384.0,91776.0,54.0,152.0,432.0,672.0,632.0,2336.0,4812.0,6360.0,38.94480000000001,137.06480000000013,306.56640000000027,470.5872000000002,1.7689,36.60160000000001,26.493600000000004,105.06999999999998,1600.0,2560.0,7440.0,7360.0,1.0,8.0,10.0,24.0,64.0,176.0,368.0,464.0,2.3716000000000004,8.9936,15.369200000000005,27.22720000000001,0.0,-16.88,-6.619999999999998,-47.07999999999999,0.0,256.0,214.0,776.0,0.0,0.0,0.0,0.0,0.0,42.0,34.0,134.0,0.0,6.480000000000003,5.420000000000001,19.28,175.38859999999997,317.6841666666666,482.3017333333332,580.3220333333333,887.0,1598.6666666666667,2393.333333333333,2670.333333333333,20.666666666666668,41.66666666666666,62.66666666666666,78.33333333333333,104.33333333333331,252.3333333333333,353.3333333333333,404.0,10.5266,22.4307,33.0396,39.18410000000001,11.8336,8.771999999999998,20.605599999999995,17.543999999999997,64.0,48.0,112.0,96.0,1.0,1.0,2.0,2.0,1.0,3.0,4.0,6.0,0.5328999999999998,0.5621,1.095,1.1242,28.09,59.88999999999999,87.98,119.78,0.0,0.8900000000000002,0.8900000000000002,1.7800000000000005,0.0,2.0,2.0,4.0,0.0,0.0,0.0,0.0,0.0,-2.0,-2.0,-4.0,0.0,-0.04,-0.04,-0.08,0.0,-6.000000000000001,-6.000000000000001,-12.000000000000002,11.1136,16.496222222222222,18.67822222222222,24.22204444444445,59.833333333333336,83.22222222222223,101.55555555555556,118.27777777777776,1.0,1.7222222222222223,2.0,2.888888888888889,3.722222222222222,7.166666666666667,9.22222222222222,14.666666666666666,0.5411222222222222,0.90745,1.1165333333333334,1.504088888888889,35.49833333333333,80.76850272222224,115.29666666666668,174.1186732777778,0.0,0.4911111111111112,1.0633333333333337,2.133888888888889,0.0,1.7777777777777777,2.333333333333333,6.555555555555556,0.0,0.0,0.0,0.0,0.0,0.0,-1.4444444444444444,-1.8333333333333333,0.0,0.0477777777777777,-0.0466666666666667,0.091111111111111,0.0,-1.951185,-7.500000000000001,-10.98093777777778,2235.84,1.63102,0.0,0.0,0.0,139.19,622.538,381.687,0.0,0.0,0.0,56.5668,0.0253,0.0155118,0.0,0.0,0.0,405.805,0.1815,0.11128,6.46004,3.04284,5.96944
DB1-Uio66Zr-DPAC_A_No15,0.015,2.39971,486.6785999999998,920.8191999999996,4251.559199999998,4714.176000000001,12084.0,33088.0,72384.0,91776.0,54.0,152.0,432.0,672.0,632.0,2336.0,4812.0,6360.0,38.94480000000003,137.0648000000001,306.56640000000016,470.5872000000002,1.7689,36.60160000000001,26.493600000000004,105.06999999999998,1600.0,2560.0,7440.0,7360.0,1.0,8.0,10.0,24.0,64.0,176.0,368.0,464.0,2.3716000000000004,8.9936,15.369200000000005,27.22720000000001,0.0,-16.88,-6.619999999999998,-47.07999999999999,0.0,256.0,214.0,776.0,0.0,0.0,0.0,0.0,0.0,42.0,34.0,134.0,0.0,6.480000000000003,5.420000000000001,19.28,250.4338,485.03899999999993,730.2307999999999,902.3009999999998,1168.0,2240.0,3320.0,3636.0,34.0,70.0,104.0,134.0,174.0,424.0,588.0,654.0,16.030600000000003,36.023,52.06480000000001,61.79580000000002,11.8336,8.771999999999998,20.605599999999995,17.543999999999997,64.0,48.0,112.0,96.0,1.0,1.0,2.0,2.0,1.0,3.0,4.0,6.0,0.5328999999999998,0.5621,1.095,1.1242,28.09,59.88999999999999,87.98,119.78,0.0,0.8900000000000002,0.8900000000000002,1.7800000000000005,0.0,2.0,2.0,4.0,0.0,0.0,0.0,0.0,0.0,-2.0,-2.0,-4.0,0.0,-0.04,-0.04,-0.08,0.0,-6.000000000000001,-6.000000000000001,-12.000000000000002,11.8336,12.556,20.605599999999995,21.328,64.0,52.0,112.0,100.0,1.0,1.5,2.0,2.5,2.5,5.5,6.5,9.5,0.5328999999999998,0.69715,1.095,1.25925,28.09,71.8338415,87.98,131.72384149999996,0.0,1.51,0.8900000000000002,2.4000000000000004,0.0,5.5,2.0,7.5,0.0,0.0,0.0,0.0,0.0,-1.0,-1.5,-3.0,0.0,0.1399999999999999,-0.04,0.0999999999999999,0.0,-5.603555000000001,-6.000000000000001,-11.603555000000002,6880.59,0.674027,1325.52,1926.46,2858.13,0.0,0.0,0.0,2296.74,0.3338,0.495232,0.0,0.0,0.0,4448.3,0.6465,0.959161,0.0,0.0,0.0,13.44287,8.57518,12.4937
DB1-Uio66Zr-DPAC_A_No15,0.15,25.039925,486.6785999999998,920.8191999999996,4251.559199999998,4714.176000000001,12084.0,33088.0,72384.0,91776.0,54.0,152.0,432.0,672.0,632.0,2336.0,4812.0,6360.0,38.94480000000003,137.0648000000001,306.56640000000016,470.5872000000002,1.7689,36.60160000000001,26.493600000000004,105.06999999999998,1600.0,2560.0,7440.0,7360.0,1.0,8.0,10.0,24.0,64.0,176.0,368.0,464.0,2.3716000000000004,8.9936,15.369200000000005,27.22720000000001,0.0,-16.88,-6.619999999999998,-47.07999999999999,0.0,256.0,214.0,776.0,0.0,0.0,0.0,0.0,0.0,42.0,34.0,134.0,0.0,6.480000000000003,5.420000000000001,19.28,250.4338,485.03899999999993,730.2307999999999,902.3009999999998,1168.0,2240.0,3320.0,3636.0,34.0,70.0,104.0,134.0,174.0,424.0,588.0,654.0,16.030600000000003,36.023,52.06480000000001,61.79580000000002,11.8336,8.771999999999998,20.605599999999995,17.543999999999997,64.0,48.0,112.0,96.0,1.0,1.0,2.0,2.0,1.0,3.0,4.0,6.0,0.5328999999999998,0.5621,1.095,1.1242,28.09,59.88999999999999,87.98,119.78,0.0,0.8900000000000002,0.8900000000000002,1.7800000000000005,0.0,2.0,2.0,4.0,0.0,0.0,0.0,0.0,0.0,-2.0,-2.0,-4.0,0.0,-0.04,-0.04,-0.08,0.0,-6.000000000000001,-6.000000000000001,-12.000000000000002,11.8336,12.556,20.605599999999995,21.328,64.0,52.0,112.0,100.0,1.0,1.5,2.0,2.5,2.5,5.5,6.5,9.5,0.5328999999999998,0.69715,1.095,1.25925,28.09,71.8338415,87.98,131.72384149999996,0.0,1.51,0.8900000000000002,2.4000000000000004,0.0,5.5,2.0,7.5,0.0,0.0,0.0,0.0,0.0,-1.0,-1.5,-3.0,0.0,0.1399999999999999,-0.04,0.0999999999999999,0.0,-5.603555000000001,-6.000000000000001,-11.603555000000002,6880.59,0.674027,1325.52,1926.46,2858.13,0.0,0.0,0.0,2296.74,0.3338,0.495232,0.0,0.0,0.0,4448.3,0.6465,0.959161,0.0,0.0,0.0,13.44287,8.57518,12.4937
DB1-Uio66Zr-irmof10_A-irmof14_A_No478,0.015,4.964395,486.6785999999998,920.8191999999996,4251.5592000000015,4714.176000000001,12084.0,33088.0,72384.0,91776.0,54.0,152.0,432.0,672.0,632.0,2336.0,4812.0,6360.0,38.94480000000005,137.06480000000013,306.56640000000016,470.5872000000002,1.7689,36.60160000000001,26.493600000000004,105.06999999999998,1600.0,2560.0,7440.0,7360.0,1.0,8.0,10.0,24.0,64.0,176.0,368.0,464.0,2.3716000000000004,8.9936,15.369200000000005,27.22720000000001,0.0,-16.88,-6.619999999999998,-47.07999999999999,0.0,256.0,214.0,776.0,0.0,0.0,0.0,0.0,0.0,42.0,34.0,134.0,0.0,6.480000000000003,5.420000000000001,19.28,202.86226666666664,405.4146666666666,626.1844,805.7926666666668,994.6666666666666,1862.6666666666667,2844.0,3245.333333333333,28.33333333333333,59.333333333333336,91.33333333333331,120.66666666666669,150.66666666666666,376.6666666666667,550.0,628.6666666666666,13.091900000000004,30.170600000000007,45.267,54.78220000000002,11.8336,8.771999999999998,20.605599999999995,17.543999999999997,64.0,48.0,112.0,96.0,1.0,1.0,2.0,2.0,1.0,3.0,4.0,6.0,0.5328999999999998,0.5621,1.095,1.1242,28.09,59.88999999999999,87.98,119.78,0.0,0.8900000000000002,0.8900000000000002,1.7800000000000005,0.0,2.0,2.0,4.0,0.0,0.0,0.0,0.0,0.0,-2.0,-2.0,-4.0,0.0,-0.04,-0.04,-0.08,0.0,-6.000000000000001,-6.000000000000001,-12.000000000000002,11.5256,14.959666666666667,17.305999999999997,33.42433333333333,101.5,63.66666666666666,114.0,180.5,1.0,1.8333333333333333,2.0,4.0,3.5,7.166666666666667,11.0,18.33333333333333,0.6074333333333333,0.82055,1.1909333333333334,2.0725333333333333,58.935,97.3114025,154.81,263.0887035,0.0,1.8766666666666665,1.6866666666666668,3.723333333333333,0.0,9.333333333333334,7.0,19.0,0.0,0.0,0.0,0.0,0.0,-0.3333333333333333,-2.333333333333333,-2.6666666666666665,0.0,0.3033333333333333,0.0066666666666665,0.4133333333333331,0.0,-3.789258333333334,-8.9,-11.007110000000004,4791.32,0.830934,995.685,2078.1,2500.92,0.0,0.0,0.0,870.87,0.18176,0.218742,0.0,0.0,0.0,2453.15,0.512,0.616174,0.0,0.0,0.0,10.06126,5.10407,10.06126
DB1-Uio66Zr-irmof10_A-irmof14_A_No478,0.15,31.028035,486.6785999999998,920.8191999999996,4251.5592000000015,4714.176000000001,12084.0,33088.0,72384.0,91776.0,54.0,152.0,432.0,672.0,632.0,2336.0,4812.0,6360.0,38.94480000000005,137.06480000000013,306.56640000000016,470.5872000000002,1.7689,36.60160000000001,26.493600000000004,105.06999999999998,1600.0,2560.0,7440.0,7360.0,1.0,8.0,10.0,24.0,64.0,176.0,368.0,464.0,2.3716000000000004,8.9936,15.369200000000005,27.22720000000001,0.0,-16.88,-6.619999999999998,-47.07999999999999,0.0,256.0,214.0,776.0,0.0,0.0,0.0,0.0,0.0,42.0,34.0,134.0,0.0,6.480000000000003,5.420000000000001,19.28,202.86226666666664,405.4146666666666,626.1844,805.7926666666668,994.6666666666666,1862.6666666666667,2844.0,3245.333333333333,28.33333333333333,59.333333333333336,91.33333333333331,120.66666666666669,150.66666666666666,376.6666666666667,550.0,628.6666666666666,13.091900000000004,30.170600000000007,45.267,54.78220000000002,11.8336,8.771999999999998,20.605599999999995,17.543999999999997,64.0,48.0,112.0,96.0,1.0,1.0,2.0,2.0,1.0,3.0,4.0,6.0,0.5328999999999998,0.5621,1.095,1.1242,28.09,59.88999999999999,87.98,119.78,0.0,0.8900000000000002,0.8900000000000002,1.7800000000000005,0.0,2.0,2.0,4.0,0.0,0.0,0.0,0.0,0.0,-2.0,-2.0,-4.0,0.0,-0.04,-0.04,-0.08,0.0,-6.000000000000001,-6.000000000000001,-12.000000000000002,11.5256,14.959666666666667,17.305999999999997,33.42433333333333,101.5,63.66666666666666,114.0,180.5,1.0,1.8333333333333333,2.0,4.0,3.5,7.166666666666667,11.0,18.33333333333333,0.6074333333333333,0.82055,1.1909333333333334,2.0725333333333333,58.935,97.3114025,154.81,263.0887035,0.0,1.8766666666666665,1.6866666666666668,3.723333333333333,0.0,9.333333333333334,7.0,19.0,0.0,0.0,0.0,0.0,0.0,-0.3333333333333333,-2.333333333333333,-2.6666666666666665,0.0,0.3033333333333333,0.0066666666666665,0.4133333333333331,0.0,-3.789258333333334,-8.9,-11.007110000000004,4791.32,0.830934,995.685,2078.1,2500.92,0.0,0.0,0.0,870.87,0.18176,0.218742,0.0,0.0,0.0,2453.15,0.512,0.616174,0.0,0.0,0.0,10.06126,5.10407,10.06126
DB1-Uio66Zr-irmof10_A-irmof14_A_No350,0.015,136.07757,61.7857818181818,105.7893818181818,391.0490181818178,428.5614545454546,1197.6363636363635,3138.909090909091,6613.090909090909,8343.272727272728,7.636363636363637,17.454545454545453,41.09090909090909,61.09090909090909,62.90909090909091,219.63636363636363,439.27272727272725,578.1818181818181,6.171981818181823,15.2477090909091,29.731672727272738,42.78065454545457,1.2635875,15.832600000000012,11.496975000000004,42.524999999999984,605.625,975.0,2801.25,2782.5,1.0,3.625,4.375,10.25,24.625,67.25,139.875,177.75,1.9949125000000003,3.979412500000002,6.403512500000004,11.490325000000007,0.0,-7.867499999999998,-3.463749999999998,-19.6175,0.0,92.875,78.375,287.25,0.0,0.0,0.0,0.0,0.0,15.125,11.5,47.75,0.0,2.805,2.3825000000000003,7.9300000000000015,197.02493333333337,385.7093333333333,612.1763999999998,777.7113333333333,918.3333333333334,1805.3333333333333,2756.0,3099.333333333333,27.0,56.66666666666666,88.66666666666667,115.33333333333331,145.33333333333334,363.3333333333333,526.0,586.0,12.7603,29.31686666666667,44.24033333333335,52.798200000000016,11.833599999999995,8.771999999999995,19.64884999999999,22.65025,64.0,48.0,107.0,113.50000000000004,1.0,1.0,2.0,2.625,1.0,3.0,4.625,7.249999999999998,0.5328999999999998,0.5621,1.1041250000000002,1.3842625000000006,28.08999999999999,59.88999999999999,97.9175,145.96052593750002,0.0,0.8900000000000005,1.1681250000000003,2.445625000000001,0.0,2.0,2.625,6.8125,0.0,0.0,0.0,0.0,0.0,-2.0,-2.625,-4.625,0.0,-0.04,-0.0525,0.0199999999999999,0.0,-6.000000000000001,-7.875000000000001,-13.627221875000002,0.7395999999999999,1.02125,1.0964999999999998,2.11775,4.0,3.5,6.0,9.5,0.0625,0.125,0.125,0.25,0.25,0.5,0.75,1.25,0.0333062499999999,0.0520125,0.0702625,0.122275,1.755625,5.2361051875,7.48625,12.7223551875,0.0,0.133125,0.11125,0.244375,0.0,0.5625,0.25,0.8125,0.0,0.0,0.0,0.0,0.0,0.0,-0.125,-0.125,0.0,0.0199999999999999,-0.005,0.0149999999999999,0.0,-0.325444375,-0.7500000000000001,-1.0754443750000002,4791.32,0.83871,0.0,0.0,0.0,642.054,1340.04,1597.73,0.0,0.0,0.0,600.831,0.1254,0.149515,0.0,0.0,0.0,1952.46,0.4075,0.485865,10.06126,3.60259,10.06126
DB1-Uio66Zr-irmof10_A-irmof14_A_No350,0.15,190.100015,61.7857818181818,105.7893818181818,391.0490181818178,428.5614545454546,1197.6363636363635,3138.909090909091,6613.090909090909,8343.272727272728,7.636363636363637,17.454545454545453,41.09090909090909,61.09090909090909,62.90909090909091,219.63636363636363,439.27272727272725,578.1818181818181,6.171981818181823,15.2477090909091,29.731672727272738,42.78065454545457,1.2635875,15.832600000000012,11.496975000000004,42.524999999999984,605.625,975.0,2801.25,2782.5,1.0,3.625,4.375,10.25,24.625,67.25,139.875,177.75,1.9949125000000003,3.979412500000002,6.403512500000004,11.490325000000007,0.0,-7.867499999999998,-3.463749999999998,-19.6175,0.0,92.875,78.375,287.25,0.0,0.0,0.0,0.0,0.0,15.125,11.5,47.75,0.0,2.805,2.3825000000000003,7.9300000000000015,197.02493333333337,385.7093333333333,612.1763999999998,777.7113333333333,918.3333333333334,1805.3333333333333,2756.0,3099.333333333333,27.0,56.66666666666666,88.66666666666667,115.33333333333331,145.33333333333334,363.3333333333333,526.0,586.0,12.7603,29.31686666666667,44.24033333333335,52.798200000000016,11.833599999999995,8.771999999999995,19.64884999999999,22.65025,64.0,48.0,107.0,113.50000000000004,1.0,1.0,2.0,2.625,1.0,3.0,4.625,7.249999999999998,0.5328999999999998,0.5621,1.1041250000000002,1.3842625000000006,28.08999999999999,59.88999999999999,97.9175,145.96052593750002,0.0,0.8900000000000005,1.1681250000000003,2.445625000000001,0.0,2.0,2.625,6.8125,0.0,0.0,0.0,0.0,0.0,-2.0,-2.625,-4.625,0.0,-0.04,-0.0525,0.0199999999999999,0.0,-6.000000000000001,-7.875000000000001,-13.627221875000002,0.7395999999999999,1.02125,1.0964999999999998,2.11775,4.0,3.5,6.0,9.5,0.0625,0.125,0.125,0.25,0.25,0.5,0.75,1.25,0.0333062499999999,0.0520125,0.0702625,0.122275,1.755625,5.2361051875,7.48625,12.7223551875,0.0,0.133125,0.11125,0.244375,0.0,0.5625,0.25,0.8125,0.0,0.0,0.0,0.0,0.0,0.0,-0.125,-0.125,0.0,0.0199999999999999,-0.005,0.0149999999999999,0.0,-0.325444375,-0.7500000000000001,-1.0754443750000002,4791.32,0.83871,0.0,0.0,0.0,642.054,1340.04,1597.73,0.0,0.0,0.0,600.831,0.1254,0.149515,0.0,0.0,0.0,1952.46,0.4075,0.485865,10.06126,3.60259,10.06126
DB1-Uio66Zr-BDC_A-irmof7_A_No150,0.015,119.609165,486.6785999999997,920.8192000000006,4251.559199999997,4714.176000000003,12084.0,33088.0,72384.0,91776.0,54.0,152.0,432.0,672.0,632.0,2336.0,4812.0,6360.0,38.94480000000001,137.06480000000013,306.56640000000027,470.5872000000002,1.7689,36.60160000000001,26.493600000000004,105.06999999999998,1600.0,2560.0,7440.0,7360.0,1.0,8.0,10.0,24.0,64.0,176.0,368.0,464.0,2.3716000000000004,8.9936,15.369200000000005,27.22720000000001,0.0,-16.88,-6.619999999999998,-47.07999999999999,0.0,256.0,214.0,776.0,0.0,0.0,0.0,0.0,0.0,42.0,34.0,134.0,0.0,6.480000000000003,5.420000000000001,19.28,138.307,253.12496666666664,392.7414666666666,464.83936666666665,871.0,1330.6666666666667,2034.6666666666667,2283.333333333333,17.666666666666668,35.666666666666664,54.0,66.33333333333333,89.66666666666667,217.0,296.6666666666667,310.3333333333333,9.0631,19.16123333333334,28.091933333333333,32.319833333333335,11.8336,8.771999999999998,20.605599999999995,17.543999999999997,64.0,48.0,112.0,96.0,1.0,1.0,2.0,2.0,1.0,3.0,4.0,6.0,0.5328999999999998,0.5621,1.095,1.1242,28.09,59.88999999999999,87.98,119.78,0.0,0.8900000000000002,0.8900000000000002,1.7800000000000005,0.0,2.0,2.0,4.0,0.0,0.0,0.0,0.0,0.0,-2.0,-2.0,-4.0,0.0,-0.04,-0.04,-0.08,0.0,-6.000000000000001,-6.000000000000001,-12.000000000000002,10.1496,9.469577777777776,16.580844444444445,29.69308888888889,250.66666666666663,99.7777777777778,187.1111111111111,289.55555555555554,1.0,1.1111111111111112,2.0,3.777777777777778,1.4444444444444444,3.6666666666666665,6.444444444444444,11.0,0.9072111111111112,0.789,1.4563333333333333,2.463411111111111,183.79666666666665,150.84444444444446,294.03333333333336,497.5742827777778,0.0,0.5355555555555559,1.1700000000000006,2.604444444444445,0.0,9.222222222222223,18.666666666666668,41.44444444444444,0.0,0.0,0.0,0.0,0.0,-1.6666666666666667,-3.555555555555556,-5.4444444444444455,0.0,0.1822222222222222,0.3599999999999999,1.0544444444444443,0.0,2.5333333333333323,4.399999999999998,14.677408333333329,2235.84,1.46781,0.0,0.0,0.0,210.166,939.987,640.4,0.0,0.0,0.0,82.9051,0.03708,0.0252621,0.0,0.0,0.0,565.668,0.253,0.172366,6.27074,3.5112,6.27074
DB1-Uio66Zr-BDC_A-irmof7_A_No150,0.15,136.301585,486.6785999999997,920.8192000000006,4251.559199999997,4714.176000000003,12084.0,33088.0,72384.0,91776.0,54.0,152.0,432.0,672.0,632.0,2336.0,4812.0,6360.0,38.94480000000001,137.06480000000013,306.56640000000027,470.5872000000002,1.7689,36.60160000000001,26.493600000000004,105.06999999999998,1600.0,2560.0,7440.0,7360.0,1.0,8.0,10.0,24.0,64.0,176.0,368.0,464.0,2.3716000000000004,8.9936,15.369200000000005,27.22720000000001,0.0,-16.88,-6.619999999999998,-47.07999999999999,0.0,256.0,214.0,776.0,0.0,0.0,0.0,0.0,0.0,42.0,34.0,134.0,0.0,6.480000000000003,5.420000000000001,19.28,138.307,253.12496666666664,392.7414666666666,464.83936666666665,871.0,1330.6666666666667,2034.6666666666667,2283.333333333333,17.666666666666668,35.666666666666664,54.0,66.33333333333333,89.66666666666667,217.0,296.6666666666667,310.3333333333333,9.0631,19.16123333333334,28.091933333333333,32.319833333333335,11.8336,8.771999999999998,20.605599999999995,17.543999999999997,64.0,48.0,112.0,96.0,1.0,1.0,2.0,2.0,1.0,3.0,4.0,6.0,0.5328999999999998,0.5621,1.095,1.1242,28.09,59.88999999999999,87.98,119.78,0.0,0.8900000000000002,0.8900000000000002,1.7800000000000005,0.0,2.0,2.0,4.0,0.0,0.0,0.0,0.0,0.0,-2.0,-2.0,-4.0,0.0,-0.04,-0.04,-0.08,0.0,-6.000000000000001,-6.000000000000001,-12.000000000000002,10.1496,9.469577777777776,16.580844444444445,29.69308888888889,250.66666666666663,99.7777777777778,187.1111111111111,289.55555555555554,1.0,1.1111111111111112,2.0,3.777777777777778,1.4444444444444444,3.6666666666666665,6.444444444444444,11.0,0.9072111111111112,0.789,1.4563333333333333,2.463411111111111,183.79666666666665,150.84444444444446,294.03333333333336,497.5742827777778,0.0,0.5355555555555559,1.1700000000000006,2.604444444444445,0.0,9.222222222222223,18.666666666666668,41.44444444444444,0.0,0.0,0.0,0.0,0.0,-1.6666666666666667,-3.555555555555556,-5.4444444444444455,0.0,0.1822222222222222,0.3599999999999999,1.0544444444444443,0.0,2.5333333333333323,4.399999999999998,14.677408333333329,2235.84,1.46781,0.0,0.0,0.0,210.166,939.987,640.4,0.0,0.0,0.0,82.9051,0.03708,0.0252621,0.0,0.0,0.0,565.668,0.253,0.172366,6.27074,3.5112,6.27074
DB1-Uio66Zr-BDC_A-irmof7_A_No110,0.015,570.136915,486.6785999999998,920.8191999999996,4251.5592000000015,4714.176000000001,12084.0,33088.0,72384.0,91776.0,54.0,152.0,432.0,672.0,632.0,2336.0,4812.0,6360.0,38.94480000000005,137.06480000000013,306.56640000000016,470.5872000000002,1.7689,36.60160000000001,26.493600000000004,105.06999999999996,1600.0,2560.0,7440.0,7360.0,1.0,8.0,10.0,24.0,64.0,176.0,368.0,464.0,2.3716000000000004,8.9936,15.369200000000005,27.22720000000001,0.0,-16.88,-6.619999999999998,-47.07999999999999,0.0,256.0,214.0,776.0,0.0,0.0,0.0,0.0,0.0,42.0,34.0,134.0,0.0,6.480000000000003,5.420000000000001,19.280000000000005,187.96066666666664,367.1949666666667,605.4814666666666,696.8710333333333,757.6666666666666,1490.6666666666667,2254.6666666666665,2733.333333333333,27.666666666666668,55.66666666666666,94.0,106.33333333333331,149.66666666666666,357.0,496.6666666666667,660.3333333333334,11.24943333333333,26.116900000000005,39.04326666666668,48.6265,11.8336,8.771999999999998,20.605599999999995,17.543999999999997,64.0,48.0,112.0,96.0,1.0,1.0,2.0,2.0,1.0,3.0,4.0,6.0,0.5328999999999998,0.5621,1.095,1.1242,28.09,59.88999999999999,87.98,119.78,0.0,0.8900000000000002,0.8900000000000002,1.7800000000000005,0.0,2.0,2.0,4.0,0.0,0.0,0.0,0.0,0.0,-2.0,-2.0,-4.0,0.0,-0.04,-0.04,-0.08,0.0,-6.000000000000001,-6.000000000000001,-12.000000000000002,1.8282666666666667,2.7545777777777776,3.150844444444444,3.754755555555555,9.833333333333334,14.77777777777778,17.11111111111111,20.38888888888889,0.1666666666666666,0.2777777777777778,0.3333333333333333,0.4444444444444444,0.611111111111111,1.1666666666666667,1.4444444444444444,2.6666666666666665,0.0904611111111111,0.15375,0.1858333333333333,0.2524111111111111,6.163333333333334,13.361111111111114,19.06666666666667,30.287777777777777,0.0,0.0272222222222222,0.1533333333333333,0.2794444444444445,0.0,0.0555555555555555,0.3333333333333333,0.611111111111111,0.0,0.0,0.0,0.0,0.0,0.0,-0.2222222222222222,-0.4444444444444444,0.0,-0.0011111111111111,-0.0066666666666666,-0.0122222222222222,0.0,-0.2166666666666666,-1.1,-1.9833333333333327,2235.84,1.54826,0.0,0.0,0.0,143.589,642.212,414.797,0.0,0.0,0.0,57.5059,0.02572,0.0166122,0.0,0.0,0.0,451.64,0.202,0.130469,6.5322,2.25166,6.37187
DB1-Uio66Zr-BDC_A-irmof7_A_No110,0.15,302.081425,486.6785999999998,920.8191999999996,4251.5592000000015,4714.176000000001,12084.0,33088.0,72384.0,91776.0,54.0,152.0,432.0,672.0,632.0,2336.0,4812.0,6360.0,38.94480000000005,137.06480000000013,306.56640000000016,470.5872000000002,1.7689,36.60160000000001,26.493600000000004,105.06999999999996,1600.0,2560.0,7440.0,7360.0,1.0,8.0,10.0,24.0,64.0,176.0,368.0,464.0,2.3716000000000004,8.9936,15.369200000000005,27.22720000000001,0.0,-16.88,-6.619999999999998,-47.07999999999999,0.0,256.0,214.0,776.0,0.0,0.0,0.0,0.0,0.0,42.0,34.0,134.0,0.0,6.480000000000003,5.420000000000001,19.280000000000005,187.96066666666664,367.1949666666667,605.4814666666666,696.8710333333333,757.6666666666666,1490.6666666666667,2254.6666666666665,2733.333333333333,27.666666666666668,55.66666666666666,94.0,106.33333333333331,149.66666666666666,357.0,496.6666666666667,660.3333333333334,11.24943333333333,26.116900000000005,39.04326666666668,48.6265,11.8336,8.771999999999998,20.605599999999995,17.543999999999997,64.0,48.0,112.0,96.0,1.0,1.0,2.0,2.0,1.0,3.0,4.0,6.0,0.5328999999999998,0.5621,1.095,1.1242,28.09,59.88999999999999,87.98,119.78,0.0,0.8900000000000002,0.8900000000000002,1.7800000000000005,0.0,2.0,2.0,4.0,0.0,0.0,0.0,0.0,0.0,-2.0,-2.0,-4.0,0.0,-0.04,-0.04,-0.08,0.0,-6.000000000000001,-6.000000000000001,-12.000000000000002,1.8282666666666667,2.7545777777777776,3.150844444444444,3.754755555555555,9.833333333333334,14.77777777777778,17.11111111111111,20.38888888888889,0.1666666666666666,0.2777777777777778,0.3333333333333333,0.4444444444444444,0.611111111111111,1.1666666666666667,1.4444444444444444,2.6666666666666665,0.0904611111111111,0.15375,0.1858333333333333,0.2524111111111111,6.163333333333334,13.361111111111114,19.06666666666667,30.287777777777777,0.0,0.0272222222222222,0.1533333333333333,0.2794444444444445,0.0,0.0555555555555555,0.3333333333333333,0.611111111111111,0.0,0.0,0.0,0.0,0.0,0.0,-0.2222222222222222,-0.4444444444444444,0.0,-0.0011111111111111,-0.0066666666666666,-0.0122222222222222,0.0,-0.2166666666666666,-1.1,-1.9833333333333327,2235.84,1.54826,0.0,0.0,0.0,143.589,642.212,414.797,0.0,0.0,0.0,57.5059,0.02572,0.0166122,0.0,0.0,0.0,451.64,0.202,0.130469,6.5322,2.25166,6.37187
DB1-Uio66Zr-BDC_A-irmof6_A_No82,0.015,157.160155,486.6785999999997,920.8192000000006,4251.559199999997,4714.176000000003,12084.0,33088.0,72384.0,91776.0,54.0,152.0,432.0,672.0,632.0,2336.0,4812.0,6360.0,38.94480000000001,137.06480000000013,306.56640000000027,470.5872000000002,1.7689,36.60160000000001,26.493600000000004,105.06999999999998,1600.0,2560.0,7440.0,7360.0,1.0,8.0,10.0,24.0,64.0,176.0,368.0,464.0,2.3716000000000004,8.9936,15.369200000000005,27.22720000000001,0.0,-16.88,-6.619999999999998,-47.07999999999999,0.0,256.0,214.0,776.0,0.0,0.0,0.0,0.0,0.0,42.0,34.0,134.0,0.0,6.480000000000003,5.420000000000001,19.28,133.72509999999997,246.1438333333333,383.1797333333333,452.6365333333333,2617.0,1761.3333333333333,2929.333333333333,3754.3333333333335,17.333333333333332,35.0,53.333333333333336,64.33333333333333,89.0,216.66666666666663,290.6666666666667,299.6666666666667,9.836633333333332,19.58663333333334,29.120400000000004,34.5575,11.8336,8.771999999999998,20.605599999999995,17.543999999999997,64.0,48.0,112.0,96.0,1.0,1.0,2.0,2.0,1.0,3.0,4.0,6.0,0.5328999999999998,0.5621,1.095,1.1242,28.09,59.88999999999999,87.98,119.78,0.0,0.8900000000000002,0.8900000000000002,1.7800000000000005,0.0,2.0,2.0,4.0,0.0,0.0,0.0,0.0,0.0,-2.0,-2.0,-4.0,0.0,-0.04,-0.04,-0.08,0.0,-6.000000000000001,-6.000000000000001,-12.000000000000002,8.8416,9.811333333333332,15.164,29.712933333333336,1029.0,184.3333333333333,364.0,583.3333333333334,1.0,1.3333333333333333,2.0,4.0,2.333333333333333,5.0,8.0,14.333333333333334,1.17675,0.9202499999999998,1.6554999999999995,2.9285,376.6266666666667,222.80420466666664,423.3733333333334,723.0610916666668,0.0,0.7033333333333335,0.846666666666667,1.903333333333333,0.0,26.33333333333333,48.66666666666666,101.33333333333331,0.0,0.0,0.0,0.0,0.0,-1.0,-3.333333333333333,-5.0,0.0,0.4316666666666666,0.6099999999999998,1.556666666666666,0.0,8.39763,14.866666666666664,36.044075,2235.84,1.86348,0.0,0.0,0.0,160.854,719.431,386.069,0.0,0.0,0.0,82.0554,0.0367,0.0196944,0.0,0.0,0.0,524.305,0.2345,0.12584,7.31796,2.41743,7.31339
DB1-Uio66Zr-BDC_A-irmof6_A_No82,0.15,155.566435,486.6785999999997,920.8192000000006,4251.559199999997,4714.176000000003,12084.0,33088.0,72384.0,91776.0,54.0,152.0,432.0,672.0,632.0,2336.0,4812.0,6360.0,38.94480000000001,137.06480000000013,306.56640000000027,470.5872000000002,1.7689,36.60160000000001,26.493600000000004,105.06999999999998,1600.0,2560.0,7440.0,7360.0,1.0,8.0,10.0,24.0,64.0,176.0,368.0,464.0,2.3716000000000004,8.9936,15.369200000000005,27.22720000000001,0.0,-16.88,-6.619999999999998,-47.07999999999999,0.0,256.0,214.0,776.0,0.0,0.0,0.0,0.0,0.0,42.0,34.0,134.0,0.0,6.480000000000003,5.420000000000001,19.28,133.72509999999997,246.1438333333333,383.1797333333333,452.6365333333333,2617.0,1761.3333333333333,2929.333333333333,3754.3333333333335,17.333333333333332,35.0,53.333333333333336,64.33333333333333,89.0,216.66666666666663,290.6666666666667,299.6666666666667,9.836633333333332,19.58663333333334,29.120400000000004,34.5575,11.8336,8.771999999999998,20.605599999999995,17.543999999999997,64.0,48.0,112.0,96.0,1.0,1.0,2.0,2.0,1.0,3.0,4.0,6.0,0.5328999999999998,0.5621,1.095,1.1242,28.09,59.88999999999999,87.98,119.78,0.0,0.8900000000000002,0.8900000000000002,1.7800000000000005,0.0,2.0,2.0,4.0,0.0,0.0,0.0,0.0,0.0,-2.0,-2.0,-4.0,0.0,-0.04,-0.04,-0.08,0.0,-6.000000000000001,-6.000000000000001,-12.000000000000002,8.8416,9.811333333333332,15.164,29.712933333333336,1029.0,184.3333333333333,364.0,583.3333333333334,1.0,1.3333333333333333,2.0,4.0,2.333333333333333,5.0,8.0,14.333333333333334,1.17675,0.9202499999999998,1.6554999999999995,2.9285,376.6266666666667,222.80420466666664,423.3733333333334,723.0610916666668,0.0,0.7033333333333335,0.846666666666667,1.903333333333333,0.0,26.33333333333333,48.66666666666666,101.33333333333331,0.0,0.0,0.0,0.0,0.0,-1.0,-3.333333333333333,-5.0,0.0,0.4316666666666666,0.6099999999999998,1.556666666666666,0.0,8.39763,14.866666666666664,36.044075,2235.84,1.86348,0.0,0.0,0.0,160.854,719.431,386.069,0.0,0.0,0.0,82.0554,0.0367,0.0196944,0.0,0.0,0.0,524.305,0.2345,0.12584,7.31796,2.41743,7.31339
DB1-Uio66Zr-irmof10_A-irmof14_A_No136,0.015,10.149225,486.6785999999998,920.8191999999996,4251.5592000000015,4714.176000000001,12084.0,33088.0,72384.0,91776.0,54.0,152.0,432.0,672.0,632.0,2336.0,4812.0,6360.0,38.94480000000005,137.06480000000013,306.56640000000016,470.5872000000002,1.7689,36.60160000000001,26.493600000000004,105.06999999999998,1600.0,2560.0,7440.0,7360.0,1.0,8.0,10.0,24.0,64.0,176.0,368.0,464.0,2.3716000000000004,8.9936,15.369200000000005,27.22720000000001,0.0,-16.88,-6.619999999999998,-47.07999999999999,0.0,256.0,214.0,776.0,0.0,0.0,0.0,0.0,0.0,42.0,34.0,134.0,0.0,6.480000000000003,5.420000000000001,19.28,216.2843,441.39766666666657,709.5023999999999,877.3374,898.0,1858.6666666666667,2806.0,3222.0,32.333333333333336,67.33333333333333,109.33333333333331,136.66666666666666,176.66666666666666,436.6666666666667,632.0,757.3333333333334,13.722433333333337,32.633400000000016,49.22320000000002,59.96300000000002,11.8336,8.771999999999998,20.605599999999995,17.543999999999997,64.0,48.0,112.0,96.0,1.0,1.0,2.0,2.0,1.0,3.0,4.0,6.0,0.5328999999999998,0.5621,1.095,1.1242,28.09,59.88999999999999,87.98,119.78,0.0,0.8900000000000002,0.8900000000000002,1.7800000000000005,0.0,2.0,2.0,4.0,0.0,0.0,0.0,0.0,0.0,-2.0,-2.0,-4.0,0.0,-0.04,-0.04,-0.08,0.0,-6.000000000000001,-6.000000000000001,-12.000000000000002,1.9722666666666664,2.723333333333333,2.9239999999999995,6.358266666666665,10.666666666666666,9.333333333333334,16.0,34.666666666666664,0.1666666666666666,0.3333333333333333,0.3333333333333333,0.6666666666666666,0.6666666666666666,1.3333333333333333,2.0,3.6666666666666665,0.0888166666666666,0.1387,0.1873666666666666,0.3698666666666666,4.681666666666667,13.962947166666666,19.96333333333333,34.626666666666665,0.0,0.355,0.2966666666666667,0.445,0.0,1.5,0.6666666666666666,1.0,0.0,0.0,0.0,0.0,0.0,0.0,-0.3333333333333333,-0.5,0.0,0.0533333333333333,-0.0133333333333333,-0.02,0.0,-0.8678516666666668,-2.0000000000000004,-3.0000000000000004,4791.32,0.822403,898.014,1874.25,2278.99,0.0,0.0,0.0,1033.1,0.21562,0.262183,0.0,0.0,0.0,2630.43,0.549,0.667556,0.0,0.0,0.0,10.06126,6.56005,10.06126
DB1-Uio66Zr-irmof10_A-irmof14_A_No136,0.15,45.934065,486.6785999999998,920.8191999999996,4251.5592000000015,4714.176000000001,12084.0,33088.0,72384.0,91776.0,54.0,152.0,432.0,672.0,632.0,2336.0,4812.0,6360.0,38.94480000000005,137.06480000000013,306.56640000000016,470.5872000000002,1.7689,36.60160000000001,26.493600000000004,105.06999999999998,1600.0,2560.0,7440.0,7360.0,1.0,8.0,10.0,24.0,64.0,176.0,368.0,464.0,2.3716000000000004,8.9936,15.369200000000005,27.22720000000001,0.0,-16.88,-6.619999999999998,-47.07999999999999,0.0,256.0,214.0,776.0,0.0,0.0,0.0,0.0,0.0,42.0,34.0,134.0,0.0,6.480000000000003,5.420000000000001,19.28,216.2843,441.39766666666657,709.5023999999999,877.3374,898.0,1858.6666666666667,2806.0,3222.0,32.333333333333336,67.33333333333333,109.33333333333331,136.66666666666666,176.66666666666666,436.6666666666667,632.0,757.3333333333334,13.722433333333337,32.633400000000016,49.22320000000002,59.96300000000002,11.8336,8.771999999999998,20.605599999999995,17.543999999999997,64.0,48.0,112.0,96.0,1.0,1.0,2.0,2.0,1.0,3.0,4.0,6.0,0.5328999999999998,0.5621,1.095,1.1242,28.09,59.88999999999999,87.98,119.78,0.0,0.8900000000000002,0.8900000000000002,1.7800000000000005,0.0,2.0,2.0,4.0,0.0,0.0,0.0,0.0,0.0,-2.0,-2.0,-4.0,0.0,-0.04,-0.04,-0.08,0.0,-6.000000000000001,-6.000000000000001,-12.000000000000002,1.9722666666666664,2.723333333333333,2.9239999999999995,6.358266666666665,10.666666666666666,9.333333333333334,16.0,34.666666666666664,0.1666666666666666,0.3333333333333333,0.3333333333333333,0.6666666666666666,0.6666666666666666,1.3333333333333333,2.0,3.6666666666666665,0.0888166666666666,0.1387,0.1873666666666666,0.3698666666666666,4.681666666666667,13.962947166666666,19.96333333333333,34.626666666666665,0.0,0.355,0.2966666666666667,0.445,0.0,1.5,0.6666666666666666,1.0,0.0,0.0,0.0,0.0,0.0,0.0,-0.3333333333333333,-0.5,0.0,0.0533333333333333,-0.0133333333333333,-0.02,0.0,-0.8678516666666668,-2.0000000000000004,-3.0000000000000004,4791.32,0.822403,898.014,1874.25,2278.99,0.0,0.0,0.0,1033.1,0.21562,0.262183,0.0,0.0,0.0,2630.43,0.549,0.667556,0.0,0.0,0.0,10.06126,6.56005,10.06126
DB1-Uio66Zr-BDC_A-irmof6_A_No416,0.015,324.02341,486.6785999999997,920.8192000000006,4251.559199999997,4714.176000000003,12084.0,33088.0,72384.0,91776.0,54.0,152.0,432.0,672.0,632.0,2336.0,4812.0,6360.0,38.94480000000001,137.06480000000013,306.56640000000027,470.5872000000002,1.7689,36.60160000000001,26.493600000000004,105.06999999999998,1600.0,2560.0,7440.0,7360.0,1.0,8.0,10.0,24.0,64.0,176.0,368.0,464.0,2.3716000000000004,8.9936,15.369200000000005,27.22720000000001,0.0,-16.88,-6.619999999999998,-47.07999999999999,0.0,256.0,214.0,776.0,0.0,0.0,0.0,0.0,0.0,42.0,34.0,134.0,0.0,6.480000000000003,5.420000000000001,19.28,225.4141666666666,398.4246333333333,603.5487999999998,727.5472,1205.6666666666667,2133.333333333333,3214.0,3873.0,24.0,48.333333333333336,73.33333333333333,91.0,122.33333333333331,296.6666666666667,417.3333333333333,526.3333333333334,13.134133333333333,27.22096666666667,40.75,50.67803333333336,11.8336,8.771999999999998,20.605599999999995,17.543999999999997,64.0,48.0,112.0,96.0,1.0,1.0,2.0,2.0,1.0,3.0,4.0,6.0,0.5328999999999998,0.5621,1.095,1.1242,28.09,59.88999999999999,87.98,119.78,0.0,0.8900000000000002,0.8900000000000002,1.7800000000000005,0.0,2.0,2.0,4.0,0.0,0.0,0.0,0.0,0.0,-2.0,-2.0,-4.0,0.0,-0.04,-0.04,-0.08,0.0,-6.000000000000001,-6.000000000000001,-12.000000000000002,10.9696,16.52746666666667,18.90506666666666,22.52853333333333,59.0,88.66666666666667,102.66666666666669,122.33333333333331,1.0,1.6666666666666667,2.0,2.6666666666666665,3.6666666666666665,7.0,8.666666666666666,16.0,0.5427666666666666,0.9224999999999998,1.1150000000000002,1.5144666666666666,36.97999999999999,80.16666666666669,114.40000000000002,181.7266666666667,0.0,0.1633333333333334,0.9200000000000004,1.6766666666666674,0.0,0.3333333333333333,2.0,3.6666666666666665,0.0,0.0,0.0,0.0,0.0,0.0,-1.3333333333333333,-2.6666666666666665,0.0,-0.0066666666666666,-0.04,-0.0733333333333334,0.0,-1.3000000000000005,-6.600000000000001,-11.9,2235.84,1.99044,0.0,0.0,0.0,135.526,606.152,304.532,0.0,0.0,0.0,74.4536,0.0333,0.01673,0.0,0.0,0.0,467.291,0.209,0.105002,7.31796,0.49925,7.31327
DB1-Uio66Zr-BDC_A-irmof6_A_No416,0.15,229.633385,486.6785999999997,920.8192000000006,4251.559199999997,4714.176000000003,12084.0,33088.0,72384.0,91776.0,54.0,152.0,432.0,672.0,632.0,2336.0,4812.0,6360.0,38.94480000000001,137.06480000000013,306.56640000000027,470.5872000000002,1.7689,36.60160000000001,26.493600000000004,105.06999999999998,1600.0,2560.0,7440.0,7360.0,1.0,8.0,10.0,24.0,64.0,176.0,368.0,464.0,2.3716000000000004,8.9936,15.369200000000005,27.22720000000001,0.0,-16.88,-6.619999999999998,-47.07999999999999,0.0,256.0,214.0,776.0,0.0,0.0,0.0,0.0,0.0,42.0,34.0,134.0,0.0,6.480000000000003,5.420000000000001,19.28,225.4141666666666,398.4246333333333,603.5487999999998,727.5472,1205.6666666666667,2133.333333333333,3214.0,3873.0,24.0,48.333333333333336,73.33333333333333,91.0,122.33333333333331,296.6666666666667,417.3333333333333,526.3333333333334,13.134133333333333,27.22096666666667,40.75,50.67803333333336,11.8336,8.771999999999998,20.605599999999995,17.543999999999997,64.0,48.0,112.0,96.0,1.0,1.0,2.0,2.0,1.0,3.0,4.0,6.0,0.5328999999999998,0.5621,1.095,1.1242,28.09,59.88999999999999,87.98,119.78,0.0,0.8900000000000002,0.8900000000000002,1.7800000000000005,0.0,2.0,2.0,4.0,0.0,0.0,0.0,0.0,0.0,-2.0,-2.0,-4.0,0.0,-0.04,-0.04,-0.08,0.0,-6.000000000000001,-6.000000000000001,-12.000000000000002,10.9696,16.52746666666667,18.90506666666666,22.52853333333333,59.0,88.66666666666667,102.66666666666669,122.33333333333331,1.0,1.6666666666666667,2.0,2.6666666666666665,3.6666666666666665,7.0,8.666666666666666,16.0,0.5427666666666666,0.9224999999999998,1.1150000000000002,1.5144666666666666,36.97999999999999,80.16666666666669,114.40000000000002,181.7266666666667,0.0,0.1633333333333334,0.9200000000000004,1.6766666666666674,0.0,0.3333333333333333,2.0,3.6666666666666665,0.0,0.0,0.0,0.0,0.0,0.0,-1.3333333333333333,-2.6666666666666665,0.0,-0.0066666666666666,-0.04,-0.0733333333333334,0.0,-1.3000000000000005,-6.600000000000001,-11.9,2235.84,1.99044,0.0,0.0,0.0,135.526,606.152,304.532,0.0,0.0,0.0,74.4536,0.0333,0.01673,0.0,0.0,0.0,467.291,0.209,0.105002,7.31796,0.49925,7.31327
DB1-Uio66Zr-BDC_A-irmof7_A_No422,0.015,300.575145,486.6785999999997,920.8192000000006,4251.559199999997,4714.176000000003,12084.0,33088.0,72384.0,91776.0,54.0,152.0,432.0,672.0,632.0,2336.0,4812.0,6360.0,38.94480000000001,137.06480000000013,306.56640000000027,470.5872000000002,1.7689,36.60160000000001,26.493600000000004,105.06999999999998,1600.0,2560.0,7440.0,7360.0,1.0,8.0,10.0,24.0,64.0,176.0,368.0,464.0,2.3716000000000004,8.9936,15.369200000000005,27.22720000000001,0.0,-16.88,-6.619999999999998,-47.07999999999999,0.0,256.0,214.0,776.0,0.0,0.0,0.0,0.0,0.0,42.0,34.0,134.0,0.0,6.480000000000003,5.420000000000001,19.28,171.62733333333333,313.7378333333333,501.7264,597.0999666666665,1009.6666666666666,1975.3333333333333,2626.6666666666665,2884.333333333333,21.33333333333333,43.0,65.66666666666667,82.66666666666667,108.66666666666669,264.0,367.0,418.0,10.59545,23.54243333333334,34.45666666666667,40.370000000000005,11.8336,8.771999999999998,20.605599999999995,17.543999999999997,64.0,48.0,112.0,96.0,1.0,1.0,2.0,2.0,1.0,3.0,4.0,6.0,0.5328999999999998,0.5621,1.095,1.1242,28.09,59.88999999999999,87.98,119.78,0.0,0.8900000000000002,0.8900000000000002,1.7800000000000005,0.0,2.0,2.0,4.0,0.0,0.0,0.0,0.0,0.0,-2.0,-2.0,-4.0,0.0,-0.04,-0.04,-0.08,0.0,-6.000000000000001,-6.000000000000001,-12.000000000000002,10.755016666666664,16.764625,27.12225,25.94106388888888,104.0,191.0,169.33333333333334,162.22222222222223,1.0,2.0,2.833333333333333,3.1666666666666665,5.25,10.916666666666666,12.416666666666666,17.305555555555554,0.6386291666666666,1.2893458333333334,1.6106791666666664,1.7529111111111113,100.64625,193.135381125,202.06498625,272.9044375,0.0,0.6195833333333333,0.9445833333333336,2.1226388888888894,0.0,5.041666666666667,9.208333333333334,15.680555555555555,0.0,0.0,0.0,0.0,0.0,0.4166666666666667,-0.3333333333333333,-1.2777777777777777,0.0,0.1804166666666666,0.2012499999999999,0.3738888888888887,0.0,0.984833749999999,0.7276854166666645,-1.6711104166666704,2235.84,1.64167,0.0,0.0,0.0,120.91,540.781,329.409,0.0,0.0,0.0,50.2617,0.02248,0.0136934,0.0,0.0,0.0,353.263,0.158,0.0962436,6.32717,2.9609,5.96944
DB1-Uio66Zr-BDC_A-irmof7_A_No422,0.15,233.414325,486.6785999999997,920.8192000000006,4251.559199999997,4714.176000000003,12084.0,33088.0,72384.0,91776.0,54.0,152.0,432.0,672.0,632.0,2336.0,4812.0,6360.0,38.94480000000001,137.06480000000013,306.56640000000027,470.5872000000002,1.7689,36.60160000000001,26.493600000000004,105.06999999999998,1600.0,2560.0,7440.0,7360.0,1.0,8.0,10.0,24.0,64.0,176.0,368.0,464.0,2.3716000000000004,8.9936,15.369200000000005,27.22720000000001,0.0,-16.88,-6.619999999999998,-47.07999999999999,0.0,256.0,214.0,776.0,0.0,0.0,0.0,0.0,0.0,42.0,34.0,134.0,0.0,6.480000000000003,5.420000000000001,19.28,171.62733333333333,313.7378333333333,501.7264,597.0999666666665,1009.6666666666666,1975.3333333333333,2626.6666666666665,2884.333333333333,21.33333333333333,43.0,65.66666666666667,82.66666666666667,108.66666666666669,264.0,367.0,418.0,10.59545,23.54243333333334,34.45666666666667,40.370000000000005,11.8336,8.771999999999998,20.605599999999995,17.543999999999997,64.0,48.0,112.0,96.0,1.0,1.0,2.0,2.0,1.0,3.0,4.0,6.0,0.5328999999999998,0.5621,1.095,1.1242,28.09,59.88999999999999,87.98,119.78,0.0,0.8900000000000002,0.8900000000000002,1.7800000000000005,0.0,2.0,2.0,4.0,0.0,0.0,0.0,0.0,0.0,-2.0,-2.0,-4.0,0.0,-0.04,-0.04,-0.08,0.0,-6.000000000000001,-6.000000000000001,-12.000000000000002,10.755016666666664,16.764625,27.12225,25.94106388888888,104.0,191.0,169.33333333333334,162.22222222222223,1.0,2.0,2.833333333333333,3.1666666666666665,5.25,10.916666666666666,12.416666666666666,17.305555555555554,0.6386291666666666,1.2893458333333334,1.6106791666666664,1.7529111111111113,100.64625,193.135381125,202.06498625,272.9044375,0.0,0.6195833333333333,0.9445833333333336,2.1226388888888894,0.0,5.041666666666667,9.208333333333334,15.680555555555555,0.0,0.0,0.0,0.0,0.0,0.4166666666666667,-0.3333333333333333,-1.2777777777777777,0.0,0.1804166666666666,0.2012499999999999,0.3738888888888887,0.0,0.984833749999999,0.7276854166666645,-1.6711104166666704,2235.84,1.64167,0.0,0.0,0.0,120.91,540.781,329.409,0.0,0.0,0.0,50.2617,0.02248,0.0136934,0.0,0.0,0.0,353.263,0.158,0.0962436,6.32717,2.9609,5.96944
DB1-Uio66Zr-BDC_A-irmof6_A_No456,0.015,95.492775,486.6785999999997,920.8192000000006,4251.559199999997,4714.176000000003,12084.0,33088.0,72384.0,91776.0,54.0,152.0,432.0,672.0,632.0,2336.0,4812.0,6360.0,38.94480000000001,137.06480000000013,306.56640000000027,470.5872000000002,1.7689,36.60160000000001,26.493600000000004,105.06999999999998,1600.0,2560.0,7440.0,7360.0,1.0,8.0,10.0,24.0,64.0,176.0,368.0,464.0,2.3716000000000004,8.9936,15.369200000000005,27.22720000000001,0.0,-16.88,-6.619999999999998,-47.07999999999999,0.0,256.0,214.0,776.0,0.0,0.0,0.0,0.0,0.0,42.0,34.0,134.0,0.0,6.480000000000003,5.420000000000001,19.28,134.7035,252.3945,383.3684,456.2666666666667,622.0,1148.0,1691.0,1784.6666666666667,17.833333333333332,36.0,54.0,66.33333333333333,90.66666666666669,221.0,299.3333333333333,314.3333333333333,8.226316666666667,18.239933333333337,26.13593333333333,29.46903333333334,11.8336,8.771999999999998,20.605599999999995,17.543999999999997,64.0,48.0,112.0,96.0,1.0,1.0,2.0,2.0,1.0,3.0,4.0,6.0,0.5328999999999998,0.5621,1.095,1.1242,28.09,59.88999999999999,87.98,119.78,0.0,0.8900000000000002,0.8900000000000002,1.7800000000000005,0.0,2.0,2.0,4.0,0.0,0.0,0.0,0.0,0.0,-2.0,-2.0,-4.0,0.0,-0.04,-0.04,-0.08,0.0,-6.000000000000001,-6.000000000000001,-12.000000000000002,11.4016,17.138,17.203999999999997,33.22733333333333,61.5,56.0,94.0,148.83333333333334,1.0,2.1666666666666665,2.0,4.0,4.833333333333333,9.166666666666666,13.0,21.666666666666668,0.5378333333333333,0.88225,1.1293333333333335,1.9653333333333336,32.535000000000004,94.8689405,127.69,217.0001715,0.0,2.1366666666666667,1.6466666666666672,3.643333333333334,0.0,9.666666666666666,3.6666666666666665,12.333333333333334,0.0,0.0,0.0,0.0,0.0,0.6666666666666666,-1.6666666666666667,-1.3333333333333333,0.0,0.3899999999999999,-0.0733333333333334,0.2533333333333332,0.0,-4.024961666666667,-11.300000000000002,-15.807110000000003,2235.84,1.32579,0.0,0.0,0.0,232.518,1039.96,784.41,0.0,0.0,0.0,122.39,0.05474,0.0412887,0.0,0.0,0.0,689.758,0.3085,0.232692,7.31796,3.57783,7.31327
DB1-Uio66Zr-BDC_A-irmof6_A_No456,0.15,126.01986,486.6785999999997,920.8192000000006,4251.559199999997,4714.176000000003,12084.0,33088.0,72384.0,91776.0,54.0,152.0,432.0,672.0,632.0,2336.0,4812.0,6360.0,38.94480000000001,137.06480000000013,306.56640000000027,470.5872000000002,1.7689,36.60160000000001,26.493600000000004,105.06999999999998,1600.0,2560.0,7440.0,7360.0,1.0,8.0,10.0,24.0,64.0,176.0,368.0,464.0,2.3716000000000004,8.9936,15.369200000000005,27.22720000000001,0.0,-16.88,-6.619999999999998,-47.07999999999999,0.0,256.0,214.0,776.0,0.0,0.0,0.0,0.0,0.0,42.0,34.0,134.0,0.0,6.480000000000003,5.420000000000001,19.28,134.7035,252.3945,383.3684,456.2666666666667,622.0,1148.0,1691.0,1784.6666666666667,17.833333333333332,36.0,54.0,66.33333333333333,90.66666666666669,221.0,299.3333333333333,314.3333333333333,8.226316666666667,18.239933333333337,26.13593333333333,29.46903333333334,11.8336,8.771999999999998,20.605599999999995,17.543999999999997,64.0,48.0,112.0,96.0,1.0,1.0,2.0,2.0,1.0,3.0,4.0,6.0,0.5328999999999998,0.5621,1.095,1.1242,28.09,59.88999999999999,87.98,119.78,0.0,0.8900000000000002,0.8900000000000002,1.7800000000000005,0.0,2.0,2.0,4.0,0.0,0.0,0.0,0.0,0.0,-2.0,-2.0,-4.0,0.0,-0.04,-0.04,-0.08,0.0,-6.000000000000001,-6.000000000000001,-12.000000000000002,11.4016,17.138,17.203999999999997,33.22733333333333,61.5,56.0,94.0,148.83333333333334,1.0,2.1666666666666665,2.0,4.0,4.833333333333333,9.166666666666666,13.0,21.666666666666668,0.5378333333333333,0.88225,1.1293333333333335,1.9653333333333336,32.535000000000004,94.8689405,127.69,217.0001715,0.0,2.1366666666666667,1.6466666666666672,3.643333333333334,0.0,9.666666666666666,3.6666666666666665,12.333333333333334,0.0,0.0,0.0,0.0,0.0,0.6666666666666666,-1.6666666666666667,-1.3333333333333333,0.0,0.3899999999999999,-0.0733333333333334,0.2533333333333332,0.0,-4.024961666666667,-11.300000000000002,-15.807110000000003,2235.84,1.32579,0.0,0.0,0.0,232.518,1039.96,784.41,0.0,0.0,0.0,122.39,0.05474,0.0412887,0.0,0.0,0.0,689.758,0.3085,0.232692,7.31796,3.57783,7.31327
DB1-Uio66Zr-BDC_A-irmof7_A_No320,0.015,300.371845,486.6785999999997,920.8192,4251.559199999997,4714.176000000001,12084.0,33088.0,72384.0,91776.0,54.0,152.0,432.0,672.0,632.0,2336.0,4812.0,6360.0,38.94480000000003,137.06480000000005,306.5664,470.58720000000017,1.7689,36.60160000000001,26.493600000000004,105.06999999999996,1600.0,2560.0,7440.0,7360.0,1.0,8.0,10.0,24.0,64.0,176.0,368.0,464.0,2.3716000000000004,8.9936,15.369200000000005,27.22720000000001,0.0,-16.88,-6.619999999999998,-47.07999999999999,0.0,256.0,214.0,776.0,0.0,0.0,0.0,0.0,0.0,42.0,34.0,134.0,0.0,6.480000000000003,5.420000000000001,19.280000000000005,175.54593333333335,344.2801666666666,505.7230666666667,642.8940333333335,760.3333333333334,1438.6666666666667,2186.6666666666665,2690.333333333333,24.0,48.333333333333336,72.66666666666667,91.66666666666669,121.0,292.3333333333333,416.6666666666667,524.0,10.372266666666668,23.456033333333338,34.177933333333335,43.16276666666668,11.8336,8.771999999999998,20.605599999999995,17.543999999999997,64.0,48.0,112.0,96.0,1.0,1.0,2.0,2.0,1.0,3.0,4.0,6.0,0.5328999999999998,0.5621,1.095,1.1242,28.09,59.88999999999999,87.98,119.78,0.0,0.8900000000000002,0.8900000000000002,1.7800000000000005,0.0,2.0,2.0,4.0,0.0,0.0,0.0,0.0,0.0,-2.0,-2.0,-4.0,0.0,-0.04,-0.04,-0.08,0.0,-6.000000000000001,-6.000000000000001,-12.000000000000002,9.6736,20.33,15.844,33.238933333333335,51.5,56.0,86.0,173.83333333333334,1.0,2.833333333333333,2.0,4.0,8.166666666666666,13.833333333333334,17.0,33.0,0.5575666666666667,1.08245,1.1498666666666668,2.2337,50.315,139.23397050000003,159.33,283.3096138333333,0.0,2.1633333333333336,1.1133333333333335,1.7283333333333335,0.0,12.333333333333334,2.333333333333333,4.333333333333333,0.0,0.0,0.0,0.0,0.0,3.333333333333333,-0.3333333333333333,-0.1666666666666666,0.0,0.67,-0.0466666666666667,-0.0033333333333333,0.0,0.7036316666666669,-8.5,-11.617851666666668,2235.84,1.51986,0.0,0.0,0.0,157.307,703.569,462.917,0.0,0.0,0.0,67.5672,0.03022,0.0198834,0.0,0.0,0.0,472.881,0.2115,0.139158,6.46004,2.68239,6.41998
DB1-Uio66Zr-BDC_A-irmof7_A_No320,0.15,232.18811,486.6785999999997,920.8192,4251.559199999997,4714.176000000001,12084.0,33088.0,72384.0,91776.0,54.0,152.0,432.0,672.0,632.0,2336.0,4812.0,6360.0,38.94480000000003,137.06480000000005,306.5664,470.58720000000017,1.7689,36.60160000000001,26.493600000000004,105.06999999999996,1600.0,2560.0,7440.0,7360.0,1.0,8.0,10.0,24.0,64.0,176.0,368.0,464.0,2.3716000000000004,8.9936,15.369200000000005,27.22720000000001,0.0,-16.88,-6.619999999999998,-47.07999999999999,0.0,256.0,214.0,776.0,0.0,0.0,0.0,0.0,0.0,42.0,34.0,134.0,0.0,6.480000000000003,5.420000000000001,19.280000000000005,175.54593333333335,344.2801666666666,505.7230666666667,642.8940333333335,760.3333333333334,1438.6666666666667,2186.6666666666665,2690.333333333333,24.0,48.333333333333336,72.66666666666667,91.66666666666669,121.0,292.3333333333333,416.6666666666667,524.0,10.372266666666668,23.456033333333338,34.177933333333335,43.16276666666668,11.8336,8.771999999999998,20.605599999999995,17.543999999999997,64.0,48.0,112.0,96.0,1.0,1.0,2.0,2.0,1.0,3.0,4.0,6.0,0.5328999999999998,0.5621,1.095,1.1242,28.09,59.88999999999999,87.98,119.78,0.0,0.8900000000000002,0.8900000000000002,1.7800000000000005,0.0,2.0,2.0,4.0,0.0,0.0,0.0,0.0,0.0,-2.0,-2.0,-4.0,0.0,-0.04,-0.04,-0.08,0.0,-6.000000000000001,-6.000000000000001,-12.000000000000002,9.6736,20.33,15.844,33.238933333333335,51.5,56.0,86.0,173.83333333333334,1.0,2.833333333333333,2.0,4.0,8.166666666666666,13.833333333333334,17.0,33.0,0.5575666666666667,1.08245,1.1498666666666668,2.2337,50.315,139.23397050000003,159.33,283.3096138333333,0.0,2.1633333333333336,1.1133333333333335,1.7283333333333335,0.0,12.333333333333334,2.333333333333333,4.333333333333333,0.0,0.0,0.0,0.0,0.0,3.333333333333333,-0.3333333333333333,-0.1666666666666666,0.0,0.67,-0.0466666666666667,-0.0033333333333333,0.0,0.7036316666666669,-8.5,-11.617851666666668,2235.84,1.51986,0.0,0.0,0.0,157.307,703.569,462.917,0.0,0.0,0.0,67.5672,0.03022,0.0198834,0.0,0.0,0.0,472.881,0.2115,0.139158,6.46004,2.68239,6.41998
DB1-Uio66Zr-BDC_A-irmof7_A_No360,0.015,162.399815,486.6785999999997,920.8192000000006,4251.559199999997,4714.176000000003,12084.0,33088.0,72384.0,91776.0,54.0,152.0,432.0,672.0,632.0,2336.0,4812.0,6360.0,38.94480000000001,137.06480000000013,306.56640000000027,470.5872000000002,1.7689,36.60160000000001,26.493600000000004,105.06999999999998,1600.0,2560.0,7440.0,7360.0,1.0,8.0,10.0,24.0,64.0,176.0,368.0,464.0,2.3716000000000004,8.9936,15.369200000000005,27.22720000000001,0.0,-16.88,-6.619999999999998,-47.07999999999999,0.0,256.0,214.0,776.0,0.0,0.0,0.0,0.0,0.0,42.0,34.0,134.0,0.0,6.480000000000003,5.420000000000001,19.28,149.77956666666668,281.25516666666664,424.0104,522.8286666666667,691.6666666666666,1270.6666666666667,1914.0,2139.6666666666665,19.666666666666668,39.66666666666666,59.333333333333336,74.33333333333333,99.0,239.66666666666663,334.0,376.0,9.040366666666666,20.03996666666667,29.057666666666663,34.347433333333335,11.8336,8.771999999999998,20.605599999999995,17.543999999999997,64.0,48.0,112.0,96.0,1.0,1.0,2.0,2.0,1.0,3.0,4.0,6.0,0.5328999999999998,0.5621,1.095,1.1242,28.09,59.88999999999999,87.98,119.78,0.0,0.8900000000000002,0.8900000000000002,1.7800000000000005,0.0,2.0,2.0,4.0,0.0,0.0,0.0,0.0,0.0,-2.0,-2.0,-4.0,0.0,-0.04,-0.04,-0.08,0.0,-6.000000000000001,-6.000000000000001,-12.000000000000002,9.861333333333333,13.616666666666667,14.619999999999996,28.236666666666668,53.333333333333336,46.66666666666666,80.0,126.66666666666669,0.8333333333333334,1.6666666666666667,1.6666666666666667,3.333333333333333,3.333333333333333,6.666666666666667,10.0,16.666666666666668,0.4440833333333332,0.6935000000000001,0.9368333333333334,1.6303333333333334,23.40833333333333,69.81473583333333,99.81666666666666,169.6314025,0.0,1.7749999999999997,1.4833333333333336,3.2583333333333333,0.0,7.5,3.333333333333333,10.833333333333334,0.0,0.0,0.0,0.0,0.0,0.0,-1.6666666666666667,-1.6666666666666667,0.0,0.2666666666666666,-0.0666666666666667,0.1999999999999998,0.0,-4.339258333333334,-10.000000000000002,-14.339258333333335,2235.84,1.41272,0.0,0.0,0.0,206.655,924.282,654.256,0.0,0.0,0.0,88.0922,0.0394,0.0278894,0.0,0.0,0.0,598.088,0.2675,0.189351,7.04707,3.27282,7.04707
DB1-Uio66Zr-BDC_A-irmof7_A_No360,0.15,184.02944,486.6785999999997,920.8192000000006,4251.559199999997,4714.176000000003,12084.0,33088.0,72384.0,91776.0,54.0,152.0,432.0,672.0,632.0,2336.0,4812.0,6360.0,38.94480000000001,137.06480000000013,306.56640000000027,470.5872000000002,1.7689,36.60160000000001,26.493600000000004,105.06999999999998,1600.0,2560.0,7440.0,7360.0,1.0,8.0,10.0,24.0,64.0,176.0,368.0,464.0,2.3716000000000004,8.9936,15.369200000000005,27.22720000000001,0.0,-16.88,-6.619999999999998,-47.07999999999999,0.0,256.0,214.0,776.0,0.0,0.0,0.0,0.0,0.0,42.0,34.0,134.0,0.0,6.480000000000003,5.420000000000001,19.28,149.77956666666668,281.25516666666664,424.0104,522.8286666666667,691.6666666666666,1270.6666666666667,1914.0,2139.6666666666665,19.666666666666668,39.66666666666666,59.333333333333336,74.33333333333333,99.0,239.66666666666663,334.0,376.0,9.040366666666666,20.03996666666667,29.057666666666663,34.347433333333335,11.8336,8.771999999999998,20.605599999999995,17.543999999999997,64.0,48.0,112.0,96.0,1.0,1.0,2.0,2.0,1.0,3.0,4.0,6.0,0.5328999999999998,0.5621,1.095,1.1242,28.09,59.88999999999999,87.98,119.78,0.0,0.8900000000000002,0.8900000000000002,1.7800000000000005,0.0,2.0,2.0,4.0,0.0,0.0,0.0,0.0,0.0,-2.0,-2.0,-4.0,0.0,-0.04,-0.04,-0.08,0.0,-6.000000000000001,-6.000000000000001,-12.000000000000002,9.861333333333333,13.616666666666667,14.619999999999996,28.236666666666668,53.333333333333336,46.66666666666666,80.0,126.66666666666669,0.8333333333333334,1.6666666666666667,1.6666666666666667,3.333333333333333,3.333333333333333,6.666666666666667,10.0,16.666666666666668,0.4440833333333332,0.6935000000000001,0.9368333333333334,1.6303333333333334,23.40833333333333,69.81473583333333,99.81666666666666,169.6314025,0.0,1.7749999999999997,1.4833333333333336,3.2583333333333333,0.0,7.5,3.333333333333333,10.833333333333334,0.0,0.0,0.0,0.0,0.0,0.0,-1.6666666666666667,-1.6666666666666667,0.0,0.2666666666666666,-0.0666666666666667,0.1999999999999998,0.0,-4.339258333333334,-10.000000000000002,-14.339258333333335,2235.84,1.41272,0.0,0.0,0.0,206.655,924.282,654.256,0.0,0.0,0.0,88.0922,0.0394,0.0278894,0.0,0.0,0.0,598.088,0.2675,0.189351,7.04707,3.27282,7.04707
DB1-Uio66Zr-BDC_A-irmof6_A_No54,0.015,147.49748,486.6785999999997,920.8192000000006,4251.559199999997,4714.176000000003,12084.0,33088.0,72384.0,91776.0,54.0,152.0,432.0,672.0,632.0,2336.0,4812.0,6360.0,38.94480000000001,137.06480000000013,306.56640000000027,470.5872000000002,1.7689,36.60160000000001,26.493600000000004,105.06999999999998,1600.0,2560.0,7440.0,7360.0,1.0,8.0,10.0,24.0,64.0,176.0,368.0,464.0,2.3716000000000004,8.9936,15.369200000000005,27.22720000000001,0.0,-16.88,-6.619999999999998,-47.07999999999999,0.0,256.0,214.0,776.0,0.0,0.0,0.0,0.0,0.0,42.0,34.0,134.0,0.0,6.480000000000003,5.420000000000001,19.28,131.72831666666664,241.706,380.6620666666666,444.2945,2606.6666666666665,1744.0,2899.6666666666665,3694.0,17.166666666666668,34.666666666666664,53.333333333333336,63.66666666666666,88.66666666666667,215.66666666666663,288.0,293.0,9.74795,19.40913333333334,28.88626666666667,33.99783333333333,11.8336,8.771999999999998,20.605599999999995,17.543999999999997,64.0,48.0,112.0,96.0,1.0,1.0,2.0,2.0,1.0,3.0,4.0,6.0,0.5328999999999998,0.5621,1.095,1.1242,28.09,59.88999999999999,87.98,119.78,0.0,0.8900000000000002,0.8900000000000002,1.7800000000000005,0.0,2.0,2.0,4.0,0.0,0.0,0.0,0.0,0.0,-2.0,-2.0,-4.0,0.0,-0.04,-0.04,-0.08,0.0,-6.000000000000001,-6.000000000000001,-12.000000000000002,7.301333333333333,6.289999999999999,12.579999999999998,24.296666666666667,1020.8333333333334,175.0,350.0,554.1666666666666,0.8333333333333334,0.8333333333333334,1.6666666666666667,3.333333333333333,0.8333333333333334,2.5,5.0,8.333333333333334,1.083,0.7314999999999999,1.463,2.546,367.5,197.75,395.5,672.1244250000001,0.0,0.3416666666666668,0.6833333333333336,1.6583333333333334,0.0,24.166666666666668,48.333333333333336,100.83333333333331,0.0,0.0,0.0,0.0,0.0,-1.6666666666666667,-3.333333333333333,-5.0,0.0,0.3083333333333332,0.6166666666666665,1.5666666666666662,0.0,8.083333333333334,16.166666666666668,37.994075,2235.84,1.85159,0.0,0.0,0.0,160.293,716.926,387.194,0.0,0.0,0.0,82.3684,0.03684,0.0198964,0.0,0.0,0.0,528.777,0.2365,0.127728,7.31796,2.44882,7.31327
DB1-Uio66Zr-BDC_A-irmof6_A_No54,0.15,148.8331,486.6785999999997,920.8192000000006,4251.559199999997,4714.176000000003,12084.0,33088.0,72384.0,91776.0,54.0,152.0,432.0,672.0,632.0,2336.0,4812.0,6360.0,38.94480000000001,137.06480000000013,306.56640000000027,470.5872000000002,1.7689,36.60160000000001,26.493600000000004,105.06999999999998,1600.0,2560.0,7440.0,7360.0,1.0,8.0,10.0,24.0,64.0,176.0,368.0,464.0,2.3716000000000004,8.9936,15.369200000000005,27.22720000000001,0.0,-16.88,-6.619999999999998,-47.07999999999999,0.0,256.0,214.0,776.0,0.0,0.0,0.0,0.0,0.0,42.0,34.0,134.0,0.0,6.480000000000003,5.420000000000001,19.28,131.72831666666664,241.706,380.6620666666666,444.2945,2606.6666666666665,1744.0,2899.6666666666665,3694.0,17.166666666666668,34.666666666666664,53.333333333333336,63.66666666666666,88.66666666666667,215.66666666666663,288.0,293.0,9.74795,19.40913333333334,28.88626666666667,33.99783333333333,11.8336,8.771999999999998,20.605599999999995,17.543999999999997,64.0,48.0,112.0,96.0,1.0,1.0,2.0,2.0,1.0,3.0,4.0,6.0,0.5328999999999998,0.5621,1.095,1.1242,28.09,59.88999999999999,87.98,119.78,0.0,0.8900000000000002,0.8900000000000002,1.7800000000000005,0.0,2.0,2.0,4.0,0.0,0.0,0.0,0.0,0.0,-2.0,-2.0,-4.0,0.0,-0.04,-0.04,-0.08,0.0,-6.000000000000001,-6.000000000000001,-12.000000000000002,7.301333333333333,6.289999999999999,12.579999999999998,24.296666666666667,1020.8333333333334,175.0,350.0,554.1666666666666,0.8333333333333334,0.8333333333333334,1.6666666666666667,3.333333333333333,0.8333333333333334,2.5,5.0,8.333333333333334,1.083,0.7314999999999999,1.463,2.546,367.5,197.75,395.5,672.1244250000001,0.0,0.3416666666666668,0.6833333333333336,1.6583333333333334,0.0,24.166666666666668,48.333333333333336,100.83333333333331,0.0,0.0,0.0,0.0,0.0,-1.6666666666666667,-3.333333333333333,-5.0,0.0,0.3083333333333332,0.6166666666666665,1.5666666666666662,0.0,8.083333333333334,16.166666666666668,37.994075,2235.84,1.85159,0.0,0.0,0.0,160.293,716.926,387.194,0.0,0.0,0.0,82.3684,0.03684,0.0198964,0.0,0.0,0.0,528.777,0.2365,0.127728,7.31796,2.44882,7.31327
DB1-Uio66Zr-BDC_A-DABCO_A_No27,0.015,161.297855,486.6785999999997,920.8192000000006,4251.559199999997,4714.176000000003,12084.0,33088.0,72384.0,91776.0,54.0,152.0,432.0,672.0,632.0,2336.0,4812.0,6360.0,38.94480000000001,137.06480000000013,306.56640000000027,470.5872000000002,1.7689,36.60160000000001,26.493600000000004,105.06999999999998,1600.0,2560.0,7440.0,7360.0,1.0,8.0,10.0,24.0,64.0,176.0,368.0,469.3333333333333,2.3716000000000004,8.9936,15.369200000000005,27.22720000000001,0.0,-16.88,-6.619999999999998,-47.07999999999999,0.0,256.0,214.0,776.0,0.0,0.0,0.0,0.0,0.0,42.0,34.0,133.33333333333334,0.0,6.480000000000003,5.420000000000001,19.28,152.78623333333329,276.7228333333333,455.4184,512.9563333333332,932.6666666666666,1839.3333333333333,2422.6666666666665,2523.0,19.0,38.333333333333336,59.66666666666666,71.66666666666667,98.0,237.0,320.3333333333333,340.0,9.728016666666669,21.48276666666668,31.63846666666667,35.283300000000004,11.8336,8.771999999999998,20.605599999999995,19.006,64.0,48.0,112.0,104.0,1.0,1.0,2.0,2.1666666666666665,1.0,3.0,4.166666666666667,6.0,0.5328999999999998,0.5621,1.095,1.2178833333333334,28.09,59.88999999999999,87.98,129.76166666666666,0.0,0.8900000000000002,0.8900000000000002,1.9283333333333337,0.0,2.0,2.0,4.333333333333333,0.0,0.0,0.0,0.0,0.0,-2.0,-2.1666666666666665,-3.8333333333333335,0.0,-0.04,-0.04,-0.0866666666666667,0.0,-6.000000000000001,-6.000000000000001,-13.000000000000002,8.782749999999998,14.041291666666666,24.19825,19.41270833333333,93.33333333333331,181.66666666666663,153.33333333333334,126.66666666666669,0.8333333333333334,1.6666666666666667,2.5,2.5,4.583333333333333,9.583333333333334,10.416666666666666,13.75,0.5498124999999999,1.1506458333333331,1.4233124999999998,1.384666666666667,95.96458333333332,179.17243395833336,182.1016529166667,240.0444375,0.0,0.2645833333333333,0.6479166666666668,1.7270833333333335,0.0,3.5416666666666665,8.541666666666666,14.791666666666666,0.0,0.0,0.0,0.0,0.0,0.4166666666666667,0.0,-0.8333333333333334,0.0,0.1270833333333333,0.2145833333333332,0.3916666666666665,0.0,1.8526854166666664,2.7276854166666653,0.9955562499999971,2235.84,1.54804,0.0,0.0,0.0,122.324,547.104,353.417,0.0,0.0,0.0,54.644,0.02444,0.0157877,0.0,0.0,0.0,378.975,0.1695,0.109493,6.6053,2.97002,5.63094
DB1-Uio66Zr-BDC_A-DABCO_A_No27,0.15,155.408915,486.6785999999997,920.8192000000006,4251.559199999997,4714.176000000003,12084.0,33088.0,72384.0,91776.0,54.0,152.0,432.0,672.0,632.0,2336.0,4812.0,6360.0,38.94480000000001,137.06480000000013,306.56640000000027,470.5872000000002,1.7689,36.60160000000001,26.493600000000004,105.06999999999998,1600.0,2560.0,7440.0,7360.0,1.0,8.0,10.0,24.0,64.0,176.0,368.0,469.3333333333333,2.3716000000000004,8.9936,15.369200000000005,27.22720000000001,0.0,-16.88,-6.619999999999998,-47.07999999999999,0.0,256.0,214.0,776.0,0.0,0.0,0.0,0.0,0.0,42.0,34.0,133.33333333333334,0.0,6.480000000000003,5.420000000000001,19.28,152.78623333333329,276.7228333333333,455.4184,512.9563333333332,932.6666666666666,1839.3333333333333,2422.6666666666665,2523.0,19.0,38.333333333333336,59.66666666666666,71.66666666666667,98.0,237.0,320.3333333333333,340.0,9.728016666666669,21.48276666666668,31.63846666666667,35.283300000000004,11.8336,8.771999999999998,20.605599999999995,19.006,64.0,48.0,112.0,104.0,1.0,1.0,2.0,2.1666666666666665,1.0,3.0,4.166666666666667,6.0,0.5328999999999998,0.5621,1.095,1.2178833333333334,28.09,59.88999999999999,87.98,129.76166666666666,0.0,0.8900000000000002,0.8900000000000002,1.9283333333333337,0.0,2.0,2.0,4.333333333333333,0.0,0.0,0.0,0.0,0.0,-2.0,-2.1666666666666665,-3.8333333333333335,0.0,-0.04,-0.04,-0.0866666666666667,0.0,-6.000000000000001,-6.000000000000001,-13.000000000000002,8.782749999999998,14.041291666666666,24.19825,19.41270833333333,93.33333333333331,181.66666666666663,153.33333333333334,126.66666666666669,0.8333333333333334,1.6666666666666667,2.5,2.5,4.583333333333333,9.583333333333334,10.416666666666666,13.75,0.5498124999999999,1.1506458333333331,1.4233124999999998,1.384666666666667,95.96458333333332,179.17243395833336,182.1016529166667,240.0444375,0.0,0.2645833333333333,0.6479166666666668,1.7270833333333335,0.0,3.5416666666666665,8.541666666666666,14.791666666666666,0.0,0.0,0.0,0.0,0.0,0.4166666666666667,0.0,-0.8333333333333334,0.0,0.1270833333333333,0.2145833333333332,0.3916666666666665,0.0,1.8526854166666664,2.7276854166666653,0.9955562499999971,2235.84,1.54804,0.0,0.0,0.0,122.324,547.104,353.417,0.0,0.0,0.0,54.644,0.02444,0.0157877,0.0,0.0,0.0,378.975,0.1695,0.109493,6.6053,2.97002,5.63094
DB1-Uio66Zr-BDC_A-irmof6_A_No94,0.015,228.859835,486.6785999999998,920.8192000000004,4251.559199999997,4714.176000000005,12084.0,33088.0,72384.0,91776.0,54.0,152.0,432.0,672.0,632.0,2336.0,4812.0,6360.0,38.9448,137.06480000000005,306.5663999999999,470.58720000000017,1.7689,36.60160000000001,26.493600000000004,105.06999999999998,1600.0,2560.0,7440.0,7360.0,1.0,8.0,10.0,24.0,64.0,176.0,368.0,464.0,2.3716000000000004,8.9936,15.369200000000005,27.22720000000001,0.0,-16.88,-6.619999999999998,-47.07999999999999,0.0,256.0,214.0,776.0,0.0,0.0,0.0,0.0,0.0,42.0,34.0,134.0,0.0,6.480000000000003,5.420000000000001,19.28,150.77326666666667,289.7055,469.73106666666666,535.8468666666666,1031.6666666666667,1344.0,2054.6666666666665,2749.6666666666665,21.666666666666668,43.66666666666666,71.33333333333333,81.66666666666667,115.66666666666669,278.6666666666667,378.0,437.0,9.497733333333334,21.31616666666667,31.368333333333336,37.03673333333334,11.8336,8.771999999999998,20.605599999999995,17.543999999999997,64.0,48.0,112.0,96.0,1.0,1.0,2.0,2.0,1.0,3.0,4.0,6.0,0.5328999999999998,0.5621,1.095,1.1242,28.09,59.88999999999999,87.98,119.78,0.0,0.8900000000000002,0.8900000000000002,1.7800000000000005,0.0,2.0,2.0,4.0,0.0,0.0,0.0,0.0,0.0,-2.0,-2.0,-4.0,0.0,-0.04,-0.04,-0.08,0.0,-6.000000000000001,-6.000000000000001,-12.000000000000002,1.4602666666666666,1.2579999999999998,2.516,5.234266666666666,204.16666666666663,35.0,70.0,309.1666666666667,0.1666666666666666,0.1666666666666666,0.3333333333333333,0.6666666666666666,0.1666666666666666,0.5,1.0,1.6666666666666667,0.2166,0.1462999999999999,0.2925999999999999,0.6554999999999999,73.5,39.55,79.10000000000001,192.15,0.0,0.0683333333333333,0.1366666666666667,0.205,0.0,4.833333333333333,9.666666666666666,14.5,0.0,0.0,0.0,0.0,0.0,-0.3333333333333333,-0.6666666666666666,-1.0,0.0,0.0616666666666666,0.1233333333333333,0.1849999999999999,0.0,1.6166666666666665,3.233333333333333,4.85,2235.84,1.47659,0.0,0.0,0.0,179.348,802.149,543.244,0.0,0.0,0.0,91.6248,0.04098,0.0277531,0.0,0.0,0.0,570.14,0.255,0.172695,7.31796,2.25297,7.30984
DB1-Uio66Zr-BDC_A-irmof6_A_No94,0.15,219.43502,486.6785999999998,920.8192000000004,4251.559199999997,4714.176000000005,12084.0,33088.0,72384.0,91776.0,54.0,152.0,432.0,672.0,632.0,2336.0,4812.0,6360.0,38.9448,137.06480000000005,306.5663999999999,470.58720000000017,1.7689,36.60160000000001,26.493600000000004,105.06999999999998,1600.0,2560.0,7440.0,7360.0,1.0,8.0,10.0,24.0,64.0,176.0,368.0,464.0,2.3716000000000004,8.9936,15.369200000000005,27.22720000000001,0.0,-16.88,-6.619999999999998,-47.07999999999999,0.0,256.0,214.0,776.0,0.0,0.0,0.0,0.0,0.0,42.0,34.0,134.0,0.0,6.480000000000003,5.420000000000001,19.28,150.77326666666667,289.7055,469.73106666666666,535.8468666666666,1031.6666666666667,1344.0,2054.6666666666665,2749.6666666666665,21.666666666666668,43.66666666666666,71.33333333333333,81.66666666666667,115.66666666666669,278.6666666666667,378.0,437.0,9.497733333333334,21.31616666666667,31.368333333333336,37.03673333333334,11.8336,8.771999999999998,20.605599999999995,17.543999999999997,64.0,48.0,112.0,96.0,1.0,1.0,2.0,2.0,1.0,3.0,4.0,6.0,0.5328999999999998,0.5621,1.095,1.1242,28.09,59.88999999999999,87.98,119.78,0.0,0.8900000000000002,0.8900000000000002,1.7800000000000005,0.0,2.0,2.0,4.0,0.0,0.0,0.0,0.0,0.0,-2.0,-2.0,-4.0,0.0,-0.04,-0.04,-0.08,0.0,-6.000000000000001,-6.000000000000001,-12.000000000000002,1.4602666666666666,1.2579999999999998,2.516,5.234266666666666,204.16666666666663,35.0,70.0,309.1666666666667,0.1666666666666666,0.1666666666666666,0.3333333333333333,0.6666666666666666,0.1666666666666666,0.5,1.0,1.6666666666666667,0.2166,0.1462999999999999,0.2925999999999999,0.6554999999999999,73.5,39.55,79.10000000000001,192.15,0.0,0.0683333333333333,0.1366666666666667,0.205,0.0,4.833333333333333,9.666666666666666,14.5,0.0,0.0,0.0,0.0,0.0,-0.3333333333333333,-0.6666666666666666,-1.0,0.0,0.0616666666666666,0.1233333333333333,0.1849999999999999,0.0,1.6166666666666665,3.233333333333333,4.85,2235.84,1.47659,0.0,0.0,0.0,179.348,802.149,543.244,0.0,0.0,0.0,91.6248,0.04098,0.0277531,0.0,0.0,0.0,570.14,0.255,0.172695,7.31796,2.25297,7.30984
DB1-Uio66Zr-BDC_A-TED_A_No8,0.015,87.06595,486.6785999999997,920.8192000000006,4251.559199999997,4714.176000000003,12084.0,33088.0,72384.0,91776.0,54.0,152.0,432.0,672.0,632.0,2336.0,4812.0,6360.0,38.94480000000001,137.06480000000013,306.56640000000027,470.5872000000002,1.7689,36.60160000000001,26.493600000000004,105.06999999999998,1600.0,2560.0,7440.0,7360.0,1.0,8.0,10.0,24.0,64.0,176.0,368.0,469.3333333333333,2.3716000000000004,8.9936,15.369200000000005,27.22720000000001,0.0,-16.88,-6.619999999999998,-47.07999999999999,0.0,256.0,214.0,776.0,0.0,0.0,0.0,0.0,0.0,42.0,34.0,133.33333333333334,0.0,6.480000000000003,5.420000000000001,19.28,135.91123333333334,248.71849999999995,410.5803999999999,525.0613333333332,1041.3333333333333,1380.0,2226.0,2644.6666666666665,17.666666666666668,35.666666666666664,58.0,76.66666666666667,93.66666666666669,236.0,341.3333333333333,349.6666666666667,9.2079,19.20636666666667,29.6018,36.028466666666674,11.8336,8.771999999999998,20.605599999999995,19.006,64.0,48.0,112.0,104.0,1.0,1.0,2.0,2.1666666666666665,1.0,3.0,4.166666666666667,7.0,0.5328999999999998,0.5621,1.095,1.2178833333333334,28.09,59.88999999999999,87.98,129.76166666666666,0.0,0.8900000000000002,0.8900000000000002,1.9283333333333328,0.0,2.0,2.0,4.333333333333333,0.0,0.0,0.0,0.0,0.0,-2.0,-2.1666666666666665,-4.833333333333333,0.0,-0.04,-0.04,-0.0866666666666667,0.0,-6.000000000000001,-6.000000000000001,-13.000000000000002,8.321333333333335,6.715,13.43,25.938333333333333,240.8333333333333,85.0,170.0,269.1666666666667,0.8333333333333334,0.8333333333333334,1.6666666666666667,3.333333333333333,0.8333333333333334,2.5,5.0,8.333333333333334,0.81675,0.63525,1.2705,2.211,177.63333333333333,137.48333333333335,274.9666666666667,467.286505,0.0,0.5083333333333336,1.0166666666666673,2.3250000000000006,0.0,9.166666666666666,18.33333333333333,40.833333333333336,0.0,0.0,0.0,0.0,0.0,-1.6666666666666667,-3.333333333333333,-5.0,0.0,0.1833333333333333,0.3666666666666666,1.0666666666666669,0.0,2.7499999999999987,5.499999999999997,16.660741666666663,2235.84,1.51553,0.0,0.0,0.0,151.375,677.036,446.731,0.0,0.0,0.0,67.2542,0.03008,0.0198478,0.0,0.0,0.0,481.824,0.2155,0.142194,6.24634,2.95173,6.24634
DB1-Uio66Zr-BDC_A-TED_A_No8,0.15,112.61134,486.6785999999997,920.8192000000006,4251.559199999997,4714.176000000003,12084.0,33088.0,72384.0,91776.0,54.0,152.0,432.0,672.0,632.0,2336.0,4812.0,6360.0,38.94480000000001,137.06480000000013,306.56640000000027,470.5872000000002,1.7689,36.60160000000001,26.493600000000004,105.06999999999998,1600.0,2560.0,7440.0,7360.0,1.0,8.0,10.0,24.0,64.0,176.0,368.0,469.3333333333333,2.3716000000000004,8.9936,15.369200000000005,27.22720000000001,0.0,-16.88,-6.619999999999998,-47.07999999999999,0.0,256.0,214.0,776.0,0.0,0.0,0.0,0.0,0.0,42.0,34.0,133.33333333333334,0.0,6.480000000000003,5.420000000000001,19.28,135.91123333333334,248.71849999999995,410.5803999999999,525.0613333333332,1041.3333333333333,1380.0,2226.0,2644.6666666666665,17.666666666666668,35.666666666666664,58.0,76.66666666666667,93.66666666666669,236.0,341.3333333333333,349.6666666666667,9.2079,19.20636666666667,29.6018,36.028466666666674,11.8336,8.771999999999998,20.605599999999995,19.006,64.0,48.0,112.0,104.0,1.0,1.0,2.0,2.1666666666666665,1.0,3.0,4.166666666666667,7.0,0.5328999999999998,0.5621,1.095,1.2178833333333334,28.09,59.88999999999999,87.98,129.76166666666666,0.0,0.8900000000000002,0.8900000000000002,1.9283333333333328,0.0,2.0,2.0,4.333333333333333,0.0,0.0,0.0,0.0,0.0,-2.0,-2.1666666666666665,-4.833333333333333,0.0,-0.04,-0.04,-0.0866666666666667,0.0,-6.000000000000001,-6.000000000000001,-13.000000000000002,8.321333333333335,6.715,13.43,25.938333333333333,240.8333333333333,85.0,170.0,269.1666666666667,0.8333333333333334,0.8333333333333334,1.6666666666666667,3.333333333333333,0.8333333333333334,2.5,5.0,8.333333333333334,0.81675,0.63525,1.2705,2.211,177.63333333333333,137.48333333333335,274.9666666666667,467.286505,0.0,0.5083333333333336,1.0166666666666673,2.3250000000000006,0.0,9.166666666666666,18.33333333333333,40.833333333333336,0.0,0.0,0.0,0.0,0.0,-1.6666666666666667,-3.333333333333333,-5.0,0.0,0.1833333333333333,0.3666666666666666,1.0666666666666669,0.0,2.7499999999999987,5.499999999999997,16.660741666666663,2235.84,1.51553,0.0,0.0,0.0,151.375,677.036,446.731,0.0,0.0,0.0,67.2542,0.03008,0.0198478,0.0,0.0,0.0,481.824,0.2155,0.142194,6.24634,2.95173,6.24634
DB1-Uio66Zr-irmof10_A_No3,0.015,4.910325,486.6785999999998,920.8191999999996,4251.5592000000015,4714.176000000001,12084.0,33088.0,72384.0,91776.0,54.0,152.0,432.0,672.0,632.0,2336.0,4812.0,6360.0,38.94480000000005,137.06480000000013,306.56640000000016,470.5872000000002,1.7689,36.60160000000001,26.493600000000004,105.06999999999998,1600.0,2560.0,7440.0,7360.0,1.0,8.0,10.0,24.0,64.0,176.0,368.0,464.0,2.3716000000000004,8.9936,15.369200000000005,27.22720000000001,0.0,-16.88,-6.619999999999998,-47.07999999999999,0.0,256.0,214.0,776.0,0.0,0.0,0.0,0.0,0.0,42.0,34.0,134.0,0.0,6.480000000000003,5.420000000000001,19.28,209.4544,425.901,689.6703999999999,830.8719999999998,844.0,1752.0,2596.0,2884.0,32.0,66.0,108.0,132.0,174.0,426.0,604.0,716.0,13.2608,31.493000000000013,46.98680000000002,56.234000000000016,11.8336,8.771999999999998,20.605599999999995,17.543999999999997,64.0,48.0,112.0,96.0,1.0,1.0,2.0,2.0,1.0,3.0,4.0,6.0,0.5328999999999998,0.5621,1.095,1.1242,28.09,59.88999999999999,87.98,119.78,0.0,0.8900000000000002,0.8900000000000002,1.7800000000000005,0.0,2.0,2.0,4.0,0.0,0.0,0.0,0.0,0.0,-2.0,-2.0,-4.0,0.0,-0.04,-0.04,-0.08,0.0,-6.000000000000001,-6.000000000000001,-12.000000000000002,0.0,0.0,0.0,0.0,0.0,0.0,0.0,0.0,0.0,0.0,0.0,0.0,0.0,0.0,0.0,0.0,0.0,0.0,0.0,0.0,0.0,0.0,0.0,0.0,0.0,0.0,0.0,0.0,0.0,0.0,0.0,0.0,0.0,0.0,0.0,0.0,0.0,0.0,0.0,0.0,0.0,0.0,0.0,0.0,0.0,0.0,0.0,0.0,4791.32,0.793296,903.9,1886.54,2378.1,0.0,0.0,0.0,1147.81,0.23956,0.301981,0.0,0.0,0.0,2740.63,0.572,0.721042,0.0,0.0,0.0,12.19583,6.56407,12.19583
DB1-Uio66Zr-irmof10_A_No3,0.15,49.74537,486.6785999999998,920.8191999999996,4251.5592000000015,4714.176000000001,12084.0,33088.0,72384.0,91776.0,54.0,152.0,432.0,672.0,632.0,2336.0,4812.0,6360.0,38.94480000000005,137.06480000000013,306.56640000000016,470.5872000000002,1.7689,36.60160000000001,26.493600000000004,105.06999999999998,1600.0,2560.0,7440.0,7360.0,1.0,8.0,10.0,24.0,64.0,176.0,368.0,464.0,2.3716000000000004,8.9936,15.369200000000005,27.22720000000001,0.0,-16.88,-6.619999999999998,-47.07999999999999,0.0,256.0,214.0,776.0,0.0,0.0,0.0,0.0,0.0,42.0,34.0,134.0,0.0,6.480000000000003,5.420000000000001,19.28,209.4544,425.901,689.6703999999999,830.8719999999998,844.0,1752.0,2596.0,2884.0,32.0,66.0,108.0,132.0,174.0,426.0,604.0,716.0,13.2608,31.493000000000013,46.98680000000002,56.234000000000016,11.8336,8.771999999999998,20.605599999999995,17.543999999999997,64.0,48.0,112.0,96.0,1.0,1.0,2.0,2.0,1.0,3.0,4.0,6.0,0.5328999999999998,0.5621,1.095,1.1242,28.09,59.88999999999999,87.98,119.78,0.0,0.8900000000000002,0.8900000000000002,1.7800000000000005,0.0,2.0,2.0,4.0,0.0,0.0,0.0,0.0,0.0,-2.0,-2.0,-4.0,0.0,-0.04,-0.04,-0.08,0.0,-6.000000000000001,-6.000000000000001,-12.000000000000002,0.0,0.0,0.0,0.0,0.0,0.0,0.0,0.0,0.0,0.0,0.0,0.0,0.0,0.0,0.0,0.0,0.0,0.0,0.0,0.0,0.0,0.0,0.0,0.0,0.0,0.0,0.0,0.0,0.0,0.0,0.0,0.0,0.0,0.0,0.0,0.0,0.0,0.0,0.0,0.0,0.0,0.0,0.0,0.0,0.0,0.0,0.0,0.0,4791.32,0.793296,903.9,1886.54,2378.1,0.0,0.0,0.0,1147.81,0.23956,0.301981,0.0,0.0,0.0,2740.63,0.572,0.721042,0.0,0.0,0.0,12.19583,6.56407,12.19583
DB1-Uio66Zr-BDC_A-irmof6_A_No145,0.015,143.759415,486.6785999999997,920.8192000000006,4251.559199999997,4714.176000000003,12084.0,33088.0,72384.0,91776.0,54.0,152.0,432.0,672.0,632.0,2336.0,4812.0,6360.0,38.94480000000001,137.06480000000013,306.56640000000027,470.5872000000002,1.7689,36.60160000000001,26.493600000000004,105.06999999999998,1600.0,2560.0,7440.0,7360.0,1.0,8.0,10.0,24.0,64.0,176.0,368.0,464.0,2.3716000000000004,8.9936,15.369200000000005,27.22720000000001,0.0,-16.88,-6.619999999999998,-47.07999999999999,0.0,256.0,214.0,776.0,0.0,0.0,0.0,0.0,0.0,42.0,34.0,134.0,0.0,6.480000000000003,5.420000000000001,19.28,132.37843333333333,238.79049999999992,375.6010666666666,443.6751999999999,1448.3333333333333,1504.0,2424.6666666666665,3326.333333333333,16.666666666666668,33.666666666666664,51.333333333333336,61.66666666666666,85.66666666666667,208.66666666666663,278.0,277.0,9.458566666666668,19.03183333333333,28.279666666666667,33.30406666666667,11.8336,8.771999999999998,20.605599999999995,17.543999999999997,64.0,48.0,112.0,96.0,1.0,1.0,2.0,2.0,1.0,3.0,4.0,6.0,0.5328999999999998,0.5621,1.095,1.1242,28.09,59.88999999999999,87.98,119.78,0.0,0.8900000000000002,0.8900000000000002,1.7800000000000005,0.0,2.0,2.0,4.0,0.0,0.0,0.0,0.0,0.0,-2.0,-2.0,-4.0,0.0,-0.04,-0.04,-0.08,0.0,-6.000000000000001,-6.000000000000001,-12.000000000000002,9.781600000000005,7.973,15.946,31.172600000000003,445.0,120.0,240.0,578.3333333333334,1.0,1.0,2.0,4.0,1.0,3.0,6.0,10.0,1.03335,0.7815499999999999,1.5630999999999995,2.8665,251.13333333333333,177.03333333333333,354.06666666666666,659.436505,0.0,0.576666666666667,1.153333333333334,2.5300000000000007,0.0,14.0,28.0,55.333333333333336,0.0,0.0,0.0,0.0,0.0,-2.0,-4.0,-6.0,0.0,0.2449999999999999,0.4899999999999999,1.2516666666666665,0.0,4.366666666666666,8.733333333333333,21.51074166666666,2235.84,1.62823,0.0,0.0,0.0,171.604,767.513,471.378,0.0,0.0,0.0,86.8849,0.03886,0.0238664,0.0,0.0,0.0,543.31,0.243,0.149242,7.31796,2.72463,7.31339
DB1-Uio66Zr-BDC_A-irmof6_A_No145,0.15,155.14333,486.6785999999997,920.8192000000006,4251.559199999997,4714.176000000003,12084.0,33088.0,72384.0,91776.0,54.0,152.0,432.0,672.0,632.0,2336.0,4812.0,6360.0,38.94480000000001,137.06480000000013,306.56640000000027,470.5872000000002,1.7689,36.60160000000001,26.493600000000004,105.06999999999998,1600.0,2560.0,7440.0,7360.0,1.0,8.0,10.0,24.0,64.0,176.0,368.0,464.0,2.3716000000000004,8.9936,15.369200000000005,27.22720000000001,0.0,-16.88,-6.619999999999998,-47.07999999999999,0.0,256.0,214.0,776.0,0.0,0.0,0.0,0.0,0.0,42.0,34.0,134.0,0.0,6.480000000000003,5.420000000000001,19.28,132.37843333333333,238.79049999999992,375.6010666666666,443.6751999999999,1448.3333333333333,1504.0,2424.6666666666665,3326.333333333333,16.666666666666668,33.666666666666664,51.333333333333336,61.66666666666666,85.66666666666667,208.66666666666663,278.0,277.0,9.458566666666668,19.03183333333333,28.279666666666667,33.30406666666667,11.8336,8.771999999999998,20.605599999999995,17.543999999999997,64.0,48.0,112.0,96.0,1.0,1.0,2.0,2.0,1.0,3.0,4.0,6.0,0.5328999999999998,0.5621,1.095,1.1242,28.09,59.88999999999999,87.98,119.78,0.0,0.8900000000000002,0.8900000000000002,1.7800000000000005,0.0,2.0,2.0,4.0,0.0,0.0,0.0,0.0,0.0,-2.0,-2.0,-4.0,0.0,-0.04,-0.04,-0.08,0.0,-6.000000000000001,-6.000000000000001,-12.000000000000002,9.781600000000005,7.973,15.946,31.172600000000003,445.0,120.0,240.0,578.3333333333334,1.0,1.0,2.0,4.0,1.0,3.0,6.0,10.0,1.03335,0.7815499999999999,1.5630999999999995,2.8665,251.13333333333333,177.03333333333333,354.06666666666666,659.436505,0.0,0.576666666666667,1.153333333333334,2.5300000000000007,0.0,14.0,28.0,55.333333333333336,0.0,0.0,0.0,0.0,0.0,-2.0,-4.0,-6.0,0.0,0.2449999999999999,0.4899999999999999,1.2516666666666665,0.0,4.366666666666666,8.733333333333333,21.51074166666666,2235.84,1.62823,0.0,0.0,0.0,171.604,767.513,471.378,0.0,0.0,0.0,86.8849,0.03886,0.0238664,0.0,0.0,0.0,543.31,0.243,0.149242,7.31796,2.72463,7.31339
DB1-Uio66Zr-BDC_A-irmof7_A_No131,0.015,285.909055,486.6785999999997,920.8192000000006,4251.559199999997,4714.176000000003,12084.0,33088.0,72384.0,91776.0,54.0,152.0,432.0,672.0,632.0,2336.0,4812.0,6360.0,38.94480000000001,137.06480000000013,306.56640000000027,470.5872000000002,1.7689,36.60160000000001,26.493600000000004,105.06999999999998,1600.0,2560.0,7440.0,7360.0,1.0,8.0,10.0,24.0,64.0,176.0,368.0,464.0,2.3716000000000004,8.9936,15.369200000000005,27.22720000000001,0.0,-16.88,-6.619999999999998,-47.07999999999999,0.0,256.0,214.0,776.0,0.0,0.0,0.0,0.0,0.0,42.0,34.0,134.0,0.0,6.480000000000003,5.420000000000001,19.28,143.52993333333336,251.62549999999987,398.04439999999977,492.6593666666665,1628.3333333333333,1776.0,2968.0,4728.666666666667,17.0,34.333333333333336,52.0,63.66666666666666,86.33333333333333,209.0,284.0,287.6666666666667,10.955033333333333,20.94143333333333,32.007600000000004,40.91903333333333,11.8336,8.771999999999998,20.605599999999995,17.543999999999997,64.0,48.0,112.0,96.0,1.0,1.0,2.0,2.0,1.0,3.0,4.0,6.0,0.5328999999999998,0.5621,1.095,1.1242,28.09,59.88999999999999,87.98,119.78,0.0,0.8900000000000002,0.8900000000000002,1.7800000000000005,0.0,2.0,2.0,4.0,0.0,0.0,0.0,0.0,0.0,-2.0,-2.0,-4.0,0.0,-0.04,-0.04,-0.08,0.0,-6.000000000000001,-6.000000000000001,-12.000000000000002,9.985600000000003,8.058,16.116,34.159600000000005,289.0,102.0,204.0,595.0,1.0,1.0,2.0,4.0,1.0,3.0,6.0,10.0,0.9801,0.7622999999999999,1.5245999999999995,3.2669999999999995,213.16,164.98000000000002,329.96000000000004,708.1,0.0,0.6100000000000003,1.2200000000000006,1.8300000000000007,0.0,11.0,22.0,33.0,0.0,0.0,0.0,0.0,0.0,-2.0,-4.0,-6.0,0.0,0.2199999999999999,0.4399999999999999,0.66,0.0,3.2999999999999985,6.599999999999997,9.899999999999997,2235.84,1.83587,0.0,0.0,0.0,147.611,660.204,359.614,0.0,0.0,0.0,60.9938,0.02728,0.0148595,0.0,0.0,0.0,453.876,0.203,0.110574,6.25233,2.71718,6.25233
DB1-Uio66Zr-BDC_A-irmof7_A_No131,0.15,214.31747,486.6785999999997,920.8192000000006,4251.559199999997,4714.176000000003,12084.0,33088.0,72384.0,91776.0,54.0,152.0,432.0,672.0,632.0,2336.0,4812.0,6360.0,38.94480000000001,137.06480000000013,306.56640000000027,470.5872000000002,1.7689,36.60160000000001,26.493600000000004,105.06999999999998,1600.0,2560.0,7440.0,7360.0,1.0,8.0,10.0,24.0,64.0,176.0,368.0,464.0,2.3716000000000004,8.9936,15.369200000000005,27.22720000000001,0.0,-16.88,-6.619999999999998,-47.07999999999999,0.0,256.0,214.0,776.0,0.0,0.0,0.0,0.0,0.0,42.0,34.0,134.0,0.0,6.480000000000003,5.420000000000001,19.28,143.52993333333336,251.62549999999987,398.04439999999977,492.6593666666665,1628.3333333333333,1776.0,2968.0,4728.666666666667,17.0,34.333333333333336,52.0,63.66666666666666,86.33333333333333,209.0,284.0,287.6666666666667,10.955033333333333,20.94143333333333,32.007600000000004,40.91903333333333,11.8336,8.771999999999998,20.605599999999995,17.543999999999997,64.0,48.0,112.0,96.0,1.0,1.0,2.0,2.0,1.0,3.0,4.0,6.0,0.5328999999999998,0.5621,1.095,1.1242,28.09,59.88999999999999,87.98,119.78,0.0,0.8900000000000002,0.8900000000000002,1.7800000000000005,0.0,2.0,2.0,4.0,0.0,0.0,0.0,0.0,0.0,-2.0,-2.0,-4.0,0.0,-0.04,-0.04,-0.08,0.0,-6.000000000000001,-6.000000000000001,-12.000000000000002,9.985600000000003,8.058,16.116,34.159600000000005,289.0,102.0,204.0,595.0,1.0,1.0,2.0,4.0,1.0,3.0,6.0,10.0,0.9801,0.7622999999999999,1.5245999999999995,3.2669999999999995,213.16,164.98000000000002,329.96000000000004,708.1,0.0,0.6100000000000003,1.2200000000000006,1.8300000000000007,0.0,11.0,22.0,33.0,0.0,0.0,0.0,0.0,0.0,-2.0,-4.0,-6.0,0.0,0.2199999999999999,0.4399999999999999,0.66,0.0,3.2999999999999985,6.599999999999997,9.899999999999997,2235.84,1.83587,0.0,0.0,0.0,147.611,660.204,359.614,0.0,0.0,0.0,60.9938,0.02728,0.0148595,0.0,0.0,0.0,453.876,0.203,0.110574,6.25233,2.71718,6.25233
DB1-Uio66Zr-BDC_A-irmof7_A_No397,0.015,377.67352,486.6785999999997,920.8192000000006,4251.559199999997,4714.176000000003,12084.0,33088.0,72384.0,91776.0,54.0,152.0,432.0,672.0,632.0,2336.0,4812.0,6360.0,38.94480000000001,137.06480000000013,306.56640000000027,470.5872000000002,1.7689,36.60160000000001,26.493600000000004,105.06999999999998,1600.0,2560.0,7440.0,7360.0,1.0,8.0,10.0,24.0,64.0,176.0,368.0,464.0,2.3716000000000004,8.9936,15.369200000000005,27.22720000000001,0.0,-16.88,-6.619999999999998,-47.07999999999999,0.0,256.0,214.0,776.0,0.0,0.0,0.0,0.0,0.0,42.0,34.0,134.0,0.0,6.480000000000003,5.420000000000001,19.28,175.94166666666663,326.6668333333332,465.5683999999999,629.9169666666666,849.6666666666666,1505.3333333333333,2340.0,3022.6666666666665,21.33333333333333,43.0,60.66666666666666,81.0,103.66666666666669,252.3333333333333,362.0,429.6666666666667,10.172533333333332,22.18376666666667,32.27966666666667,41.13316666666668,11.8336,8.771999999999998,20.605599999999995,17.543999999999997,64.0,48.0,112.0,96.0,1.0,1.0,2.0,2.0,1.0,3.0,4.0,6.0,0.5328999999999998,0.5621,1.095,1.1242,28.09,59.88999999999999,87.98,119.78,0.0,0.8900000000000002,0.8900000000000002,1.7800000000000005,0.0,2.0,2.0,4.0,0.0,0.0,0.0,0.0,0.0,-2.0,-2.0,-4.0,0.0,-0.04,-0.04,-0.08,0.0,-6.000000000000001,-6.000000000000001,-12.000000000000002,11.8336,16.34,17.543999999999997,38.31968888888888,64.0,56.0,96.0,208.88888888888889,1.0,2.0,2.0,4.0,4.0,8.0,12.0,21.88888888888889,0.5328999999999998,0.8322000000000002,1.1242,2.2175777777777776,28.09,83.77768300000001,119.78,205.9933333333333,0.0,2.1299999999999994,1.7800000000000005,2.620555555555556,0.0,9.0,4.0,5.888888888888889,0.0,0.0,0.0,0.0,0.0,0.0,-2.0,-2.9444444444444446,0.0,0.3199999999999999,-0.08,-0.1177777777777778,0.0,-5.207110000000001,-12.000000000000002,-17.666666666666668,2235.84,1.582,0.0,0.0,0.0,179.089,800.991,506.315,0.0,0.0,0.0,82.279,0.0368,0.0232616,0.0,0.0,0.0,543.31,0.243,0.153603,7.04211,3.26166,7.04211
DB1-Uio66Zr-BDC_A-irmof7_A_No397,0.15,316.16399,486.6785999999997,920.8192000000006,4251.559199999997,4714.176000000003,12084.0,33088.0,72384.0,91776.0,54.0,152.0,432.0,672.0,632.0,2336.0,4812.0,6360.0,38.94480000000001,137.06480000000013,306.56640000000027,470.5872000000002,1.7689,36.60160000000001,26.493600000000004,105.06999999999998,1600.0,2560.0,7440.0,7360.0,1.0,8.0,10.0,24.0,64.0,176.0,368.0,464.0,2.3716000000000004,8.9936,15.369200000000005,27.22720000000001,0.0,-16.88,-6.619999999999998,-47.07999999999999,0.0,256.0,214.0,776.0,0.0,0.0,0.0,0.0,0.0,42.0,34.0,134.0,0.0,6.480000000000003,5.420000000000001,19.28,175.94166666666663,326.6668333333332,465.5683999999999,629.9169666666666,849.6666666666666,1505.3333333333333,2340.0,3022.6666666666665,21.33333333333333,43.0,60.66666666666666,81.0,103.66666666666669,252.3333333333333,362.0,429.6666666666667,10.172533333333332,22.18376666666667,32.27966666666667,41.13316666666668,11.8336,8.771999999999998,20.605599999999995,17.543999999999997,64.0,48.0,112.0,96.0,1.0,1.0,2.0,2.0,1.0,3.0,4.0,6.0,0.5328999999999998,0.5621,1.095,1.1242,28.09,59.88999999999999,87.98,119.78,0.0,0.8900000000000002,0.8900000000000002,1.7800000000000005,0.0,2.0,2.0,4.0,0.0,0.0,0.0,0.0,0.0,-2.0,-2.0,-4.0,0.0,-0.04,-0.04,-0.08,0.0,-6.000000000000001,-6.000000000000001,-12.000000000000002,11.8336,16.34,17.543999999999997,38.31968888888888,64.0,56.0,96.0,208.88888888888889,1.0,2.0,2.0,4.0,4.0,8.0,12.0,21.88888888888889,0.5328999999999998,0.8322000000000002,1.1242,2.2175777777777776,28.09,83.77768300000001,119.78,205.9933333333333,0.0,2.1299999999999994,1.7800000000000005,2.620555555555556,0.0,9.0,4.0,5.888888888888889,0.0,0.0,0.0,0.0,0.0,0.0,-2.0,-2.9444444444444446,0.0,0.3199999999999999,-0.08,-0.1177777777777778,0.0,-5.207110000000001,-12.000000000000002,-17.666666666666668,2235.84,1.582,0.0,0.0,0.0,179.089,800.991,506.315,0.0,0.0,0.0,82.279,0.0368,0.0232616,0.0,0.0,0.0,543.31,0.243,0.153603,7.04211,3.26166,7.04211
DB1-Uio66Zr-irmof6_A-imdb_No4,0.015,242.171445,486.6785999999997,920.8192000000004,4251.559199999998,4714.176000000003,12084.0,33088.0,72384.0,91776.0,54.0,152.0,432.0,672.0,632.0,2336.0,4812.0,6360.0,38.94480000000002,137.0648000000001,306.56640000000016,470.58720000000017,1.7688999999999997,36.60160000000001,26.49360000000001,105.06999999999996,1600.0,2560.0,7440.0,7360.0,1.0,8.0,10.0,24.0,64.0,176.0,368.0,464.0,2.3716000000000004,8.9936,15.369200000000005,27.22720000000001,0.0,-16.88,-6.62,-47.07999999999999,0.0,256.0,214.0,776.0,0.0,0.0,0.0,0.0,0.0,42.0,34.0,134.0,0.0,6.480000000000003,5.420000000000001,19.28,157.58189999999996,315.99600000000004,519.8504000000001,589.112,660.0,1344.0,1958.0,2144.0,23.0,48.0,80.0,92.0,132.0,334.0,448.0,508.0,9.7487,23.284800000000008,34.37760000000001,39.31799999999999,11.833599999999995,8.771999999999995,20.60559999999999,17.54399999999999,64.0,48.0,112.0,96.0,1.0,1.0,2.0,2.0,1.0,3.0,4.0,6.0,0.5328999999999998,0.5621000000000003,1.095,1.1242000000000003,28.09,59.89000000000001,87.98,119.78000000000002,0.0,0.8900000000000003,0.8900000000000003,1.7800000000000007,0.0,2.0,2.0,4.0,0.0,0.0,0.0,0.0,0.0,-2.0,-2.0,-4.0,0.0,-0.04,-0.04,-0.08,0.0,-6.000000000000001,-6.000000000000001,-12.000000000000002,0.0,0.0,0.0,0.0,0.0,0.0,0.0,0.0,0.0,0.0,0.0,0.0,0.0,0.0,0.0,0.0,0.0,0.0,0.0,0.0,0.0,0.0,0.0,0.0,0.0,0.0,0.0,0.0,0.0,0.0,0.0,0.0,0.0,0.0,0.0,0.0,0.0,0.0,0.0,0.0,0.0,0.0,0.0,0.0,0.0,0.0,0.0,0.0,4567.71,1.38468,0.0,0.0,0.0,375.974,823.113,594.44,0.0,0.0,0.0,202.258,0.04428,0.0319784,0.0,0.0,0.0,1011.75,0.2215,0.159964,7.35916,2.21393,7.35885
DB1-Uio66Zr-irmof6_A-imdb_No4,0.15,236.312885,486.6785999999997,920.8192000000004,4251.559199999998,4714.176000000003,12084.0,33088.0,72384.0,91776.0,54.0,152.0,432.0,672.0,632.0,2336.0,4812.0,6360.0,38.94480000000002,137.0648000000001,306.56640000000016,470.58720000000017,1.7688999999999997,36.60160000000001,26.49360000000001,105.06999999999996,1600.0,2560.0,7440.0,7360.0,1.0,8.0,10.0,24.0,64.0,176.0,368.0,464.0,2.3716000000000004,8.9936,15.369200000000005,27.22720000000001,0.0,-16.88,-6.62,-47.07999999999999,0.0,256.0,214.0,776.0,0.0,0.0,0.0,0.0,0.0,42.0,34.0,134.0,0.0,6.480000000000003,5.420000000000001,19.28,157.58189999999996,315.99600000000004,519.8504000000001,589.112,660.0,1344.0,1958.0,2144.0,23.0,48.0,80.0,92.0,132.0,334.0,448.0,508.0,9.7487,23.284800000000008,34.37760000000001,39.31799999999999,11.833599999999995,8.771999999999995,20.60559999999999,17.54399999999999,64.0,48.0,112.0,96.0,1.0,1.0,2.0,2.0,1.0,3.0,4.0,6.0,0.5328999999999998,0.5621000000000003,1.095,1.1242000000000003,28.09,59.89000000000001,87.98,119.78000000000002,0.0,0.8900000000000003,0.8900000000000003,1.7800000000000007,0.0,2.0,2.0,4.0,0.0,0.0,0.0,0.0,0.0,-2.0,-2.0,-4.0,0.0,-0.04,-0.04,-0.08,0.0,-6.000000000000001,-6.000000000000001,-12.000000000000002,0.0,0.0,0.0,0.0,0.0,0.0,0.0,0.0,0.0,0.0,0.0,0.0,0.0,0.0,0.0,0.0,0.0,0.0,0.0,0.0,0.0,0.0,0.0,0.0,0.0,0.0,0.0,0.0,0.0,0.0,0.0,0.0,0.0,0.0,0.0,0.0,0.0,0.0,0.0,0.0,0.0,0.0,0.0,0.0,0.0,0.0,0.0,0.0,4567.71,1.38468,0.0,0.0,0.0,375.974,823.113,594.44,0.0,0.0,0.0,202.258,0.04428,0.0319784,0.0,0.0,0.0,1011.75,0.2215,0.159964,7.35916,2.21393,7.35885
DB1-Uio66Zr-BDC_A_No24,0.015,55.77495,486.6785999999997,920.8192000000006,4251.559199999997,4714.176000000003,12084.0,33088.0,72384.0,91776.0,54.0,152.0,432.0,672.0,632.0,2336.0,4812.0,6360.0,38.94480000000001,137.06480000000013,306.56640000000027,470.5872000000002,1.7689,36.60160000000001,26.493600000000004,105.06999999999998,1600.0,2560.0,7440.0,7360.0,1.0,8.0,10.0,24.0,64.0,176.0,368.0,464.0,2.3716000000000004,8.9936,15.369200000000005,27.22720000000001,0.0,-16.88,-6.619999999999998,-47.07999999999999,0.0,256.0,214.0,776.0,0.0,0.0,0.0,0.0,0.0,42.0,34.0,134.0,0.0,6.480000000000003,5.420000000000001,19.28,130.548,240.556,361.1884,432.25500000000005,612.0,1108.0,1636.0,1710.0,17.0,34.0,50.0,62.0,84.0,202.0,274.0,282.0,7.9552999999999985,17.357000000000003,24.7234,27.7486,11.8336,8.771999999999998,20.605599999999995,17.543999999999997,64.0,48.0,112.0,96.0,1.0,1.0,2.0,2.0,1.0,3.0,4.0,6.0,0.5328999999999998,0.5621,1.095,1.1242,28.09,59.88999999999999,87.98,119.78,0.0,0.8900000000000002,0.8900000000000002,1.7800000000000005,0.0,2.0,2.0,4.0,0.0,0.0,0.0,0.0,0.0,-2.0,-2.0,-4.0,0.0,-0.04,-0.04,-0.08,0.0,-6.000000000000001,-6.000000000000001,-12.000000000000002,11.8336,16.34,17.543999999999997,33.884,64.0,56.0,96.0,152.0,1.0,2.0,2.0,4.0,4.0,8.0,12.0,20.0,0.5328999999999998,0.8322000000000002,1.1242,1.9564,28.09,83.77768300000001,119.78,203.557683,0.0,2.1299999999999994,1.7800000000000005,3.91,0.0,9.0,4.0,13.0,0.0,0.0,0.0,0.0,0.0,0.0,-2.0,-2.0,0.0,0.3199999999999999,-0.08,0.2399999999999998,0.0,-5.207110000000001,-12.000000000000002,-17.207110000000004,2235.84,1.30718,0.0,0.0,0.0,246.52,1102.58,843.483,0.0,0.0,0.0,134.732,0.06026,0.0460993,0.0,0.0,0.0,726.649,0.325,0.248627,7.33135,3.70023,7.31327
DB1-Uio66Zr-BDC_A_No24,0.15,109.124895,486.6785999999997,920.8192000000006,4251.559199999997,4714.176000000003,12084.0,33088.0,72384.0,91776.0,54.0,152.0,432.0,672.0,632.0,2336.0,4812.0,6360.0,38.94480000000001,137.06480000000013,306.56640000000027,470.5872000000002,1.7689,36.60160000000001,26.493600000000004,105.06999999999998,1600.0,2560.0,7440.0,7360.0,1.0,8.0,10.0,24.0,64.0,176.0,368.0,464.0,2.3716000000000004,8.9936,15.369200000000005,27.22720000000001,0.0,-16.88,-6.619999999999998,-47.07999999999999,0.0,256.0,214.0,776.0,0.0,0.0,0.0,0.0,0.0,42.0,34.0,134.0,0.0,6.480000000000003,5.420000000000001,19.28,130.548,240.556,361.1884,432.25500000000005,612.0,1108.0,1636.0,1710.0,17.0,34.0,50.0,62.0,84.0,202.0,274.0,282.0,7.9552999999999985,17.357000000000003,24.7234,27.7486,11.8336,8.771999999999998,20.605599999999995,17.543999999999997,64.0,48.0,112.0,96.0,1.0,1.0,2.0,2.0,1.0,3.0,4.0,6.0,0.5328999999999998,0.5621,1.095,1.1242,28.09,59.88999999999999,87.98,119.78,0.0,0.8900000000000002,0.8900000000000002,1.7800000000000005,0.0,2.0,2.0,4.0,0.0,0.0,0.0,0.0,0.0,-2.0,-2.0,-4.0,0.0,-0.04,-0.04,-0.08,0.0,-6.000000000000001,-6.000000000000001,-12.000000000000002,11.8336,16.34,17.543999999999997,33.884,64.0,56.0,96.0,152.0,1.0,2.0,2.0,4.0,4.0,8.0,12.0,20.0,0.5328999999999998,0.8322000000000002,1.1242,1.9564,28.09,83.77768300000001,119.78,203.557683,0.0,2.1299999999999994,1.7800000000000005,3.91,0.0,9.0,4.0,13.0,0.0,0.0,0.0,0.0,0.0,0.0,-2.0,-2.0,0.0,0.3199999999999999,-0.08,0.2399999999999998,0.0,-5.207110000000001,-12.000000000000002,-17.207110000000004,2235.84,1.30718,0.0,0.0,0.0,246.52,1102.58,843.483,0.0,0.0,0.0,134.732,0.06026,0.0460993,0.0,0.0,0.0,726.649,0.325,0.248627,7.33135,3.70023,7.31327
DB1-Uio66Zr-irmof10_A-irmof14_A_No157,0.015,5.96503,486.6785999999998,920.8191999999996,4251.559199999999,4714.176000000001,12084.0,33088.0,72384.0,91776.0,54.0,152.0,432.0,672.0,632.0,2336.0,4812.0,6360.0,38.94480000000004,137.0648000000001,306.56640000000016,470.5872000000002,1.7689,36.60160000000001,26.493600000000004,105.06999999999996,1600.0,2560.0,7440.0,7360.0,1.0,8.0,10.0,24.0,64.0,176.0,368.0,464.0,2.3716000000000004,8.9936,15.369200000000005,27.22720000000001,0.0,-16.88,-6.619999999999998,-47.07999999999999,0.0,256.0,214.0,776.0,0.0,0.0,0.0,0.0,0.0,42.0,34.0,134.0,0.0,6.480000000000003,5.420000000000001,19.280000000000005,193.4308,379.44,605.9884,766.1177333333334,1464.0,2080.0,3312.0,4148.666666666667,26.666666666666668,56.0,88.0,114.0,144.0,360.0,520.0,575.3333333333334,13.890133333333331,30.25586666666668,46.28853333333334,56.56953333333333,11.8336,8.771999999999998,20.605599999999995,17.543999999999997,64.0,48.0,112.0,96.0,1.0,1.0,2.0,2.0,1.0,3.0,4.0,6.0,0.5328999999999998,0.5621,1.095,1.1242,28.09,59.88999999999999,87.98,119.78,0.0,0.8900000000000002,0.8900000000000002,1.7800000000000005,0.0,2.0,2.0,4.0,0.0,0.0,0.0,0.0,0.0,-2.0,-2.0,-4.0,0.0,-0.04,-0.04,-0.08,0.0,-6.000000000000001,-6.000000000000001,-12.000000000000002,9.985600000000003,8.058,16.116,31.6316,289.0,102.0,204.0,368.3333333333333,1.0,1.0,2.0,4.0,1.0,3.0,6.0,10.0,0.9801,0.7622999999999999,1.5245999999999995,2.7555,213.16,164.98000000000002,329.96000000000004,585.3031716666667,0.0,0.6100000000000003,1.2200000000000006,2.630000000000001,0.0,11.0,22.0,46.333333333333336,0.0,0.0,0.0,0.0,0.0,-2.0,-4.0,-6.0,0.0,0.2199999999999999,0.4399999999999999,1.1766666666666663,0.0,3.2999999999999985,6.599999999999997,18.31074166666666,4791.32,0.918738,903.718,1886.16,2052.99,0.0,0.0,0.0,994.486,0.20756,0.225919,0.0,0.0,0.0,2618.46,0.5465,0.594838,0.0,0.0,0.0,10.06126,6.56005,10.06126
DB1-Uio66Zr-irmof10_A-irmof14_A_No157,0.15,38.81092,486.6785999999998,920.8191999999996,4251.559199999999,4714.176000000001,12084.0,33088.0,72384.0,91776.0,54.0,152.0,432.0,672.0,632.0,2336.0,4812.0,6360.0,38.94480000000004,137.0648000000001,306.56640000000016,470.5872000000002,1.7689,36.60160000000001,26.493600000000004,105.06999999999996,1600.0,2560.0,7440.0,7360.0,1.0,8.0,10.0,24.0,64.0,176.0,368.0,464.0,2.3716000000000004,8.9936,15.369200000000005,27.22720000000001,0.0,-16.88,-6.619999999999998,-47.07999999999999,0.0,256.0,214.0,776.0,0.0,0.0,0.0,0.0,0.0,42.0,34.0,134.0,0.0,6.480000000000003,5.420000000000001,19.280000000000005,193.4308,379.44,605.9884,766.1177333333334,1464.0,2080.0,3312.0,4148.666666666667,26.666666666666668,56.0,88.0,114.0,144.0,360.0,520.0,575.3333333333334,13.890133333333331,30.25586666666668,46.28853333333334,56.56953333333333,11.8336,8.771999999999998,20.605599999999995,17.543999999999997,64.0,48.0,112.0,96.0,1.0,1.0,2.0,2.0,1.0,3.0,4.0,6.0,0.5328999999999998,0.5621,1.095,1.1242,28.09,59.88999999999999,87.98,119.78,0.0,0.8900000000000002,0.8900000000000002,1.7800000000000005,0.0,2.0,2.0,4.0,0.0,0.0,0.0,0.0,0.0,-2.0,-2.0,-4.0,0.0,-0.04,-0.04,-0.08,0.0,-6.000000000000001,-6.000000000000001,-12.000000000000002,9.985600000000003,8.058,16.116,31.6316,289.0,102.0,204.0,368.3333333333333,1.0,1.0,2.0,4.0,1.0,3.0,6.0,10.0,0.9801,0.7622999999999999,1.5245999999999995,2.7555,213.16,164.98000000000002,329.96000000000004,585.3031716666667,0.0,0.6100000000000003,1.2200000000000006,2.630000000000001,0.0,11.0,22.0,46.333333333333336,0.0,0.0,0.0,0.0,0.0,-2.0,-4.0,-6.0,0.0,0.2199999999999999,0.4399999999999999,1.1766666666666663,0.0,3.2999999999999985,6.599999999999997,18.31074166666666,4791.32,0.918738,903.718,1886.16,2052.99,0.0,0.0,0.0,994.486,0.20756,0.225919,0.0,0.0,0.0,2618.46,0.5465,0.594838,0.0,0.0,0.0,10.06126,6.56005,10.06126
DB1-Uio66Zr-irmof20_A_No6,0.015,5.74027,486.6785999999997,920.8192000000006,4251.559199999997,4714.176000000003,12084.0,33088.0,72384.0,91776.0,54.0,152.0,432.0,672.0,632.0,2336.0,4812.0,6360.0,38.94480000000001,137.06480000000013,306.56640000000027,470.5872000000002,1.7689,36.60160000000001,26.493600000000004,105.06999999999998,1600.0,2560.0,7440.0,7360.0,1.0,8.0,10.0,24.0,64.0,176.0,368.0,464.0,2.3716000000000004,8.9936,15.369200000000005,27.22720000000001,0.0,-16.88,-6.619999999999998,-47.07999999999999,0.0,256.0,214.0,776.0,0.0,0.0,0.0,0.0,0.0,42.0,34.0,134.0,0.0,6.480000000000003,5.420000000000001,19.28,127.4928,241.179,381.4864,381.8286,1346.0,1872.0,3184.0,4392.0,16.0,34.0,52.0,52.0,86.0,210.0,292.0,238.0,10.0726,21.175,32.87,33.7142,11.8336,8.771999999999998,20.605599999999995,17.647199999999998,64.0,48.0,112.0,176.0,1.0,1.0,2.0,2.0,1.0,3.0,4.0,5.0,0.5328999999999998,0.5621,1.095,1.3067000000000002,28.09,59.88999999999999,87.98,162.71,0.0,0.8900000000000002,0.8900000000000002,1.75,0.0,2.0,2.0,-6.0,0.0,0.0,0.0,0.0,0.0,-2.0,-2.0,-3.0,0.0,-0.04,-0.04,-0.33,0.0,-6.000000000000001,-6.000000000000001,-20.1,7.766133333333333,11.457999999999998,22.916,40.683600000000006,267.0,162.0,324.0,846.6666666666666,1.0,1.6666666666666667,3.333333333333333,5.333333333333333,3.0,9.0,18.0,15.333333333333334,1.0203,1.3013,2.6026,4.316200000000001,321.96,347.2866666666667,694.5733333333334,1080.078622666667,0.0,0.2433333333333337,0.4866666666666675,-0.4666666666666662,0.0,17.0,34.0,34.666666666666664,0.0,0.0,0.0,0.0,0.0,-2.0,-4.0,0.0,0.0,0.4066666666666667,0.8133333333333334,1.1333333333333335,0.0,11.899999999999997,23.8,36.32859333333332,3163.9,1.17744,526.583,1664.35,1413.53,0.0,0.0,0.0,375.744,0.11876,0.100863,0.0,0.0,0.0,1347.82,0.426,0.361801,0.0,0.0,0.0,8.33703,4.44183,8.21513
DB1-Uio66Zr-irmof20_A_No6,0.15,44.582705,486.6785999999997,920.8192000000006,4251.559199999997,4714.176000000003,12084.0,33088.0,72384.0,91776.0,54.0,152.0,432.0,672.0,632.0,2336.0,4812.0,6360.0,38.94480000000001,137.06480000000013,306.56640000000027,470.5872000000002,1.7689,36.60160000000001,26.493600000000004,105.06999999999998,1600.0,2560.0,7440.0,7360.0,1.0,8.0,10.0,24.0,64.0,176.0,368.0,464.0,2.3716000000000004,8.9936,15.369200000000005,27.22720000000001,0.0,-16.88,-6.619999999999998,-47.07999999999999,0.0,256.0,214.0,776.0,0.0,0.0,0.0,0.0,0.0,42.0,34.0,134.0,0.0,6.480000000000003,5.420000000000001,19.28,127.4928,241.179,381.4864,381.8286,1346.0,1872.0,3184.0,4392.0,16.0,34.0,52.0,52.0,86.0,210.0,292.0,238.0,10.0726,21.175,32.87,33.7142,11.8336,8.771999999999998,20.605599999999995,17.647199999999998,64.0,48.0,112.0,176.0,1.0,1.0,2.0,2.0,1.0,3.0,4.0,5.0,0.5328999999999998,0.5621,1.095,1.3067000000000002,28.09,59.88999999999999,87.98,162.71,0.0,0.8900000000000002,0.8900000000000002,1.75,0.0,2.0,2.0,-6.0,0.0,0.0,0.0,0.0,0.0,-2.0,-2.0,-3.0,0.0,-0.04,-0.04,-0.33,0.0,-6.000000000000001,-6.000000000000001,-20.1,7.766133333333333,11.457999999999998,22.916,40.683600000000006,267.0,162.0,324.0,846.6666666666666,1.0,1.6666666666666667,3.333333333333333,5.333333333333333,3.0,9.0,18.0,15.333333333333334,1.0203,1.3013,2.6026,4.316200000000001,321.96,347.2866666666667,694.5733333333334,1080.078622666667,0.0,0.2433333333333337,0.4866666666666675,-0.4666666666666662,0.0,17.0,34.0,34.666666666666664,0.0,0.0,0.0,0.0,0.0,-2.0,-4.0,0.0,0.0,0.4066666666666667,0.8133333333333334,1.1333333333333335,0.0,11.899999999999997,23.8,36.32859333333332,3163.9,1.17744,526.583,1664.35,1413.53,0.0,0.0,0.0,375.744,0.11876,0.100863,0.0,0.0,0.0,1347.82,0.426,0.361801,0.0,0.0,0.0,8.33703,4.44183,8.21513
DB1-Uio66Zr-BDC_A-irmof6_A_No421,0.015,320.601585,486.6785999999997,920.8192000000006,4251.559199999997,4714.176000000003,12084.0,33088.0,72384.0,91776.0,54.0,152.0,432.0,672.0,632.0,2336.0,4812.0,6360.0,38.94480000000001,137.06480000000013,306.56640000000027,470.5872000000002,1.7689,36.60160000000001,26.493600000000004,105.06999999999998,1600.0,2560.0,7440.0,7360.0,1.0,8.0,10.0,24.0,64.0,176.0,368.0,464.0,2.3716000000000004,8.9936,15.369200000000005,27.22720000000001,0.0,-16.88,-6.619999999999998,-47.07999999999999,0.0,256.0,214.0,776.0,0.0,0.0,0.0,0.0,0.0,42.0,34.0,134.0,0.0,6.480000000000003,5.420000000000001,19.28,218.03016666666664,386.6298333333333,585.0857333333332,706.2153333333332,1157.6666666666667,2051.333333333333,3089.333333333333,3705.3333333333335,23.5,47.333333333333336,71.66666666666667,89.0,119.66666666666669,290.3333333333333,407.6666666666667,509.0,12.725816666666663,26.47833333333333,39.5349,48.963566666666686,11.8336,8.771999999999998,20.605599999999995,17.543999999999997,64.0,48.0,112.0,96.0,1.0,1.0,2.0,2.0,1.0,3.0,4.0,6.0,0.5328999999999998,0.5621,1.095,1.1242,28.09,59.88999999999999,87.98,119.78,0.0,0.8900000000000002,0.8900000000000002,1.7800000000000005,0.0,2.0,2.0,4.0,0.0,0.0,0.0,0.0,0.0,-2.0,-2.0,-4.0,0.0,-0.04,-0.04,-0.08,0.0,-6.000000000000001,-6.000000000000001,-12.000000000000002,11.1136,16.496222222222226,18.67822222222221,24.421111111111102,59.833333333333336,83.22222222222224,101.55555555555556,127.2777777777778,1.0,1.7222222222222223,2.0,2.888888888888889,3.722222222222222,7.166666666666667,9.22222222222222,16.666666666666668,0.5411222222222222,0.90745,1.1165333333333336,1.5881222222222222,35.49833333333333,80.76850272222224,115.29666666666668,185.3651693888889,0.0,0.4911111111111113,1.0633333333333337,2.04888888888889,0.0,1.7777777777777783,2.333333333333333,5.222222222222223,0.0,0.0,0.0,0.0,0.0,0.0,-1.4444444444444444,-2.555555555555555,0.0,0.0477777777777777,-0.0466666666666667,-0.0211111111111111,0.0,-1.9511850000000008,-7.500000000000001,-12.784518333333336,2235.84,1.93548,0.0,0.0,0.0,136.011,608.319,314.298,0.0,0.0,0.0,74.7219,0.03342,0.017267,0.0,0.0,0.0,467.291,0.209,0.107983,7.31796,1.16686,7.31327
DB1-Uio66Zr-BDC_A-irmof6_A_No421,0.15,213.457715,486.6785999999997,920.8192000000006,4251.559199999997,4714.176000000003,12084.0,33088.0,72384.0,91776.0,54.0,152.0,432.0,672.0,632.0,2336.0,4812.0,6360.0,38.94480000000001,137.06480000000013,306.56640000000027,470.5872000000002,1.7689,36.60160000000001,26.493600000000004,105.06999999999998,1600.0,2560.0,7440.0,7360.0,1.0,8.0,10.0,24.0,64.0,176.0,368.0,464.0,2.3716000000000004,8.9936,15.369200000000005,27.22720000000001,0.0,-16.88,-6.619999999999998,-47.07999999999999,0.0,256.0,214.0,776.0,0.0,0.0,0.0,0.0,0.0,42.0,34.0,134.0,0.0,6.480000000000003,5.420000000000001,19.28,218.03016666666664,386.6298333333333,585.0857333333332,706.2153333333332,1157.6666666666667,2051.333333333333,3089.333333333333,3705.3333333333335,23.5,47.333333333333336,71.66666666666667,89.0,119.66666666666669,290.3333333333333,407.6666666666667,509.0,12.725816666666663,26.47833333333333,39.5349,48.963566666666686,11.8336,8.771999999999998,20.605599999999995,17.543999999999997,64.0,48.0,112.0,96.0,1.0,1.0,2.0,2.0,1.0,3.0,4.0,6.0,0.5328999999999998,0.5621,1.095,1.1242,28.09,59.88999999999999,87.98,119.78,0.0,0.8900000000000002,0.8900000000000002,1.7800000000000005,0.0,2.0,2.0,4.0,0.0,0.0,0.0,0.0,0.0,-2.0,-2.0,-4.0,0.0,-0.04,-0.04,-0.08,0.0,-6.000000000000001,-6.000000000000001,-12.000000000000002,11.1136,16.496222222222226,18.67822222222221,24.421111111111102,59.833333333333336,83.22222222222224,101.55555555555556,127.2777777777778,1.0,1.7222222222222223,2.0,2.888888888888889,3.722222222222222,7.166666666666667,9.22222222222222,16.666666666666668,0.5411222222222222,0.90745,1.1165333333333336,1.5881222222222222,35.49833333333333,80.76850272222224,115.29666666666668,185.3651693888889,0.0,0.4911111111111113,1.0633333333333337,2.04888888888889,0.0,1.7777777777777783,2.333333333333333,5.222222222222223,0.0,0.0,0.0,0.0,0.0,0.0,-1.4444444444444444,-2.555555555555555,0.0,0.0477777777777777,-0.0466666666666667,-0.0211111111111111,0.0,-1.9511850000000008,-7.500000000000001,-12.784518333333336,2235.84,1.93548,0.0,0.0,0.0,136.011,608.319,314.298,0.0,0.0,0.0,74.7219,0.03342,0.017267,0.0,0.0,0.0,467.291,0.209,0.107983,7.31796,1.16686,7.31327
DB1-Uio66Zr-BDC_A-irmof7_A_No20,0.015,312.23403,486.6785999999997,920.8192,4251.559199999997,4714.176000000001,12084.0,33088.0,72384.0,91776.0,54.0,152.0,432.0,672.0,632.0,2336.0,4812.0,6360.0,38.94480000000003,137.06480000000005,306.5664,470.58720000000017,1.7689,36.60160000000001,26.493600000000004,105.06999999999996,1600.0,2560.0,7440.0,7360.0,1.0,8.0,10.0,24.0,64.0,176.0,368.0,464.0,2.3716000000000004,8.9936,15.369200000000005,27.22720000000001,0.0,-16.88,-6.619999999999998,-47.07999999999999,0.0,256.0,214.0,776.0,0.0,0.0,0.0,0.0,0.0,42.0,34.0,134.0,0.0,6.480000000000003,5.420000000000001,19.280000000000005,171.6014,337.1268333333333,497.7670666666667,627.0481666666668,739.0,1405.3333333333333,2126.6666666666665,2600.6666666666665,23.666666666666668,47.66666666666666,72.0,90.33333333333331,119.66666666666669,289.0,410.6666666666667,514.3333333333334,10.194633333333334,23.09116666666667,33.61840000000001,42.19250000000002,11.8336,8.771999999999998,20.605599999999995,17.543999999999997,64.0,48.0,112.0,96.0,1.0,1.0,2.0,2.0,1.0,3.0,4.0,6.0,0.5328999999999998,0.5621,1.095,1.1242,28.09,59.88999999999999,87.98,119.78,0.0,0.8900000000000002,0.8900000000000002,1.7800000000000005,0.0,2.0,2.0,4.0,0.0,0.0,0.0,0.0,0.0,-2.0,-2.0,-4.0,0.0,-0.04,-0.04,-0.08,0.0,-6.000000000000001,-6.000000000000001,-12.000000000000002,7.701333333333333,17.606666666666666,12.92,27.081333333333333,40.833333333333336,46.66666666666666,70.0,145.83333333333334,0.8333333333333334,2.5,1.6666666666666667,3.333333333333333,7.5,12.5,15.0,30.0,0.46875,0.94375,0.9625,1.9125,45.63333333333333,125.27102333333336,139.36666666666667,254.6833333333333,0.0,1.808333333333333,0.816666666666667,1.2250000000000003,0.0,10.833333333333334,1.6666666666666667,2.5,0.0,0.0,0.0,0.0,0.0,3.333333333333333,0.0,0.0,0.0,0.6166666666666667,-0.0333333333333333,-0.05,0.0,1.5714833333333338,-6.5,-9.750000000000002,2235.84,1.49609,0.0,0.0,0.0,161.242,721.17,482.035,0.0,0.0,0.0,67.6119,0.03024,0.0202126,0.0,0.0,0.0,472.881,0.2115,0.141368,6.46004,2.68239,6.41998
DB1-Uio66Zr-BDC_A-irmof7_A_No20,0.15,225.193855,486.6785999999997,920.8192,4251.559199999997,4714.176000000001,12084.0,33088.0,72384.0,91776.0,54.0,152.0,432.0,672.0,632.0,2336.0,4812.0,6360.0,38.94480000000003,137.06480000000005,306.5664,470.58720000000017,1.7689,36.60160000000001,26.493600000000004,105.06999999999996,1600.0,2560.0,7440.0,7360.0,1.0,8.0,10.0,24.0,64.0,176.0,368.0,464.0,2.3716000000000004,8.9936,15.369200000000005,27.22720000000001,0.0,-16.88,-6.619999999999998,-47.07999999999999,0.0,256.0,214.0,776.0,0.0,0.0,0.0,0.0,0.0,42.0,34.0,134.0,0.0,6.480000000000003,5.420000000000001,19.280000000000005,171.6014,337.1268333333333,497.7670666666667,627.0481666666668,739.0,1405.3333333333333,2126.6666666666665,2600.6666666666665,23.666666666666668,47.66666666666666,72.0,90.33333333333331,119.66666666666669,289.0,410.6666666666667,514.3333333333334,10.194633333333334,23.09116666666667,33.61840000000001,42.19250000000002,11.8336,8.771999999999998,20.605599999999995,17.543999999999997,64.0,48.0,112.0,96.0,1.0,1.0,2.0,2.0,1.0,3.0,4.0,6.0,0.5328999999999998,0.5621,1.095,1.1242,28.09,59.88999999999999,87.98,119.78,0.0,0.8900000000000002,0.8900000000000002,1.7800000000000005,0.0,2.0,2.0,4.0,0.0,0.0,0.0,0.0,0.0,-2.0,-2.0,-4.0,0.0,-0.04,-0.04,-0.08,0.0,-6.000000000000001,-6.000000000000001,-12.000000000000002,7.701333333333333,17.606666666666666,12.92,27.081333333333333,40.833333333333336,46.66666666666666,70.0,145.83333333333334,0.8333333333333334,2.5,1.6666666666666667,3.333333333333333,7.5,12.5,15.0,30.0,0.46875,0.94375,0.9625,1.9125,45.63333333333333,125.27102333333336,139.36666666666667,254.6833333333333,0.0,1.808333333333333,0.816666666666667,1.2250000000000003,0.0,10.833333333333334,1.6666666666666667,2.5,0.0,0.0,0.0,0.0,0.0,3.333333333333333,0.0,0.0,0.0,0.6166666666666667,-0.0333333333333333,-0.05,0.0,1.5714833333333338,-6.5,-9.750000000000002,2235.84,1.49609,0.0,0.0,0.0,161.242,721.17,482.035,0.0,0.0,0.0,67.6119,0.03024,0.0202126,0.0,0.0,0.0,472.881,0.2115,0.141368,6.46004,2.68239,6.41998
DB1-Uio66Zr-irmof10_A-irmof14_A_No11,0.015,8.057865,486.6785999999998,920.8191999999996,4251.5592000000015,4714.176000000001,12084.0,33088.0,72384.0,91776.0,54.0,152.0,432.0,672.0,632.0,2336.0,4812.0,6360.0,38.94480000000005,137.06480000000013,306.56640000000016,470.5872000000002,1.7689,36.60160000000001,26.493600000000004,105.06999999999998,1600.0,2560.0,7440.0,7360.0,1.0,8.0,10.0,24.0,64.0,176.0,368.0,464.0,2.3716000000000004,8.9936,15.369200000000005,27.22720000000001,0.0,-16.88,-6.619999999999998,-47.07999999999999,0.0,256.0,214.0,776.0,0.0,0.0,0.0,0.0,0.0,42.0,34.0,134.0,0.0,6.480000000000003,5.420000000000001,19.28,204.89373333333333,419.7426666666667,650.9537333333332,823.7553333333334,875.3333333333334,1798.6666666666667,2699.333333333333,3019.333333333333,30.0,62.66666666666666,98.0,127.33333333333331,160.66666666666666,400.0,583.3333333333334,682.0,13.088333333333336,30.853333333333342,46.13913333333335,55.75246666666669,11.8336,8.771999999999998,20.605599999999995,17.543999999999997,64.0,48.0,112.0,96.0,1.0,1.0,2.0,2.0,1.0,3.0,4.0,6.0,0.5328999999999998,0.5621,1.095,1.1242,28.09,59.88999999999999,87.98,119.78,0.0,0.8900000000000002,0.8900000000000002,1.7800000000000005,0.0,2.0,2.0,4.0,0.0,0.0,0.0,0.0,0.0,-2.0,-2.0,-4.0,0.0,-0.04,-0.04,-0.08,0.0,-6.000000000000001,-6.000000000000001,-12.000000000000002,7.701333333333333,17.606666666666666,12.92,24.953333333333337,40.833333333333336,46.66666666666666,70.0,110.83333333333331,0.8333333333333334,2.5,1.6666666666666667,3.333333333333333,7.5,12.5,15.0,25.0,0.46875,0.94375,0.9625,1.6749999999999998,45.63333333333333,125.27102333333336,139.36666666666667,236.843845,0.0,1.808333333333333,0.816666666666667,1.9250000000000005,0.0,10.833333333333334,1.6666666666666667,7.5,0.0,0.0,0.0,0.0,0.0,3.333333333333333,0.0,1.6666666666666667,0.0,0.6166666666666667,-0.0333333333333333,0.2666666666666666,0.0,1.5714833333333338,-6.5,-7.339258333333334,4791.32,0.803648,945.594,1973.56,2455.75,0.0,0.0,0.0,1094.34,0.2284,0.284204,0.0,0.0,0.0,2695.12,0.5625,0.699933,0.0,0.0,0.0,10.75269,6.56005,10.75269
DB1-Uio66Zr-irmof10_A-irmof14_A_No11,0.15,46.6258,486.6785999999998,920.8191999999996,4251.5592000000015,4714.176000000001,12084.0,33088.0,72384.0,91776.0,54.0,152.0,432.0,672.0,632.0,2336.0,4812.0,6360.0,38.94480000000005,137.06480000000013,306.56640000000016,470.5872000000002,1.7689,36.60160000000001,26.493600000000004,105.06999999999998,1600.0,2560.0,7440.0,7360.0,1.0,8.0,10.0,24.0,64.0,176.0,368.0,464.0,2.3716000000000004,8.9936,15.369200000000005,27.22720000000001,0.0,-16.88,-6.619999999999998,-47.07999999999999,0.0,256.0,214.0,776.0,0.0,0.0,0.0,0.0,0.0,42.0,34.0,134.0,0.0,6.480000000000003,5.420000000000001,19.28,204.89373333333333,419.7426666666667,650.9537333333332,823.7553333333334,875.3333333333334,1798.6666666666667,2699.333333333333,3019.333333333333,30.0,62.66666666666666,98.0,127.33333333333331,160.66666666666666,400.0,583.3333333333334,682.0,13.088333333333336,30.853333333333342,46.13913333333335,55.75246666666669,11.8336,8.771999999999998,20.605599999999995,17.543999999999997,64.0,48.0,112.0,96.0,1.0,1.0,2.0,2.0,1.0,3.0,4.0,6.0,0.5328999999999998,0.5621,1.095,1.1242,28.09,59.88999999999999,87.98,119.78,0.0,0.8900000000000002,0.8900000000000002,1.7800000000000005,0.0,2.0,2.0,4.0,0.0,0.0,0.0,0.0,0.0,-2.0,-2.0,-4.0,0.0,-0.04,-0.04,-0.08,0.0,-6.000000000000001,-6.000000000000001,-12.000000000000002,7.701333333333333,17.606666666666666,12.92,24.953333333333337,40.833333333333336,46.66666666666666,70.0,110.83333333333331,0.8333333333333334,2.5,1.6666666666666667,3.333333333333333,7.5,12.5,15.0,25.0,0.46875,0.94375,0.9625,1.6749999999999998,45.63333333333333,125.27102333333336,139.36666666666667,236.843845,0.0,1.808333333333333,0.816666666666667,1.9250000000000005,0.0,10.833333333333334,1.6666666666666667,7.5,0.0,0.0,0.0,0.0,0.0,3.333333333333333,0.0,1.6666666666666667,0.0,0.6166666666666667,-0.0333333333333333,0.2666666666666666,0.0,1.5714833333333338,-6.5,-7.339258333333334,4791.32,0.803648,945.594,1973.56,2455.75,0.0,0.0,0.0,1094.34,0.2284,0.284204,0.0,0.0,0.0,2695.12,0.5625,0.699933,0.0,0.0,0.0,10.75269,6.56005,10.75269
DB1-Uio66Zr-irmof10_A-irmof14_A_No367,0.015,9.79398,486.6785999999998,920.8191999999996,4251.559200000001,4714.176000000001,12084.0,33088.0,72384.0,91776.0,54.0,152.0,432.0,672.0,632.0,2336.0,4812.0,6360.0,38.94480000000004,137.06480000000013,306.56640000000016,470.5872000000002,1.7689,36.60160000000001,26.493600000000004,105.06999999999998,1600.0,2560.0,7440.0,7360.0,1.0,8.0,10.0,24.0,64.0,176.0,368.0,464.0,2.3716000000000004,8.9936,15.369200000000005,27.22720000000001,0.0,-16.88,-6.619999999999998,-47.07999999999999,0.0,256.0,214.0,776.0,0.0,0.0,0.0,0.0,0.0,42.0,34.0,134.0,0.0,6.480000000000003,5.420000000000001,19.28,215.68206666666663,443.3726666666667,695.1337333333331,873.3136666666666,900.6666666666666,1862.6666666666667,2807.333333333333,3210.6666666666665,32.0,66.66666666666667,106.0,135.33333333333334,172.66666666666666,428.0,623.3333333333334,752.0,13.666133333333336,32.40360000000001,48.64766666666668,59.567666666666696,11.8336,8.771999999999998,20.605599999999995,17.543999999999997,64.0,48.0,112.0,96.0,1.0,1.0,2.0,2.0,1.0,3.0,4.0,6.0,0.5328999999999998,0.5621,1.095,1.1242,28.09,59.88999999999999,87.98,119.78,0.0,0.8900000000000002,0.8900000000000002,1.7800000000000005,0.0,2.0,2.0,4.0,0.0,0.0,0.0,0.0,0.0,-2.0,-2.0,-4.0,0.0,-0.04,-0.04,-0.08,0.0,-6.000000000000001,-6.000000000000001,-12.000000000000002,7.701333333333333,17.606666666666666,12.92,24.953333333333337,40.833333333333336,46.66666666666666,70.0,110.83333333333331,0.8333333333333334,2.5,1.6666666666666667,3.333333333333333,7.5,12.5,15.0,25.0,0.46875,0.94375,0.9625,1.6749999999999998,45.63333333333333,125.27102333333336,139.36666666666667,236.843845,0.0,1.808333333333333,0.816666666666667,1.9250000000000005,0.0,10.833333333333334,1.6666666666666667,7.5,0.0,0.0,0.0,0.0,0.0,3.333333333333333,0.0,1.6666666666666667,0.0,0.6166666666666667,-0.0333333333333333,0.2666666666666666,0.0,1.5714833333333338,-6.5,-7.339258333333334,4791.32,0.823094,889.143,1855.74,2254.59,0.0,0.0,0.0,798.808,0.16672,0.202553,0.0,0.0,0.0,2381.28,0.497,0.603819,0.0,0.0,0.0,10.06126,4.61046,10.06126
DB1-Uio66Zr-irmof10_A-irmof14_A_No367,0.15,46.07326,486.6785999999998,920.8191999999996,4251.559200000001,4714.176000000001,12084.0,33088.0,72384.0,91776.0,54.0,152.0,432.0,672.0,632.0,2336.0,4812.0,6360.0,38.94480000000004,137.06480000000013,306.56640000000016,470.5872000000002,1.7689,36.60160000000001,26.493600000000004,105.06999999999998,1600.0,2560.0,7440.0,7360.0,1.0,8.0,10.0,24.0,64.0,176.0,368.0,464.0,2.3716000000000004,8.9936,15.369200000000005,27.22720000000001,0.0,-16.88,-6.619999999999998,-47.07999999999999,0.0,256.0,214.0,776.0,0.0,0.0,0.0,0.0,0.0,42.0,34.0,134.0,0.0,6.480000000000003,5.420000000000001,19.28,215.68206666666663,443.3726666666667,695.1337333333331,873.3136666666666,900.6666666666666,1862.6666666666667,2807.333333333333,3210.6666666666665,32.0,66.66666666666667,106.0,135.33333333333334,172.66666666666666,428.0,623.3333333333334,752.0,13.666133333333336,32.40360000000001,48.64766666666668,59.567666666666696,11.8336,8.771999999999998,20.605599999999995,17.543999999999997,64.0,48.0,112.0,96.0,1.0,1.0,2.0,2.0,1.0,3.0,4.0,6.0,0.5328999999999998,0.5621,1.095,1.1242,28.09,59.88999999999999,87.98,119.78,0.0,0.8900000000000002,0.8900000000000002,1.7800000000000005,0.0,2.0,2.0,4.0,0.0,0.0,0.0,0.0,0.0,-2.0,-2.0,-4.0,0.0,-0.04,-0.04,-0.08,0.0,-6.000000000000001,-6.000000000000001,-12.000000000000002,7.701333333333333,17.606666666666666,12.92,24.953333333333337,40.833333333333336,46.66666666666666,70.0,110.83333333333331,0.8333333333333334,2.5,1.6666666666666667,3.333333333333333,7.5,12.5,15.0,25.0,0.46875,0.94375,0.9625,1.6749999999999998,45.63333333333333,125.27102333333336,139.36666666666667,236.843845,0.0,1.808333333333333,0.816666666666667,1.9250000000000005,0.0,10.833333333333334,1.6666666666666667,7.5,0.0,0.0,0.0,0.0,0.0,3.333333333333333,0.0,1.6666666666666667,0.0,0.6166666666666667,-0.0333333333333333,0.2666666666666666,0.0,1.5714833333333338,-6.5,-7.339258333333334,4791.32,0.823094,889.143,1855.74,2254.59,0.0,0.0,0.0,798.808,0.16672,0.202553,0.0,0.0,0.0,2381.28,0.497,0.603819,0.0,0.0,0.0,10.06126,4.61046,10.06126
DB1-Uio66Zr-irmof14_A_No1,0.015,6.21207,486.6785999999998,920.8191999999996,4251.559199999998,4714.176000000001,12084.0,33088.0,72384.0,91776.0,54.0,152.0,432.0,672.0,632.0,2336.0,4812.0,6360.0,38.94480000000003,137.0648000000001,306.56640000000016,470.5872000000002,1.7689,36.60160000000001,26.493600000000004,105.06999999999998,1600.0,2560.0,7440.0,7360.0,1.0,8.0,10.0,24.0,64.0,176.0,368.0,464.0,2.3716000000000004,8.9936,15.369200000000005,27.22720000000001,0.0,-16.88,-6.619999999999998,-47.07999999999999,0.0,256.0,214.0,776.0,0.0,0.0,0.0,0.0,0.0,42.0,34.0,134.0,0.0,6.480000000000003,5.420000000000001,19.28,203.0994,433.0410000000001,713.1904,916.042,912.0,1992.0,3136.0,3556.0,30.0,66.0,108.0,144.0,174.0,450.0,700.0,832.0,13.899000000000004,33.957000000000015,53.69080000000002,65.81280000000002,11.8336,8.771999999999998,20.605599999999995,17.543999999999997,64.0,48.0,112.0,96.0,1.0,1.0,2.0,2.0,1.0,3.0,4.0,6.0,0.5328999999999998,0.5621,1.095,1.1242,28.09,59.88999999999999,87.98,119.78,0.0,0.8900000000000002,0.8900000000000002,1.7800000000000005,0.0,2.0,2.0,4.0,0.0,0.0,0.0,0.0,0.0,-2.0,-2.0,-4.0,0.0,-0.04,-0.04,-0.08,0.0,-6.000000000000001,-6.000000000000001,-12.000000000000002,0.0,0.0,0.0,0.0,0.0,0.0,0.0,0.0,0.0,0.0,0.0,0.0,0.0,0.0,0.0,0.0,0.0,0.0,0.0,0.0,0.0,0.0,0.0,0.0,0.0,0.0,0.0,0.0,0.0,0.0,0.0,0.0,0.0,0.0,0.0,0.0,0.0,0.0,0.0,0.0,0.0,0.0,0.0,0.0,0.0,0.0,0.0,0.0,4754.42,0.841343,911.646,1917.47,2279.06,0.0,0.0,0.0,847.428,0.17824,0.211852,0.0,0.0,0.0,2427.13,0.5105,0.606768,0.0,0.0,0.0,10.66289,4.98036,10.66289
DB1-Uio66Zr-irmof14_A_No1,0.15,48.63742,486.6785999999998,920.8191999999996,4251.559199999998,4714.176000000001,12084.0,33088.0,72384.0,91776.0,54.0,152.0,432.0,672.0,632.0,2336.0,4812.0,6360.0,38.94480000000003,137.0648000000001,306.56640000000016,470.5872000000002,1.7689,36.60160000000001,26.493600000000004,105.06999999999998,1600.0,2560.0,7440.0,7360.0,1.0,8.0,10.0,24.0,64.0,176.0,368.0,464.0,2.3716000000000004,8.9936,15.369200000000005,27.22720000000001,0.0,-16.88,-6.619999999999998,-47.07999999999999,0.0,256.0,214.0,776.0,0.0,0.0,0.0,0.0,0.0,42.0,34.0,134.0,0.0,6.480000000000003,5.420000000000001,19.28,203.0994,433.0410000000001,713.1904,916.042,912.0,1992.0,3136.0,3556.0,30.0,66.0,108.0,144.0,174.0,450.0,700.0,832.0,13.899000000000004,33.957000000000015,53.69080000000002,65.81280000000002,11.8336,8.771999999999998,20.605599999999995,17.543999999999997,64.0,48.0,112.0,96.0,1.0,1.0,2.0,2.0,1.0,3.0,4.0,6.0,0.5328999999999998,0.5621,1.095,1.1242,28.09,59.88999999999999,87.98,119.78,0.0,0.8900000000000002,0.8900000000000002,1.7800000000000005,0.0,2.0,2.0,4.0,0.0,0.0,0.0,0.0,0.0,-2.0,-2.0,-4.0,0.0,-0.04,-0.04,-0.08,0.0,-6.000000000000001,-6.000000000000001,-12.000000000000002,0.0,0.0,0.0,0.0,0.0,0.0,0.0,0.0,0.0,0.0,0.0,0.0,0.0,0.0,0.0,0.0,0.0,0.0,0.0,0.0,0.0,0.0,0.0,0.0,0.0,0.0,0.0,0.0,0.0,0.0,0.0,0.0,0.0,0.0,0.0,0.0,0.0,0.0,0.0,0.0,0.0,0.0,0.0,0.0,0.0,0.0,0.0,0.0,4754.42,0.841343,911.646,1917.47,2279.06,0.0,0.0,0.0,847.428,0.17824,0.211852,0.0,0.0,0.0,2427.13,0.5105,0.606768,0.0,0.0,0.0,10.66289,4.98036,10.66289
DB1-Uio66Zr-BDC_A-irmof7_A_No420,0.015,285.135425,486.6785999999997,920.8192000000006,4251.559199999997,4714.176000000003,12084.0,33088.0,72384.0,91776.0,54.0,152.0,432.0,672.0,632.0,2336.0,4812.0,6360.0,38.94480000000001,137.06480000000013,306.56640000000027,470.5872000000002,1.7689,36.60160000000001,26.493600000000004,105.06999999999998,1600.0,2560.0,7440.0,7360.0,1.0,8.0,10.0,24.0,64.0,176.0,368.0,464.0,2.3716000000000004,8.9936,15.369200000000005,27.22720000000001,0.0,-16.88,-6.619999999999998,-47.07999999999999,0.0,256.0,214.0,776.0,0.0,0.0,0.0,0.0,0.0,42.0,34.0,134.0,0.0,6.480000000000003,5.420000000000001,19.28,163.73826666666665,299.4311666666667,485.8144,564.3170333333333,967.0,1908.6666666666667,2506.6666666666665,2642.0,20.666666666666668,41.66666666666666,64.33333333333333,80.0,106.0,257.3333333333333,355.0,395.6666666666667,10.240183333333333,22.812700000000007,33.3376,38.19426666666667,11.8336,8.771999999999998,20.605599999999995,17.543999999999997,64.0,48.0,112.0,96.0,1.0,1.0,2.0,2.0,1.0,3.0,4.0,6.0,0.5328999999999998,0.5621,1.095,1.1242,28.09,59.88999999999999,87.98,119.78,0.0,0.8900000000000002,0.8900000000000002,1.7800000000000005,0.0,2.0,2.0,4.0,0.0,0.0,0.0,0.0,0.0,-2.0,-2.0,-4.0,0.0,-0.04,-0.04,-0.08,0.0,-6.000000000000001,-6.000000000000001,-12.000000000000002,10.755016666666664,16.764625,27.12225,25.57030833333333,104.0,191.0,169.33333333333334,154.66666666666666,1.0,2.0,2.833333333333333,3.1666666666666665,5.25,10.916666666666666,12.416666666666666,16.75,0.6386291666666666,1.2893458333333334,1.6106791666666664,1.705866666666667,100.64625,193.135381125,202.06498625,268.670718,0.0,0.6195833333333333,0.9445833333333336,2.2304166666666667,0.0,5.041666666666667,9.208333333333334,16.625,0.0,0.0,0.0,0.0,0.0,0.4166666666666667,-0.3333333333333333,-1.0,0.0,0.1804166666666666,0.2012499999999999,0.4383333333333332,0.0,0.984833749999999,0.7276854166666645,-0.8722954166666702,2235.84,1.59414,0.0,0.0,0.0,127.332,569.502,357.247,0.0,0.0,0.0,53.7497,0.02404,0.0150803,0.0,0.0,0.0,364.442,0.163,0.10225,6.46004,2.9609,5.96944
DB1-Uio66Zr-BDC_A-irmof7_A_No420,0.15,216.489475,486.6785999999997,920.8192000000006,4251.559199999997,4714.176000000003,12084.0,33088.0,72384.0,91776.0,54.0,152.0,432.0,672.0,632.0,2336.0,4812.0,6360.0,38.94480000000001,137.06480000000013,306.56640000000027,470.5872000000002,1.7689,36.60160000000001,26.493600000000004,105.06999999999998,1600.0,2560.0,7440.0,7360.0,1.0,8.0,10.0,24.0,64.0,176.0,368.0,464.0,2.3716000000000004,8.9936,15.369200000000005,27.22720000000001,0.0,-16.88,-6.619999999999998,-47.07999999999999,0.0,256.0,214.0,776.0,0.0,0.0,0.0,0.0,0.0,42.0,34.0,134.0,0.0,6.480000000000003,5.420000000000001,19.28,163.73826666666665,299.4311666666667,485.8144,564.3170333333333,967.0,1908.6666666666667,2506.6666666666665,2642.0,20.666666666666668,41.66666666666666,64.33333333333333,80.0,106.0,257.3333333333333,355.0,395.6666666666667,10.240183333333333,22.812700000000007,33.3376,38.19426666666667,11.8336,8.771999999999998,20.605599999999995,17.543999999999997,64.0,48.0,112.0,96.0,1.0,1.0,2.0,2.0,1.0,3.0,4.0,6.0,0.5328999999999998,0.5621,1.095,1.1242,28.09,59.88999999999999,87.98,119.78,0.0,0.8900000000000002,0.8900000000000002,1.7800000000000005,0.0,2.0,2.0,4.0,0.0,0.0,0.0,0.0,0.0,-2.0,-2.0,-4.0,0.0,-0.04,-0.04,-0.08,0.0,-6.000000000000001,-6.000000000000001,-12.000000000000002,10.755016666666664,16.764625,27.12225,25.57030833333333,104.0,191.0,169.33333333333334,154.66666666666666,1.0,2.0,2.833333333333333,3.1666666666666665,5.25,10.916666666666666,12.416666666666666,16.75,0.6386291666666666,1.2893458333333334,1.6106791666666664,1.705866666666667,100.64625,193.135381125,202.06498625,268.670718,0.0,0.6195833333333333,0.9445833333333336,2.2304166666666667,0.0,5.041666666666667,9.208333333333334,16.625,0.0,0.0,0.0,0.0,0.0,0.4166666666666667,-0.3333333333333333,-1.0,0.0,0.1804166666666666,0.2012499999999999,0.4383333333333332,0.0,0.984833749999999,0.7276854166666645,-0.8722954166666702,2235.84,1.59414,0.0,0.0,0.0,127.332,569.502,357.247,0.0,0.0,0.0,53.7497,0.02404,0.0150803,0.0,0.0,0.0,364.442,0.163,0.10225,6.46004,2.9609,5.96944
DB1-Uio66Zr-BDC_A-irmof7_A_No149,0.015,277.45646,486.6785999999997,920.8192000000006,4251.559199999997,4714.176000000003,12084.0,33088.0,72384.0,91776.0,54.0,152.0,432.0,672.0,632.0,2336.0,4812.0,6360.0,38.94480000000001,137.06480000000013,306.56640000000027,470.5872000000002,1.7689,36.60160000000001,26.493600000000004,105.06999999999998,1600.0,2560.0,7440.0,7360.0,1.0,8.0,10.0,24.0,64.0,176.0,368.0,464.0,2.3716000000000004,8.9936,15.369200000000005,27.22720000000001,0.0,-16.88,-6.619999999999998,-47.07999999999999,0.0,256.0,214.0,776.0,0.0,0.0,0.0,0.0,0.0,42.0,34.0,134.0,0.0,6.480000000000003,5.420000000000001,19.28,146.5086,260.33883333333324,408.3430666666665,506.7593666666666,1549.0,1745.3333333333333,2896.6666666666665,4544.666666666667,17.666666666666668,35.666666666666664,54.0,66.33333333333333,89.66666666666667,217.0,296.6666666666667,310.3333333333333,10.9071,21.188233333333333,32.23233333333334,41.169966666666674,11.8336,8.771999999999998,20.605599999999995,17.543999999999997,64.0,48.0,112.0,96.0,1.0,1.0,2.0,2.0,1.0,3.0,4.0,6.0,0.5328999999999998,0.5621,1.095,1.1242,28.09,59.88999999999999,87.98,119.78,0.0,0.8900000000000002,0.8900000000000002,1.7800000000000005,0.0,2.0,2.0,4.0,0.0,0.0,0.0,0.0,0.0,-2.0,-2.0,-4.0,0.0,-0.04,-0.04,-0.08,0.0,-6.000000000000001,-6.000000000000001,-12.000000000000002,9.861600000000005,10.236333333333333,16.014,33.8826,249.0,94.33333333333331,184.0,525.0,1.0,1.3333333333333333,2.0,4.0,2.333333333333333,5.0,8.0,14.333333333333334,0.9105,0.8239999999999998,1.463,3.104999999999999,186.76,162.537538,302.84000000000003,641.02,0.0,0.8700000000000002,1.1800000000000006,1.770000000000001,0.0,11.333333333333334,18.666666666666668,28.0,0.0,0.0,0.0,0.0,0.0,-1.0,-3.333333333333333,-5.0,0.0,0.3066666666666666,0.3599999999999999,0.5399999999999999,0.0,3.064296666666666,4.199999999999998,6.299999999999997,2235.84,1.80701,0.0,0.0,0.0,145.637,651.373,360.471,0.0,0.0,0.0,60.6808,0.02714,0.0150193,0.0,0.0,0.0,453.876,0.203,0.112341,6.25233,2.71718,6.25233
DB1-Uio66Zr-BDC_A-irmof7_A_No149,0.15,239.355595,486.6785999999997,920.8192000000006,4251.559199999997,4714.176000000003,12084.0,33088.0,72384.0,91776.0,54.0,152.0,432.0,672.0,632.0,2336.0,4812.0,6360.0,38.94480000000001,137.06480000000013,306.56640000000027,470.5872000000002,1.7689,36.60160000000001,26.493600000000004,105.06999999999998,1600.0,2560.0,7440.0,7360.0,1.0,8.0,10.0,24.0,64.0,176.0,368.0,464.0,2.3716000000000004,8.9936,15.369200000000005,27.22720000000001,0.0,-16.88,-6.619999999999998,-47.07999999999999,0.0,256.0,214.0,776.0,0.0,0.0,0.0,0.0,0.0,42.0,34.0,134.0,0.0,6.480000000000003,5.420000000000001,19.28,146.5086,260.33883333333324,408.3430666666665,506.7593666666666,1549.0,1745.3333333333333,2896.6666666666665,4544.666666666667,17.666666666666668,35.666666666666664,54.0,66.33333333333333,89.66666666666667,217.0,296.6666666666667,310.3333333333333,10.9071,21.188233333333333,32.23233333333334,41.169966666666674,11.8336,8.771999999999998,20.605599999999995,17.543999999999997,64.0,48.0,112.0,96.0,1.0,1.0,2.0,2.0,1.0,3.0,4.0,6.0,0.5328999999999998,0.5621,1.095,1.1242,28.09,59.88999999999999,87.98,119.78,0.0,0.8900000000000002,0.8900000000000002,1.7800000000000005,0.0,2.0,2.0,4.0,0.0,0.0,0.0,0.0,0.0,-2.0,-2.0,-4.0,0.0,-0.04,-0.04,-0.08,0.0,-6.000000000000001,-6.000000000000001,-12.000000000000002,9.861600000000005,10.236333333333333,16.014,33.8826,249.0,94.33333333333331,184.0,525.0,1.0,1.3333333333333333,2.0,4.0,2.333333333333333,5.0,8.0,14.333333333333334,0.9105,0.8239999999999998,1.463,3.104999999999999,186.76,162.537538,302.84000000000003,641.02,0.0,0.8700000000000002,1.1800000000000006,1.770000000000001,0.0,11.333333333333334,18.666666666666668,28.0,0.0,0.0,0.0,0.0,0.0,-1.0,-3.333333333333333,-5.0,0.0,0.3066666666666666,0.3599999999999999,0.5399999999999999,0.0,3.064296666666666,4.199999999999998,6.299999999999997,2235.84,1.80701,0.0,0.0,0.0,145.637,651.373,360.471,0.0,0.0,0.0,60.6808,0.02714,0.0150193,0.0,0.0,0.0,453.876,0.203,0.112341,6.25233,2.71718,6.25233
DB1-Uio66Zr-BDC_A-irmof7_A_No109,0.015,228.791755,486.6785999999998,920.8192000000004,4251.559199999997,4714.176000000005,12084.0,33088.0,72384.0,91776.0,54.0,152.0,432.0,672.0,632.0,2336.0,4812.0,6360.0,38.9448,137.06480000000005,306.5663999999999,470.5872000000002,1.7689,36.60160000000001,26.493600000000004,105.06999999999996,1600.0,2560.0,7440.0,7360.0,1.0,8.0,10.0,24.0,64.0,176.0,368.0,464.0,2.3716000000000004,8.9936,15.369200000000005,27.22720000000001,0.0,-16.88,-6.619999999999998,-47.07999999999999,0.0,256.0,214.0,776.0,0.0,0.0,0.0,0.0,0.0,42.0,34.0,134.0,0.0,6.480000000000003,5.420000000000001,19.28,160.98983333333334,308.11996666666664,495.0314666666666,572.7710333333333,694.3333333333334,1330.6666666666667,1984.6666666666667,2213.333333333333,22.666666666666668,45.66666666666666,74.0,86.33333333333333,119.66666666666669,287.0,396.6666666666667,470.3333333333333,9.804933333333333,22.24123333333334,32.77193333333334,38.82183333333334,11.8336,8.771999999999998,20.605599999999995,17.543999999999997,64.0,48.0,112.0,96.0,1.0,1.0,2.0,2.0,1.0,3.0,4.0,6.0,0.5328999999999998,0.5621,1.095,1.1242,28.09,59.88999999999999,87.98,119.78,0.0,0.8900000000000002,0.8900000000000002,1.7800000000000005,0.0,2.0,2.0,4.0,0.0,0.0,0.0,0.0,0.0,-2.0,-2.0,-4.0,0.0,-0.04,-0.04,-0.08,0.0,-6.000000000000001,-6.000000000000001,-12.000000000000002,1.8282666666666667,2.7545777777777776,3.150844444444445,3.754755555555555,9.833333333333334,14.77777777777778,17.11111111111111,20.38888888888889,0.1666666666666666,0.2777777777777778,0.3333333333333333,0.4444444444444444,0.611111111111111,1.1666666666666667,1.4444444444444444,2.6666666666666665,0.0904611111111111,0.15375,0.1858333333333333,0.2524111111111111,6.163333333333333,13.361111111111112,19.06666666666667,30.28777777777778,0.0,0.0272222222222222,0.1533333333333333,0.2794444444444445,0.0,0.0555555555555555,0.3333333333333333,0.611111111111111,0.0,0.0,0.0,0.0,0.0,0.0,-0.2222222222222222,-0.4444444444444444,0.0,-0.0011111111111111,-0.0066666666666666,-0.0122222222222222,0.0,-0.2166666666666666,-1.1000000000000003,-1.9833333333333327,2235.84,1.44408,0.0,0.0,0.0,168.579,753.985,522.122,0.0,0.0,0.0,64.2134,0.02872,0.0198881,0.0,0.0,0.0,503.065,0.225,0.155809,6.54588,2.25401,6.54588
DB1-Uio66Zr-BDC_A-irmof7_A_No109,0.15,216.617335,486.6785999999998,920.8192000000004,4251.559199999997,4714.176000000005,12084.0,33088.0,72384.0,91776.0,54.0,152.0,432.0,672.0,632.0,2336.0,4812.0,6360.0,38.9448,137.06480000000005,306.5663999999999,470.5872000000002,1.7689,36.60160000000001,26.493600000000004,105.06999999999996,1600.0,2560.0,7440.0,7360.0,1.0,8.0,10.0,24.0,64.0,176.0,368.0,464.0,2.3716000000000004,8.9936,15.369200000000005,27.22720000000001,0.0,-16.88,-6.619999999999998,-47.07999999999999,0.0,256.0,214.0,776.0,0.0,0.0,0.0,0.0,0.0,42.0,34.0,134.0,0.0,6.480000000000003,5.420000000000001,19.28,160.98983333333334,308.11996666666664,495.0314666666666,572.7710333333333,694.3333333333334,1330.6666666666667,1984.6666666666667,2213.333333333333,22.666666666666668,45.66666666666666,74.0,86.33333333333333,119.66666666666669,287.0,396.6666666666667,470.3333333333333,9.804933333333333,22.24123333333334,32.77193333333334,38.82183333333334,11.8336,8.771999999999998,20.605599999999995,17.543999999999997,64.0,48.0,112.0,96.0,1.0,1.0,2.0,2.0,1.0,3.0,4.0,6.0,0.5328999999999998,0.5621,1.095,1.1242,28.09,59.88999999999999,87.98,119.78,0.0,0.8900000000000002,0.8900000000000002,1.7800000000000005,0.0,2.0,2.0,4.0,0.0,0.0,0.0,0.0,0.0,-2.0,-2.0,-4.0,0.0,-0.04,-0.04,-0.08,0.0,-6.000000000000001,-6.000000000000001,-12.000000000000002,1.8282666666666667,2.7545777777777776,3.150844444444445,3.754755555555555,9.833333333333334,14.77777777777778,17.11111111111111,20.38888888888889,0.1666666666666666,0.2777777777777778,0.3333333333333333,0.4444444444444444,0.611111111111111,1.1666666666666667,1.4444444444444444,2.6666666666666665,0.0904611111111111,0.15375,0.1858333333333333,0.2524111111111111,6.163333333333333,13.361111111111112,19.06666666666667,30.28777777777778,0.0,0.0272222222222222,0.1533333333333333,0.2794444444444445,0.0,0.0555555555555555,0.3333333333333333,0.611111111111111,0.0,0.0,0.0,0.0,0.0,0.0,-0.2222222222222222,-0.4444444444444444,0.0,-0.0011111111111111,-0.0066666666666666,-0.0122222222222222,0.0,-0.2166666666666666,-1.1000000000000003,-1.9833333333333327,2235.84,1.44408,0.0,0.0,0.0,168.579,753.985,522.122,0.0,0.0,0.0,64.2134,0.02872,0.0198881,0.0,0.0,0.0,503.065,0.225,0.155809,6.54588,2.25401,6.54588
DB1-Uio66Zr-BDC_A-irmof6_A_No233,0.015,148.88138,486.6785999999997,920.8192000000006,4251.559199999997,4714.176000000003,12084.0,33088.0,72384.0,91776.0,54.0,152.0,432.0,672.0,632.0,2336.0,4812.0,6360.0,38.94480000000001,137.06480000000013,306.56640000000027,470.5872000000002,1.7689,36.60160000000001,26.493600000000004,105.06999999999998,1600.0,2560.0,7440.0,7360.0,1.0,8.0,10.0,24.0,64.0,176.0,368.0,464.0,2.3716000000000004,8.9936,15.369200000000005,27.22720000000001,0.0,-16.88,-6.619999999999998,-47.07999999999999,0.0,256.0,214.0,776.0,0.0,0.0,0.0,0.0,0.0,42.0,34.0,134.0,0.0,6.480000000000003,5.420000000000001,19.28,151.5811833333333,279.8326666666667,425.94073333333336,509.2963666666666,718.3333333333334,1304.6666666666667,1949.3333333333333,2111.6666666666665,19.5,39.333333333333336,58.66666666666666,73.0,98.66666666666669,240.3333333333333,327.3333333333333,358.0,9.22555,20.247266666666672,29.12933333333333,33.7173,11.8336,8.771999999999998,20.605599999999995,17.543999999999997,64.0,48.0,112.0,96.0,1.0,1.0,2.0,2.0,1.0,3.0,4.0,6.0,0.5328999999999998,0.5621,1.095,1.1242,28.09,59.88999999999999,87.98,119.78,0.0,0.8900000000000002,0.8900000000000002,1.7800000000000005,0.0,2.0,2.0,4.0,0.0,0.0,0.0,0.0,0.0,-2.0,-2.0,-4.0,0.0,-0.04,-0.04,-0.08,0.0,-6.000000000000001,-6.000000000000001,-12.000000000000002,11.8336,13.186666666666666,20.09533333333333,24.131599999999995,64.0,52.66666666666666,109.33333333333331,118.0,1.0,1.5833333333333333,2.0,2.75,2.75,5.916666666666667,7.416666666666667,11.583333333333334,0.5328999999999998,0.7196583333333334,1.0998666666666663,1.419241666666667,28.09,73.82448175,93.28000000000002,144.3965345833333,0.0,1.6133333333333333,1.0383333333333336,2.4450000000000003,0.0,6.083333333333333,2.333333333333333,7.25,0.0,0.0,0.0,0.0,0.0,-0.8333333333333334,-1.5833333333333333,-3.0,0.0,0.1699999999999999,-0.0466666666666667,0.0633333333333332,0.0,-5.537480833333334,-7.000000000000001,-12.669629166666668,2235.84,1.44241,0.0,0.0,0.0,177.853,795.463,551.481,0.0,0.0,0.0,79.9537,0.03576,0.0247918,0.0,0.0,0.0,520.951,0.233,0.161535,7.31796,3.43092,7.31339
DB1-Uio66Zr-BDC_A-irmof6_A_No233,0.15,165.45946,486.6785999999997,920.8192000000006,4251.559199999997,4714.176000000003,12084.0,33088.0,72384.0,91776.0,54.0,152.0,432.0,672.0,632.0,2336.0,4812.0,6360.0,38.94480000000001,137.06480000000013,306.56640000000027,470.5872000000002,1.7689,36.60160000000001,26.493600000000004,105.06999999999998,1600.0,2560.0,7440.0,7360.0,1.0,8.0,10.0,24.0,64.0,176.0,368.0,464.0,2.3716000000000004,8.9936,15.369200000000005,27.22720000000001,0.0,-16.88,-6.619999999999998,-47.07999999999999,0.0,256.0,214.0,776.0,0.0,0.0,0.0,0.0,0.0,42.0,34.0,134.0,0.0,6.480000000000003,5.420000000000001,19.28,151.5811833333333,279.8326666666667,425.94073333333336,509.2963666666666,718.3333333333334,1304.6666666666667,1949.3333333333333,2111.6666666666665,19.5,39.333333333333336,58.66666666666666,73.0,98.66666666666669,240.3333333333333,327.3333333333333,358.0,9.22555,20.247266666666672,29.12933333333333,33.7173,11.8336,8.771999999999998,20.605599999999995,17.543999999999997,64.0,48.0,112.0,96.0,1.0,1.0,2.0,2.0,1.0,3.0,4.0,6.0,0.5328999999999998,0.5621,1.095,1.1242,28.09,59.88999999999999,87.98,119.78,0.0,0.8900000000000002,0.8900000000000002,1.7800000000000005,0.0,2.0,2.0,4.0,0.0,0.0,0.0,0.0,0.0,-2.0,-2.0,-4.0,0.0,-0.04,-0.04,-0.08,0.0,-6.000000000000001,-6.000000000000001,-12.000000000000002,11.8336,13.186666666666666,20.09533333333333,24.131599999999995,64.0,52.66666666666666,109.33333333333331,118.0,1.0,1.5833333333333333,2.0,2.75,2.75,5.916666666666667,7.416666666666667,11.583333333333334,0.5328999999999998,0.7196583333333334,1.0998666666666663,1.419241666666667,28.09,73.82448175,93.28000000000002,144.3965345833333,0.0,1.6133333333333333,1.0383333333333336,2.4450000000000003,0.0,6.083333333333333,2.333333333333333,7.25,0.0,0.0,0.0,0.0,0.0,-0.8333333333333334,-1.5833333333333333,-3.0,0.0,0.1699999999999999,-0.0466666666666667,0.0633333333333332,0.0,-5.537480833333334,-7.000000000000001,-12.669629166666668,2235.84,1.44241,0.0,0.0,0.0,177.853,795.463,551.481,0.0,0.0,0.0,79.9537,0.03576,0.0247918,0.0,0.0,0.0,520.951,0.233,0.161535,7.31796,3.43092,7.31339
DB1-Uio66Zr-irmof10_A-irmof14_A_No312,0.015,113.274225,61.7857818181818,105.7893818181818,391.0490181818183,428.5614545454546,1197.6363636363635,3138.909090909091,6613.090909090909,8343.272727272728,7.636363636363637,17.454545454545453,41.09090909090909,61.09090909090909,62.90909090909091,219.63636363636363,439.27272727272725,578.1818181818181,6.171981818181823,15.247709090909105,29.731672727272745,42.78065454545457,1.2635875,15.832600000000012,11.496975000000004,42.524999999999984,605.625,975.0,2801.25,2782.5,1.0,3.625,4.375,10.25,24.625,67.25,139.875,177.75,1.9949125000000003,3.979412500000002,6.403512500000004,11.490325000000007,0.0,-7.867499999999998,-3.463749999999998,-19.6175,0.0,92.875,78.375,287.25,0.0,0.0,0.0,0.0,0.0,15.125,11.5,47.75,0.0,2.805,2.3825000000000003,7.9300000000000015,198.47456666666668,390.3709999999999,626.3103999999998,786.8270000000001,909.6666666666666,1804.0,2750.0,3090.0,27.666666666666668,58.0,92.0,118.0,150.0,374.0,540.0,607.3333333333334,12.871566666666672,29.72713333333334,44.93506666666668,53.629400000000025,11.833599999999995,8.771999999999995,19.64884999999999,22.65025,64.0,48.0,107.0,113.50000000000004,1.0,1.0,2.0,2.625,1.0,3.0,4.625,7.249999999999998,0.5328999999999998,0.5621,1.1041250000000002,1.3842625000000006,28.08999999999999,59.88999999999999,97.9175,145.96052593750002,0.0,0.8900000000000005,1.1681250000000003,2.445625000000001,0.0,2.0,2.625,6.8125,0.0,0.0,0.0,0.0,0.0,-2.0,-2.625,-4.625,0.0,-0.04,-0.0525,0.0199999999999999,0.0,-6.000000000000001,-7.875000000000001,-13.627221875000002,0.0,0.0,0.0,0.0,0.0,0.0,0.0,0.0,0.0,0.0,0.0,0.0,0.0,0.0,0.0,0.0,0.0,0.0,0.0,0.0,0.0,0.0,0.0,0.0,0.0,0.0,0.0,0.0,0.0,0.0,0.0,0.0,0.0,0.0,0.0,0.0,0.0,0.0,0.0,0.0,0.0,0.0,0.0,0.0,0.0,0.0,0.0,0.0,4791.32,0.837343,0.0,0.0,0.0,628.765,1312.3,1567.22,0.0,0.0,0.0,593.453,0.12386,0.14792,0.0,0.0,0.0,1930.9,0.403,0.481284,10.06126,3.23877,10.06126
DB1-Uio66Zr-irmof10_A-irmof14_A_No312,0.15,192.5617,61.7857818181818,105.7893818181818,391.0490181818183,428.5614545454546,1197.6363636363635,3138.909090909091,6613.090909090909,8343.272727272728,7.636363636363637,17.454545454545453,41.09090909090909,61.09090909090909,62.90909090909091,219.63636363636363,439.27272727272725,578.1818181818181,6.171981818181823,15.247709090909105,29.731672727272745,42.78065454545457,1.2635875,15.832600000000012,11.496975000000004,42.524999999999984,605.625,975.0,2801.25,2782.5,1.0,3.625,4.375,10.25,24.625,67.25,139.875,177.75,1.9949125000000003,3.979412500000002,6.403512500000004,11.490325000000007,0.0,-7.867499999999998,-3.463749999999998,-19.6175,0.0,92.875,78.375,287.25,0.0,0.0,0.0,0.0,0.0,15.125,11.5,47.75,0.0,2.805,2.3825000000000003,7.9300000000000015,198.47456666666668,390.3709999999999,626.3103999999998,786.8270000000001,909.6666666666666,1804.0,2750.0,3090.0,27.666666666666668,58.0,92.0,118.0,150.0,374.0,540.0,607.3333333333334,12.871566666666672,29.72713333333334,44.93506666666668,53.629400000000025,11.833599999999995,8.771999999999995,19.64884999999999,22.65025,64.0,48.0,107.0,113.50000000000004,1.0,1.0,2.0,2.625,1.0,3.0,4.625,7.249999999999998,0.5328999999999998,0.5621,1.1041250000000002,1.3842625000000006,28.08999999999999,59.88999999999999,97.9175,145.96052593750002,0.0,0.8900000000000005,1.1681250000000003,2.445625000000001,0.0,2.0,2.625,6.8125,0.0,0.0,0.0,0.0,0.0,-2.0,-2.625,-4.625,0.0,-0.04,-0.0525,0.0199999999999999,0.0,-6.000000000000001,-7.875000000000001,-13.627221875000002,0.0,0.0,0.0,0.0,0.0,0.0,0.0,0.0,0.0,0.0,0.0,0.0,0.0,0.0,0.0,0.0,0.0,0.0,0.0,0.0,0.0,0.0,0.0,0.0,0.0,0.0,0.0,0.0,0.0,0.0,0.0,0.0,0.0,0.0,0.0,0.0,0.0,0.0,0.0,0.0,0.0,0.0,0.0,0.0,0.0,0.0,0.0,0.0,4791.32,0.837343,0.0,0.0,0.0,628.765,1312.3,1567.22,0.0,0.0,0.0,593.453,0.12386,0.14792,0.0,0.0,0.0,1930.9,0.403,0.481284,10.06126,3.23877,10.06126
DB1-Uio66Zr-irmof10_A-irmof14_A_No406,0.015,4.745755,486.6785999999998,920.8191999999996,4251.5592000000015,4714.176000000001,12084.0,33088.0,72384.0,91776.0,54.0,152.0,432.0,672.0,632.0,2336.0,4812.0,6360.0,38.94480000000005,137.06480000000013,306.56640000000016,470.5872000000002,1.7689,36.60160000000001,26.493600000000004,105.06999999999998,1600.0,2560.0,7440.0,7360.0,1.0,8.0,10.0,24.0,64.0,176.0,368.0,464.0,2.3716000000000004,8.9936,15.369200000000005,27.22720000000001,0.0,-16.88,-6.619999999999998,-47.07999999999999,0.0,256.0,214.0,776.0,0.0,0.0,0.0,0.0,0.0,42.0,34.0,134.0,0.0,6.480000000000003,5.420000000000001,19.28,212.7828,434.0493333333333,666.8657333333332,856.0257333333333,918.0,1865.3333333333333,2819.333333333333,3245.333333333333,30.666666666666668,64.0,99.33333333333331,130.0,163.33333333333334,406.6666666666667,595.3333333333334,704.0,13.443600000000004,31.58306666666668,47.25820000000001,57.885000000000026,11.8336,8.771999999999998,20.605599999999995,17.543999999999997,64.0,48.0,112.0,96.0,1.0,1.0,2.0,2.0,1.0,3.0,4.0,6.0,0.5328999999999998,0.5621,1.095,1.1242,28.09,59.88999999999999,87.98,119.78,0.0,0.8900000000000002,0.8900000000000002,1.7800000000000005,0.0,2.0,2.0,4.0,0.0,0.0,0.0,0.0,0.0,-2.0,-2.0,-4.0,0.0,-0.04,-0.04,-0.08,0.0,-6.000000000000001,-6.000000000000001,-12.000000000000002,9.6736,20.33,15.844,31.3116,51.5,56.0,86.0,145.5,1.0,2.833333333333333,2.0,4.0,8.166666666666666,13.833333333333334,17.0,28.666666666666668,0.5575666666666667,1.08245,1.1498666666666668,2.0448666666666666,50.315000000000005,139.23397050000003,159.33,271.4705116666667,0.0,2.163333333333333,1.1133333333333335,2.370000000000001,0.0,12.333333333333334,2.333333333333333,8.5,0.0,0.0,0.0,0.0,0.0,3.333333333333333,-0.3333333333333333,1.1666666666666667,0.0,0.6699999999999999,-0.0466666666666667,0.2466666666666666,0.0,0.7036316666666669,-8.5,-10.339258333333335,4791.32,0.825827,915.647,1911.05,2314.11,0.0,0.0,0.0,823.436,0.17186,0.208106,0.0,0.0,0.0,2414.82,0.504,0.610297,0.0,0.0,0.0,10.06126,4.61046,10.06126
DB1-Uio66Zr-irmof10_A-irmof14_A_No406,0.15,39.438255,486.6785999999998,920.8191999999996,4251.5592000000015,4714.176000000001,12084.0,33088.0,72384.0,91776.0,54.0,152.0,432.0,672.0,632.0,2336.0,4812.0,6360.0,38.94480000000005,137.06480000000013,306.56640000000016,470.5872000000002,1.7689,36.60160000000001,26.493600000000004,105.06999999999998,1600.0,2560.0,7440.0,7360.0,1.0,8.0,10.0,24.0,64.0,176.0,368.0,464.0,2.3716000000000004,8.9936,15.369200000000005,27.22720000000001,0.0,-16.88,-6.619999999999998,-47.07999999999999,0.0,256.0,214.0,776.0,0.0,0.0,0.0,0.0,0.0,42.0,34.0,134.0,0.0,6.480000000000003,5.420000000000001,19.28,212.7828,434.0493333333333,666.8657333333332,856.0257333333333,918.0,1865.3333333333333,2819.333333333333,3245.333333333333,30.666666666666668,64.0,99.33333333333331,130.0,163.33333333333334,406.6666666666667,595.3333333333334,704.0,13.443600000000004,31.58306666666668,47.25820000000001,57.885000000000026,11.8336,8.771999999999998,20.605599999999995,17.543999999999997,64.0,48.0,112.0,96.0,1.0,1.0,2.0,2.0,1.0,3.0,4.0,6.0,0.5328999999999998,0.5621,1.095,1.1242,28.09,59.88999999999999,87.98,119.78,0.0,0.8900000000000002,0.8900000000000002,1.7800000000000005,0.0,2.0,2.0,4.0,0.0,0.0,0.0,0.0,0.0,-2.0,-2.0,-4.0,0.0,-0.04,-0.04,-0.08,0.0,-6.000000000000001,-6.000000000000001,-12.000000000000002,9.6736,20.33,15.844,31.3116,51.5,56.0,86.0,145.5,1.0,2.833333333333333,2.0,4.0,8.166666666666666,13.833333333333334,17.0,28.666666666666668,0.5575666666666667,1.08245,1.1498666666666668,2.0448666666666666,50.315000000000005,139.23397050000003,159.33,271.4705116666667,0.0,2.163333333333333,1.1133333333333335,2.370000000000001,0.0,12.333333333333334,2.333333333333333,8.5,0.0,0.0,0.0,0.0,0.0,3.333333333333333,-0.3333333333333333,1.1666666666666667,0.0,0.6699999999999999,-0.0466666666666667,0.2466666666666666,0.0,0.7036316666666669,-8.5,-10.339258333333335,4791.32,0.825827,915.647,1911.05,2314.11,0.0,0.0,0.0,823.436,0.17186,0.208106,0.0,0.0,0.0,2414.82,0.504,0.610297,0.0,0.0,0.0,10.06126,4.61046,10.06126
DB1-Uio66Zr-BDC_A-irmof7_A_No287,0.015,328.527745,486.6785999999997,920.8191999999996,4251.559199999997,4714.176,12084.0,33088.0,72384.0,91776.0,54.0,152.0,432.0,672.0,632.0,2336.0,4812.0,6360.0,38.94480000000004,137.06480000000008,306.5664000000001,470.5872000000002,1.7689,36.60160000000001,26.493600000000004,105.06999999999996,1600.0,2560.0,7440.0,7360.0,1.0,8.0,10.0,24.0,64.0,176.0,368.0,464.0,2.3716000000000004,8.9936,15.369200000000005,27.22720000000001,0.0,-16.88,-6.619999999999998,-47.07999999999999,0.0,256.0,214.0,776.0,0.0,0.0,0.0,0.0,0.0,42.0,34.0,134.0,0.0,6.480000000000003,5.420000000000001,19.280000000000005,176.9955666666667,348.94183333333325,519.8570666666666,651.8273333333335,751.6666666666666,1437.3333333333333,2180.6666666666665,2696.333333333333,24.666666666666668,49.66666666666666,76.0,94.33333333333331,125.66666666666669,303.0,430.6666666666667,549.3333333333334,10.483533333333332,23.86630000000001,34.872666666666674,44.100100000000005,11.8336,8.771999999999998,20.605599999999995,17.543999999999997,64.0,48.0,112.0,96.0,1.0,1.0,2.0,2.0,1.0,3.0,4.0,6.0,0.5328999999999998,0.5621,1.095,1.1242,28.09,59.88999999999999,87.98,119.78,0.0,0.8900000000000002,0.8900000000000002,1.7800000000000005,0.0,2.0,2.0,4.0,0.0,0.0,0.0,0.0,0.0,-2.0,-2.0,-4.0,0.0,-0.04,-0.04,-0.08,0.0,-6.000000000000001,-6.000000000000001,-12.000000000000002,7.701333333333333,17.606666666666666,12.92,27.081333333333333,40.833333333333336,46.66666666666666,70.0,145.83333333333334,0.8333333333333334,2.5,1.6666666666666667,3.333333333333333,7.5,12.5,15.0,30.0,0.46875,0.94375,0.9625,1.9125,45.63333333333333,125.27102333333336,139.36666666666667,254.6833333333333,0.0,1.808333333333333,0.816666666666667,1.2250000000000003,0.0,10.833333333333334,1.6666666666666667,2.5,0.0,0.0,0.0,0.0,0.0,3.333333333333333,0.0,0.0,0.0,0.6166666666666667,-0.0333333333333333,-0.05,0.0,1.5714833333333338,-6.5,-9.750000000000002,2235.84,1.51693,0.0,0.0,0.0,149.049,666.633,439.462,0.0,0.0,0.0,59.2946,0.02652,0.0174827,0.0,0.0,0.0,453.876,0.203,0.133823,6.22741,2.01443,6.22741
DB1-Uio66Zr-BDC_A-irmof7_A_No287,0.15,234.7217,486.6785999999997,920.8191999999996,4251.559199999997,4714.176,12084.0,33088.0,72384.0,91776.0,54.0,152.0,432.0,672.0,632.0,2336.0,4812.0,6360.0,38.94480000000004,137.06480000000008,306.5664000000001,470.5872000000002,1.7689,36.60160000000001,26.493600000000004,105.06999999999996,1600.0,2560.0,7440.0,7360.0,1.0,8.0,10.0,24.0,64.0,176.0,368.0,464.0,2.3716000000000004,8.9936,15.369200000000005,27.22720000000001,0.0,-16.88,-6.619999999999998,-47.07999999999999,0.0,256.0,214.0,776.0,0.0,0.0,0.0,0.0,0.0,42.0,34.0,134.0,0.0,6.480000000000003,5.420000000000001,19.280000000000005,176.9955666666667,348.94183333333325,519.8570666666666,651.8273333333335,751.6666666666666,1437.3333333333333,2180.6666666666665,2696.333333333333,24.666666666666668,49.66666666666666,76.0,94.33333333333331,125.66666666666669,303.0,430.6666666666667,549.3333333333334,10.483533333333332,23.86630000000001,34.872666666666674,44.100100000000005,11.8336,8.771999999999998,20.605599999999995,17.543999999999997,64.0,48.0,112.0,96.0,1.0,1.0,2.0,2.0,1.0,3.0,4.0,6.0,0.5328999999999998,0.5621,1.095,1.1242,28.09,59.88999999999999,87.98,119.78,0.0,0.8900000000000002,0.8900000000000002,1.7800000000000005,0.0,2.0,2.0,4.0,0.0,0.0,0.0,0.0,0.0,-2.0,-2.0,-4.0,0.0,-0.04,-0.04,-0.08,0.0,-6.000000000000001,-6.000000000000001,-12.000000000000002,7.701333333333333,17.606666666666666,12.92,27.081333333333333,40.833333333333336,46.66666666666666,70.0,145.83333333333334,0.8333333333333334,2.5,1.6666666666666667,3.333333333333333,7.5,12.5,15.0,30.0,0.46875,0.94375,0.9625,1.9125,45.63333333333333,125.27102333333336,139.36666666666667,254.6833333333333,0.0,1.808333333333333,0.816666666666667,1.2250000000000003,0.0,10.833333333333334,1.6666666666666667,2.5,0.0,0.0,0.0,0.0,0.0,3.333333333333333,0.0,0.0,0.0,0.6166666666666667,-0.0333333333333333,-0.05,0.0,1.5714833333333338,-6.5,-9.750000000000002,2235.84,1.51693,0.0,0.0,0.0,149.049,666.633,439.462,0.0,0.0,0.0,59.2946,0.02652,0.0174827,0.0,0.0,0.0,453.876,0.203,0.133823,6.22741,2.01443,6.22741
DB1-Uio66Zr-BDC_A-irmof6_A_No96,0.015,581.69633,486.6785999999998,920.8191999999996,4251.5592000000015,4714.176000000001,12084.0,33088.0,72384.0,91776.0,54.0,152.0,432.0,672.0,632.0,2336.0,4812.0,6360.0,38.94480000000005,137.06480000000013,306.56640000000016,470.5872000000002,1.7689,36.60160000000001,26.493600000000004,105.06999999999996,1600.0,2560.0,7440.0,7360.0,1.0,8.0,10.0,24.0,64.0,176.0,368.0,464.0,2.3716000000000004,8.9936,15.369200000000005,27.22720000000001,0.0,-16.88,-6.619999999999998,-47.07999999999999,0.0,256.0,214.0,776.0,0.0,0.0,0.0,0.0,0.0,42.0,34.0,134.0,0.0,6.480000000000003,5.420000000000001,19.280000000000005,177.7441,348.7805000000001,580.1810666666667,659.9468666666667,1095.0,1504.0,2324.6666666666665,3269.6666666666665,26.666666666666668,53.66666666666666,91.33333333333331,101.66666666666669,145.66666666666666,348.6666666666667,478.0,627.0,10.942233333333332,25.19183333333334,37.63966666666667,46.8414,11.8336,8.771999999999998,20.605599999999995,17.543999999999997,64.0,48.0,112.0,96.0,1.0,1.0,2.0,2.0,1.0,3.0,4.0,6.0,0.5328999999999998,0.5621,1.095,1.1242,28.09,59.88999999999999,87.98,119.78,0.0,0.8900000000000002,0.8900000000000002,1.7800000000000005,0.0,2.0,2.0,4.0,0.0,0.0,0.0,0.0,0.0,-2.0,-2.0,-4.0,0.0,-0.04,-0.04,-0.08,0.0,-6.000000000000001,-6.000000000000001,-12.000000000000002,1.4602666666666666,1.2579999999999998,2.516,5.234266666666666,204.16666666666663,35.0,70.0,309.1666666666667,0.1666666666666666,0.1666666666666666,0.3333333333333333,0.6666666666666666,0.1666666666666666,0.5,1.0,1.6666666666666667,0.2166,0.1462999999999999,0.2925999999999999,0.6554999999999999,73.5,39.55,79.10000000000001,192.15,0.0,0.0683333333333333,0.1366666666666667,0.205,0.0,4.833333333333333,9.666666666666666,14.5,0.0,0.0,0.0,0.0,0.0,-0.3333333333333333,-0.6666666666666666,-1.0,0.0,0.0616666666666666,0.1233333333333333,0.1849999999999999,0.0,1.6166666666666665,3.233333333333333,4.85,2235.84,1.58077,0.0,0.0,0.0,172.145,769.933,487.063,0.0,0.0,0.0,89.5231,0.04004,0.0253295,0.0,0.0,0.0,563.432,0.252,0.159416,7.31796,2.25052,7.30984
DB1-Uio66Zr-BDC_A-irmof6_A_No96,0.15,458.64221,486.6785999999998,920.8191999999996,4251.5592000000015,4714.176000000001,12084.0,33088.0,72384.0,91776.0,54.0,152.0,432.0,672.0,632.0,2336.0,4812.0,6360.0,38.94480000000005,137.06480000000013,306.56640000000016,470.5872000000002,1.7689,36.60160000000001,26.493600000000004,105.06999999999996,1600.0,2560.0,7440.0,7360.0,1.0,8.0,10.0,24.0,64.0,176.0,368.0,464.0,2.3716000000000004,8.9936,15.369200000000005,27.22720000000001,0.0,-16.88,-6.619999999999998,-47.07999999999999,0.0,256.0,214.0,776.0,0.0,0.0,0.0,0.0,0.0,42.0,34.0,134.0,0.0,6.480000000000003,5.420000000000001,19.280000000000005,177.7441,348.7805000000001,580.1810666666667,659.9468666666667,1095.0,1504.0,2324.6666666666665,3269.6666666666665,26.666666666666668,53.66666666666666,91.33333333333331,101.66666666666669,145.66666666666666,348.6666666666667,478.0,627.0,10.942233333333332,25.19183333333334,37.63966666666667,46.8414,11.8336,8.771999999999998,20.605599999999995,17.543999999999997,64.0,48.0,112.0,96.0,1.0,1.0,2.0,2.0,1.0,3.0,4.0,6.0,0.5328999999999998,0.5621,1.095,1.1242,28.09,59.88999999999999,87.98,119.78,0.0,0.8900000000000002,0.8900000000000002,1.7800000000000005,0.0,2.0,2.0,4.0,0.0,0.0,0.0,0.0,0.0,-2.0,-2.0,-4.0,0.0,-0.04,-0.04,-0.08,0.0,-6.000000000000001,-6.000000000000001,-12.000000000000002,1.4602666666666666,1.2579999999999998,2.516,5.234266666666666,204.16666666666663,35.0,70.0,309.1666666666667,0.1666666666666666,0.1666666666666666,0.3333333333333333,0.6666666666666666,0.1666666666666666,0.5,1.0,1.6666666666666667,0.2166,0.1462999999999999,0.2925999999999999,0.6554999999999999,73.5,39.55,79.10000000000001,192.15,0.0,0.0683333333333333,0.1366666666666667,0.205,0.0,4.833333333333333,9.666666666666666,14.5,0.0,0.0,0.0,0.0,0.0,-0.3333333333333333,-0.6666666666666666,-1.0,0.0,0.0616666666666666,0.1233333333333333,0.1849999999999999,0.0,1.6166666666666665,3.233333333333333,4.85,2235.84,1.58077,0.0,0.0,0.0,172.145,769.933,487.063,0.0,0.0,0.0,89.5231,0.04004,0.0253295,0.0,0.0,0.0,563.432,0.252,0.159416,7.31796,2.25052,7.30984
DB1-Uio66Zr-BDC_A-imdb_No5,0.015,29.296985,486.6785999999997,920.8192,4251.559199999999,4714.176000000001,12084.0,33088.0,72384.0,91776.0,54.0,152.0,432.0,672.0,632.0,2336.0,4812.0,6360.0,38.94480000000002,137.0648000000001,306.56640000000016,470.5872000000002,1.7688999999999997,36.60160000000001,26.49360000000001,105.06999999999996,1600.0,2560.0,7440.0,7360.0,1.0,8.0,10.0,24.0,64.0,176.0,368.0,464.0,2.3716000000000004,8.9936,15.369200000000005,27.22720000000001,0.0,-16.88,-6.62,-47.07999999999999,0.0,256.0,214.0,776.0,0.0,0.0,0.0,0.0,0.0,42.0,34.0,134.0,0.0,6.480000000000003,5.420000000000001,19.280000000000005,123.85999999999996,223.992,347.1124,404.299,836.0,1200.0,1840.0,2028.0,16.0,32.0,48.0,58.0,80.0,192.0,256.0,250.0,8.265600000000001,17.217200000000002,24.9544,28.00259999999999,11.833599999999995,8.771999999999995,20.60559999999999,17.54399999999999,64.0,48.0,112.0,96.0,1.0,1.0,2.0,2.0,1.0,3.0,4.0,6.0,0.5328999999999998,0.5621000000000003,1.095,1.1242000000000003,28.09,59.89000000000001,87.98,119.78000000000002,0.0,0.8900000000000003,0.8900000000000003,1.7800000000000007,0.0,2.0,2.0,4.0,0.0,0.0,0.0,0.0,0.0,-2.0,-2.0,-4.0,0.0,-0.04,-0.04,-0.08,0.0,-6.000000000000001,-6.000000000000001,-12.000000000000002,9.985600000000003,8.057999999999996,16.115999999999993,31.125999999999987,289.0,102.0,204.0,323.0,1.0,1.0,2.0,4.0,1.0,3.0,6.0,10.0,0.9801,0.7622999999999999,1.5245999999999995,2.653199999999999,213.16,164.98000000000002,329.96000000000004,560.7438060000002,0.0,0.6100000000000001,1.2200000000000002,2.79,0.0,11.0,22.0,49.0,0.0,0.0,0.0,0.0,0.0,-2.0,-4.0,-6.0,0.0,0.2199999999999999,0.4399999999999998,1.2800000000000002,0.0,3.299999999999998,6.599999999999996,19.992889999999992,4471.7,1.38937,0.0,0.0,0.0,465.225,1040.38,748.811,0.0,0.0,0.0,236.016,0.05278,0.0379884,0.0,0.0,0.0,1211.83,0.271,0.195052,7.33179,3.48401,7.32569
DB1-Uio66Zr-BDC_A-imdb_No5,0.15,96.63718,486.6785999999997,920.8192,4251.559199999999,4714.176000000001,12084.0,33088.0,72384.0,91776.0,54.0,152.0,432.0,672.0,632.0,2336.0,4812.0,6360.0,38.94480000000002,137.0648000000001,306.56640000000016,470.5872000000002,1.7688999999999997,36.60160000000001,26.49360000000001,105.06999999999996,1600.0,2560.0,7440.0,7360.0,1.0,8.0,10.0,24.0,64.0,176.0,368.0,464.0,2.3716000000000004,8.9936,15.369200000000005,27.22720000000001,0.0,-16.88,-6.62,-47.07999999999999,0.0,256.0,214.0,776.0,0.0,0.0,0.0,0.0,0.0,42.0,34.0,134.0,0.0,6.480000000000003,5.420000000000001,19.280000000000005,123.85999999999996,223.992,347.1124,404.299,836.0,1200.0,1840.0,2028.0,16.0,32.0,48.0,58.0,80.0,192.0,256.0,250.0,8.265600000000001,17.217200000000002,24.9544,28.00259999999999,11.833599999999995,8.771999999999995,20.60559999999999,17.54399999999999,64.0,48.0,112.0,96.0,1.0,1.0,2.0,2.0,1.0,3.0,4.0,6.0,0.5328999999999998,0.5621000000000003,1.095,1.1242000000000003,28.09,59.89000000000001,87.98,119.78000000000002,0.0,0.8900000000000003,0.8900000000000003,1.7800000000000007,0.0,2.0,2.0,4.0,0.0,0.0,0.0,0.0,0.0,-2.0,-2.0,-4.0,0.0,-0.04,-0.04,-0.08,0.0,-6.000000000000001,-6.000000000000001,-12.000000000000002,9.985600000000003,8.057999999999996,16.115999999999993,31.125999999999987,289.0,102.0,204.0,323.0,1.0,1.0,2.0,4.0,1.0,3.0,6.0,10.0,0.9801,0.7622999999999999,1.5245999999999995,2.653199999999999,213.16,164.98000000000002,329.96000000000004,560.7438060000002,0.0,0.6100000000000001,1.2200000000000002,2.79,0.0,11.0,22.0,49.0,0.0,0.0,0.0,0.0,0.0,-2.0,-4.0,-6.0,0.0,0.2199999999999999,0.4399999999999998,1.2800000000000002,0.0,3.299999999999998,6.599999999999996,19.992889999999992,4471.7,1.38937,0.0,0.0,0.0,465.225,1040.38,748.811,0.0,0.0,0.0,236.016,0.05278,0.0379884,0.0,0.0,0.0,1211.83,0.271,0.195052,7.33179,3.48401,7.32569
DB1-Uio66Zr-BDC_A-irmof7_A_No291,0.015,153.43966,559.1351999999999,1100.7752000000012,4582.233199999996,5188.123000000003,12354.0,33812.0,73754.0,95392.0,66.0,180.0,482.0,746.0,710.0,2544.0,5190.0,7046.0,43.74919999999997,150.52559999999994,330.0633999999999,509.0690000000003,1.7689,36.60160000000001,26.493600000000004,105.06999999999998,1600.0,2560.0,7440.0,7360.0,1.0,8.0,10.0,24.0,64.0,176.0,368.0,464.0,2.3716000000000004,8.9936,15.369200000000005,27.22720000000001,0.0,-16.88,-6.619999999999998,-47.07999999999999,0.0,256.0,214.0,776.0,0.0,0.0,0.0,0.0,0.0,42.0,34.0,134.0,0.0,6.480000000000003,5.420000000000001,19.28,149.18555999999998,282.2214,429.07288,517.4082,682.8,1272.0,1897.6,2060.4,20.0,40.4,60.8,76.0,101.2,245.2,340.8,381.6,9.17448,20.394120000000004,29.511360000000003,34.47064,11.8336,8.771999999999998,20.605599999999995,17.543999999999997,64.0,48.0,112.0,96.0,1.0,1.0,2.0,2.0,1.0,3.0,4.0,6.0,0.5328999999999998,0.5621,1.095,1.1242,28.09,59.88999999999999,87.98,119.78,0.0,0.8900000000000002,0.8900000000000002,1.7800000000000005,0.0,2.0,2.0,4.0,0.0,0.0,0.0,0.0,0.0,-2.0,-2.0,-4.0,0.0,-0.04,-0.04,-0.08,0.0,-6.000000000000001,-6.000000000000001,-12.000000000000002,9.6736,19.69933333333333,16.354266666666668,28.508,51.5,55.333333333333336,88.66666666666667,127.5,1.0,2.75,2.0,3.75,7.916666666666667,13.416666666666666,16.083333333333332,26.58333333333333,0.5575666666666667,1.0599416666666663,1.145,1.884875,50.315000000000005,137.24333025,154.03,258.79781858333337,0.0,2.06,0.9650000000000004,2.3250000000000006,0.0,11.75,2.0,8.75,0.0,0.0,0.0,0.0,0.0,3.1666666666666665,-0.25,1.1666666666666667,0.0,0.64,-0.04,0.2833333333333332,0.0,0.6375575000000002,-7.5,-9.273184166666669,2235.84,1.39419,0.0,0.0,0.0,220.833,987.694,708.435,0.0,0.0,0.0,88.9865,0.0398,0.028547,0.0,0.0,0.0,602.56,0.2695,0.193302,6.22964,3.65413,6.22964
DB1-Uio66Zr-BDC_A-irmof7_A_No291,0.15,157.8842,559.1351999999999,1100.7752000000012,4582.233199999996,5188.123000000003,12354.0,33812.0,73754.0,95392.0,66.0,180.0,482.0,746.0,710.0,2544.0,5190.0,7046.0,43.74919999999997,150.52559999999994,330.0633999999999,509.0690000000003,1.7689,36.60160000000001,26.493600000000004,105.06999999999998,1600.0,2560.0,7440.0,7360.0,1.0,8.0,10.0,24.0,64.0,176.0,368.0,464.0,2.3716000000000004,8.9936,15.369200000000005,27.22720000000001,0.0,-16.88,-6.619999999999998,-47.07999999999999,0.0,256.0,214.0,776.0,0.0,0.0,0.0,0.0,0.0,42.0,34.0,134.0,0.0,6.480000000000003,5.420000000000001,19.28,149.18555999999998,282.2214,429.07288,517.4082,682.8,1272.0,1897.6,2060.4,20.0,40.4,60.8,76.0,101.2,245.2,340.8,381.6,9.17448,20.394120000000004,29.511360000000003,34.47064,11.8336,8.771999999999998,20.605599999999995,17.543999999999997,64.0,48.0,112.0,96.0,1.0,1.0,2.0,2.0,1.0,3.0,4.0,6.0,0.5328999999999998,0.5621,1.095,1.1242,28.09,59.88999999999999,87.98,119.78,0.0,0.8900000000000002,0.8900000000000002,1.7800000000000005,0.0,2.0,2.0,4.0,0.0,0.0,0.0,0.0,0.0,-2.0,-2.0,-4.0,0.0,-0.04,-0.04,-0.08,0.0,-6.000000000000001,-6.000000000000001,-12.000000000000002,9.6736,19.69933333333333,16.354266666666668,28.508,51.5,55.333333333333336,88.66666666666667,127.5,1.0,2.75,2.0,3.75,7.916666666666667,13.416666666666666,16.083333333333332,26.58333333333333,0.5575666666666667,1.0599416666666663,1.145,1.884875,50.315000000000005,137.24333025,154.03,258.79781858333337,0.0,2.06,0.9650000000000004,2.3250000000000006,0.0,11.75,2.0,8.75,0.0,0.0,0.0,0.0,0.0,3.1666666666666665,-0.25,1.1666666666666667,0.0,0.64,-0.04,0.2833333333333332,0.0,0.6375575000000002,-7.5,-9.273184166666669,2235.84,1.39419,0.0,0.0,0.0,220.833,987.694,708.435,0.0,0.0,0.0,88.9865,0.0398,0.028547,0.0,0.0,0.0,602.56,0.2695,0.193302,6.22964,3.65413,6.22964
DB1-Uio66Zr-irmof10_A-irmof14_A_No29,0.015,5.625525,486.6785999999998,920.8191999999996,4251.5592000000015,4714.176000000001,12084.0,33088.0,72384.0,91776.0,54.0,152.0,432.0,672.0,632.0,2336.0,4812.0,6360.0,38.94480000000005,137.06480000000013,306.56640000000016,470.5872000000002,1.7689,36.60160000000001,26.493600000000004,105.06999999999998,1600.0,2560.0,7440.0,7360.0,1.0,8.0,10.0,24.0,64.0,176.0,368.0,464.0,2.3716000000000004,8.9936,15.369200000000005,27.22720000000001,0.0,-16.88,-6.619999999999998,-47.07999999999999,0.0,256.0,214.0,776.0,0.0,0.0,0.0,0.0,0.0,42.0,34.0,134.0,0.0,6.480000000000003,5.420000000000001,19.28,190.8121333333333,388.70666666666665,610.2657333333334,762.7977333333333,825.3333333333334,1698.6666666666667,2529.333333333333,2767.333333333333,28.0,58.66666666666666,92.0,119.33333333333331,150.66666666666666,376.0,545.3333333333334,620.6666666666666,12.388933333333336,29.158133333333343,43.555333333333344,51.53273333333334,11.8336,8.771999999999998,20.605599999999995,17.543999999999997,64.0,48.0,112.0,96.0,1.0,1.0,2.0,2.0,1.0,3.0,4.0,6.0,0.5328999999999998,0.5621,1.095,1.1242,28.09,59.88999999999999,87.98,119.78,0.0,0.8900000000000002,0.8900000000000002,1.7800000000000005,0.0,2.0,2.0,4.0,0.0,0.0,0.0,0.0,0.0,-2.0,-2.0,-4.0,0.0,-0.04,-0.04,-0.08,0.0,-6.000000000000001,-6.000000000000001,-12.000000000000002,1.540266666666667,3.521333333333333,2.584,5.416266666666666,8.166666666666666,9.333333333333334,14.0,29.166666666666668,0.1666666666666666,0.5,0.3333333333333333,0.6666666666666666,1.5,2.5,3.0,6.0,0.09375,0.1887499999999999,0.1925,0.3825,9.126666666666669,25.054204666666667,27.87333333333333,50.93666666666667,0.0,0.3616666666666666,0.1633333333333334,0.2450000000000001,0.0,2.1666666666666665,0.3333333333333333,0.5,0.0,0.0,0.0,0.0,0.0,0.6666666666666666,0.0,0.0,0.0,0.1233333333333333,-0.0066666666666666,-0.01,0.0,0.3142966666666667,-1.3,-1.95,4791.32,0.772425,969.573,2023.6,2619.8,0.0,0.0,0.0,1087.25,0.22692,0.293776,0.0,0.0,0.0,2726.26,0.569,0.736641,0.0,0.0,0.0,10.06126,6.56005,9.63283
DB1-Uio66Zr-irmof10_A-irmof14_A_No29,0.15,36.32899,486.6785999999998,920.8191999999996,4251.5592000000015,4714.176000000001,12084.0,33088.0,72384.0,91776.0,54.0,152.0,432.0,672.0,632.0,2336.0,4812.0,6360.0,38.94480000000005,137.06480000000013,306.56640000000016,470.5872000000002,1.7689,36.60160000000001,26.493600000000004,105.06999999999998,1600.0,2560.0,7440.0,7360.0,1.0,8.0,10.0,24.0,64.0,176.0,368.0,464.0,2.3716000000000004,8.9936,15.369200000000005,27.22720000000001,0.0,-16.88,-6.619999999999998,-47.07999999999999,0.0,256.0,214.0,776.0,0.0,0.0,0.0,0.0,0.0,42.0,34.0,134.0,0.0,6.480000000000003,5.420000000000001,19.28,190.8121333333333,388.70666666666665,610.2657333333334,762.7977333333333,825.3333333333334,1698.6666666666667,2529.333333333333,2767.333333333333,28.0,58.66666666666666,92.0,119.33333333333331,150.66666666666666,376.0,545.3333333333334,620.6666666666666,12.388933333333336,29.158133333333343,43.555333333333344,51.53273333333334,11.8336,8.771999999999998,20.605599999999995,17.543999999999997,64.0,48.0,112.0,96.0,1.0,1.0,2.0,2.0,1.0,3.0,4.0,6.0,0.5328999999999998,0.5621,1.095,1.1242,28.09,59.88999999999999,87.98,119.78,0.0,0.8900000000000002,0.8900000000000002,1.7800000000000005,0.0,2.0,2.0,4.0,0.0,0.0,0.0,0.0,0.0,-2.0,-2.0,-4.0,0.0,-0.04,-0.04,-0.08,0.0,-6.000000000000001,-6.000000000000001,-12.000000000000002,1.540266666666667,3.521333333333333,2.584,5.416266666666666,8.166666666666666,9.333333333333334,14.0,29.166666666666668,0.1666666666666666,0.5,0.3333333333333333,0.6666666666666666,1.5,2.5,3.0,6.0,0.09375,0.1887499999999999,0.1925,0.3825,9.126666666666669,25.054204666666667,27.87333333333333,50.93666666666667,0.0,0.3616666666666666,0.1633333333333334,0.2450000000000001,0.0,2.1666666666666665,0.3333333333333333,0.5,0.0,0.0,0.0,0.0,0.0,0.6666666666666666,0.0,0.0,0.0,0.1233333333333333,-0.0066666666666666,-0.01,0.0,0.3142966666666667,-1.3,-1.95,4791.32,0.772425,969.573,2023.6,2619.8,0.0,0.0,0.0,1087.25,0.22692,0.293776,0.0,0.0,0.0,2726.26,0.569,0.736641,0.0,0.0,0.0,10.06126,6.56005,9.63283
DB1-Uio66Zr-BDC_A-irmof7_A_No2,0.015,83.97927,486.6785999999997,920.8192000000006,4251.559199999997,4714.176000000003,12084.0,33088.0,72384.0,91776.0,54.0,152.0,432.0,672.0,632.0,2336.0,4812.0,6360.0,38.94480000000001,137.06480000000013,306.56640000000027,470.5872000000002,1.7689,36.60160000000001,26.493600000000004,105.06999999999998,1600.0,2560.0,7440.0,7360.0,1.0,8.0,10.0,24.0,64.0,176.0,368.0,464.0,2.3716000000000004,8.9936,15.369200000000005,27.22720000000001,0.0,-16.88,-6.619999999999998,-47.07999999999999,0.0,256.0,214.0,776.0,0.0,0.0,0.0,0.0,0.0,42.0,34.0,134.0,0.0,6.480000000000003,5.420000000000001,19.28,127.93073333333332,236.9035,368.6004,432.41283333333325,1592.3333333333333,1412.0,2240.0,2637.333333333333,17.0,34.333333333333336,52.0,63.66666666666666,86.33333333333333,209.0,284.0,287.6666666666667,8.832216666666667,18.428666666666672,26.98206666666667,30.76383333333333,11.8336,8.771999999999998,20.605599999999995,17.543999999999997,64.0,48.0,112.0,96.0,1.0,1.0,2.0,2.0,1.0,3.0,4.0,6.0,0.5328999999999998,0.5621,1.095,1.1242,28.09,59.88999999999999,87.98,119.78,0.0,0.8900000000000002,0.8900000000000002,1.7800000000000005,0.0,2.0,2.0,4.0,0.0,0.0,0.0,0.0,0.0,-2.0,-2.0,-4.0,0.0,-0.04,-0.04,-0.08,0.0,-6.000000000000001,-6.000000000000001,-12.000000000000002,7.301333333333333,6.289999999999999,12.579999999999998,24.296666666666663,1020.8333333333334,175.0,350.0,554.1666666666666,0.8333333333333334,0.8333333333333334,1.6666666666666667,3.333333333333333,0.8333333333333334,2.5,5.0,8.333333333333334,1.083,0.7314999999999999,1.463,2.546,367.5,197.75,395.5,672.1244250000001,0.0,0.3416666666666668,0.6833333333333336,1.6583333333333334,0.0,24.166666666666668,48.333333333333336,100.83333333333331,0.0,0.0,0.0,0.0,0.0,-1.6666666666666667,-3.333333333333333,-5.0,0.0,0.3083333333333332,0.6166666666666665,1.5666666666666662,0.0,8.083333333333334,16.166666666666668,37.994075,2235.84,1.56604,0.0,0.0,0.0,216.971,970.42,619.665,0.0,0.0,0.0,86.393,0.03864,0.0246737,0.0,0.0,0.0,581.319,0.26,0.166024,6.46004,3.42594,6.43333
DB1-Uio66Zr-BDC_A-irmof7_A_No2,0.15,144.729875,486.6785999999997,920.8192000000006,4251.559199999997,4714.176000000003,12084.0,33088.0,72384.0,91776.0,54.0,152.0,432.0,672.0,632.0,2336.0,4812.0,6360.0,38.94480000000001,137.06480000000013,306.56640000000027,470.5872000000002,1.7689,36.60160000000001,26.493600000000004,105.06999999999998,1600.0,2560.0,7440.0,7360.0,1.0,8.0,10.0,24.0,64.0,176.0,368.0,464.0,2.3716000000000004,8.9936,15.369200000000005,27.22720000000001,0.0,-16.88,-6.619999999999998,-47.07999999999999,0.0,256.0,214.0,776.0,0.0,0.0,0.0,0.0,0.0,42.0,34.0,134.0,0.0,6.480000000000003,5.420000000000001,19.28,127.93073333333332,236.9035,368.6004,432.41283333333325,1592.3333333333333,1412.0,2240.0,2637.333333333333,17.0,34.333333333333336,52.0,63.66666666666666,86.33333333333333,209.0,284.0,287.6666666666667,8.832216666666667,18.428666666666672,26.98206666666667,30.76383333333333,11.8336,8.771999999999998,20.605599999999995,17.543999999999997,64.0,48.0,112.0,96.0,1.0,1.0,2.0,2.0,1.0,3.0,4.0,6.0,0.5328999999999998,0.5621,1.095,1.1242,28.09,59.88999999999999,87.98,119.78,0.0,0.8900000000000002,0.8900000000000002,1.7800000000000005,0.0,2.0,2.0,4.0,0.0,0.0,0.0,0.0,0.0,-2.0,-2.0,-4.0,0.0,-0.04,-0.04,-0.08,0.0,-6.000000000000001,-6.000000000000001,-12.000000000000002,7.301333333333333,6.289999999999999,12.579999999999998,24.296666666666663,1020.8333333333334,175.0,350.0,554.1666666666666,0.8333333333333334,0.8333333333333334,1.6666666666666667,3.333333333333333,0.8333333333333334,2.5,5.0,8.333333333333334,1.083,0.7314999999999999,1.463,2.546,367.5,197.75,395.5,672.1244250000001,0.0,0.3416666666666668,0.6833333333333336,1.6583333333333334,0.0,24.166666666666668,48.333333333333336,100.83333333333331,0.0,0.0,0.0,0.0,0.0,-1.6666666666666667,-3.333333333333333,-5.0,0.0,0.3083333333333332,0.6166666666666665,1.5666666666666662,0.0,8.083333333333334,16.166666666666668,37.994075,2235.84,1.56604,0.0,0.0,0.0,216.971,970.42,619.665,0.0,0.0,0.0,86.393,0.03864,0.0246737,0.0,0.0,0.0,581.319,0.26,0.166024,6.46004,3.42594,6.43333
DB1-Uio66Zr-irmof12_A-irmof14_A_No3,0.015,7.70542,486.6785999999998,920.8191999999998,4251.559199999998,4714.176000000001,12084.0,33088.0,72384.0,91776.0,54.0,152.0,432.0,672.0,632.0,2336.0,4812.0,6360.0,38.94480000000002,137.0648000000001,306.5664000000001,470.5872000000002,1.7689,36.60160000000001,26.493600000000004,105.06999999999998,1600.0,2560.0,7440.0,7360.0,1.0,8.0,10.0,24.0,64.0,176.0,368.0,464.0,2.3716000000000004,8.9936,15.369200000000005,27.22720000000001,0.0,-16.88,-6.619999999999998,-47.07999999999999,0.0,256.0,214.0,776.0,0.0,0.0,0.0,0.0,0.0,42.0,34.0,134.0,0.0,6.480000000000003,5.420000000000001,19.28,221.8471333333333,473.025,825.4250666666663,1087.0084000000002,1731.3333333333333,2304.0,3766.6666666666665,5318.0,33.333333333333336,72.66666666666667,128.0,174.0,200.66666666666663,526.6666666666666,820.0,988.6666666666666,15.13046666666667,36.64686666666668,59.98320000000001,76.02653333333335,11.8336,8.771999999999998,20.605599999999995,17.543999999999997,64.0,48.0,112.0,96.0,1.0,1.0,2.0,2.0,1.0,3.0,4.0,6.0,0.5328999999999998,0.5621,1.095,1.1242,28.09,59.88999999999999,87.98,119.78,0.0,0.8900000000000002,0.8900000000000002,1.7800000000000005,0.0,2.0,2.0,4.0,0.0,0.0,0.0,0.0,0.0,-2.0,-2.0,-4.0,0.0,-0.04,-0.04,-0.08,0.0,-6.000000000000001,-6.000000000000001,-12.000000000000002,1.4602666666666666,1.2579999999999998,2.516,5.234266666666666,204.16666666666663,35.0,70.0,309.1666666666667,0.1666666666666666,0.1666666666666666,0.3333333333333333,0.6666666666666666,0.1666666666666666,0.5,1.0,1.6666666666666667,0.2166,0.1462999999999999,0.2925999999999999,0.6554999999999999,73.5,39.55,79.10000000000001,192.15,0.0,0.0683333333333333,0.1366666666666667,0.205,0.0,4.833333333333333,9.666666666666666,14.5,0.0,0.0,0.0,0.0,0.0,-0.3333333333333333,-0.6666666666666666,-1.0,0.0,0.0616666666666666,0.1233333333333333,0.1849999999999999,0.0,1.6166666666666665,3.233333333333333,4.85,4847.21,0.940255,736.377,1519.18,1615.71,0.0,0.0,0.0,584.089,0.1205,0.128157,0.0,0.0,0.0,1909.8,0.394,0.419035,0.0,0.0,0.0,8.99832,3.96604,8.99832
DB1-Uio66Zr-irmof12_A-irmof14_A_No3,0.15,55.30594,486.6785999999998,920.8191999999998,4251.559199999998,4714.176000000001,12084.0,33088.0,72384.0,91776.0,54.0,152.0,432.0,672.0,632.0,2336.0,4812.0,6360.0,38.94480000000002,137.0648000000001,306.5664000000001,470.5872000000002,1.7689,36.60160000000001,26.493600000000004,105.06999999999998,1600.0,2560.0,7440.0,7360.0,1.0,8.0,10.0,24.0,64.0,176.0,368.0,464.0,2.3716000000000004,8.9936,15.369200000000005,27.22720000000001,0.0,-16.88,-6.619999999999998,-47.07999999999999,0.0,256.0,214.0,776.0,0.0,0.0,0.0,0.0,0.0,42.0,34.0,134.0,0.0,6.480000000000003,5.420000000000001,19.28,221.8471333333333,473.025,825.4250666666663,1087.0084000000002,1731.3333333333333,2304.0,3766.6666666666665,5318.0,33.333333333333336,72.66666666666667,128.0,174.0,200.66666666666663,526.6666666666666,820.0,988.6666666666666,15.13046666666667,36.64686666666668,59.98320000000001,76.02653333333335,11.8336,8.771999999999998,20.605599999999995,17.543999999999997,64.0,48.0,112.0,96.0,1.0,1.0,2.0,2.0,1.0,3.0,4.0,6.0,0.5328999999999998,0.5621,1.095,1.1242,28.09,59.88999999999999,87.98,119.78,0.0,0.8900000000000002,0.8900000000000002,1.7800000000000005,0.0,2.0,2.0,4.0,0.0,0.0,0.0,0.0,0.0,-2.0,-2.0,-4.0,0.0,-0.04,-0.04,-0.08,0.0,-6.000000000000001,-6.000000000000001,-12.000000000000002,1.4602666666666666,1.2579999999999998,2.516,5.234266666666666,204.16666666666663,35.0,70.0,309.1666666666667,0.1666666666666666,0.1666666666666666,0.3333333333333333,0.6666666666666666,0.1666666666666666,0.5,1.0,1.6666666666666667,0.2166,0.1462999999999999,0.2925999999999999,0.6554999999999999,73.5,39.55,79.10000000000001,192.15,0.0,0.0683333333333333,0.1366666666666667,0.205,0.0,4.833333333333333,9.666666666666666,14.5,0.0,0.0,0.0,0.0,0.0,-0.3333333333333333,-0.6666666666666666,-1.0,0.0,0.0616666666666666,0.1233333333333333,0.1849999999999999,0.0,1.6166666666666665,3.233333333333333,4.85,4847.21,0.940255,736.377,1519.18,1615.71,0.0,0.0,0.0,584.089,0.1205,0.128157,0.0,0.0,0.0,1909.8,0.394,0.419035,0.0,0.0,0.0,8.99832,3.96604,8.99832
DB1-Uio66Zr-irmof6_A-irmof7_A_No18,0.015,308.18977,486.6785999999998,920.8192000000008,4251.559199999997,4714.176000000006,12084.0,33088.0,72384.0,91776.0,54.0,152.0,432.0,672.0,632.0,2336.0,4812.0,6360.0,38.9448,137.06480000000005,306.5664,470.5872000000002,1.7689,36.60160000000001,26.493600000000004,105.06999999999998,1600.0,2560.0,7440.0,7360.0,1.0,8.0,10.0,24.0,64.0,176.0,368.0,464.0,2.3716000000000004,8.9936,15.369200000000005,27.22720000000001,0.0,-16.88,-6.619999999999998,-47.07999999999999,0.0,256.0,214.0,776.0,0.0,0.0,0.0,0.0,0.0,42.0,34.0,134.0,0.0,6.480000000000003,5.420000000000001,19.28,163.28956666666662,320.6526666666666,498.80373333333335,608.5371666666666,740.6666666666666,1438.6666666666667,2143.333333333333,2510.6666666666665,22.0,46.0,72.0,88.66666666666667,121.33333333333331,309.0,424.0,477.6666666666667,9.967800000000002,23.179000000000013,34.11173333333334,40.219000000000015,11.8336,8.771999999999998,20.605599999999995,17.543999999999997,64.0,48.0,112.0,96.0,1.0,1.0,2.0,2.0,1.0,3.0,4.0,6.0,0.5328999999999998,0.5621,1.095,1.1242,28.09,59.88999999999999,87.98,119.78,0.0,0.8900000000000002,0.8900000000000002,1.7800000000000005,0.0,2.0,2.0,4.0,0.0,0.0,0.0,0.0,0.0,-2.0,-2.0,-4.0,0.0,-0.04,-0.04,-0.08,0.0,-6.000000000000001,-6.000000000000001,-12.000000000000002,9.861333333333333,13.616666666666667,14.619999999999996,31.791333333333327,53.333333333333336,46.66666666666666,80.0,173.33333333333334,0.8333333333333334,1.6666666666666667,1.6666666666666667,3.333333333333333,3.333333333333333,6.666666666666667,10.0,18.33333333333333,0.4440833333333332,0.6935000000000001,0.9368333333333334,1.8493333333333333,23.40833333333333,69.81473583333333,99.81666666666666,173.13333333333333,0.0,1.7749999999999997,1.4833333333333336,2.225,0.0,7.5,3.333333333333333,5.0,0.0,0.0,0.0,0.0,0.0,0.0,-1.6666666666666667,-2.5,0.0,0.2666666666666666,-0.0666666666666667,-0.1,0.0,-4.339258333333334,-10.000000000000002,-15.000000000000002,2283.85,1.45729,0.0,0.0,0.0,171.502,750.933,515.295,0.0,0.0,0.0,81.3963,0.03564,0.0244564,0.0,0.0,0.0,557.259,0.244,0.167434,6.52202,2.79812,6.51921
DB1-Uio66Zr-irmof6_A-irmof7_A_No18,0.15,263.978795,486.6785999999998,920.8192000000008,4251.559199999997,4714.176000000006,12084.0,33088.0,72384.0,91776.0,54.0,152.0,432.0,672.0,632.0,2336.0,4812.0,6360.0,38.9448,137.06480000000005,306.5664,470.5872000000002,1.7689,36.60160000000001,26.493600000000004,105.06999999999998,1600.0,2560.0,7440.0,7360.0,1.0,8.0,10.0,24.0,64.0,176.0,368.0,464.0,2.3716000000000004,8.9936,15.369200000000005,27.22720000000001,0.0,-16.88,-6.619999999999998,-47.07999999999999,0.0,256.0,214.0,776.0,0.0,0.0,0.0,0.0,0.0,42.0,34.0,134.0,0.0,6.480000000000003,5.420000000000001,19.28,163.28956666666662,320.6526666666666,498.80373333333335,608.5371666666666,740.6666666666666,1438.6666666666667,2143.333333333333,2510.6666666666665,22.0,46.0,72.0,88.66666666666667,121.33333333333331,309.0,424.0,477.6666666666667,9.967800000000002,23.179000000000013,34.11173333333334,40.219000000000015,11.8336,8.771999999999998,20.605599999999995,17.543999999999997,64.0,48.0,112.0,96.0,1.0,1.0,2.0,2.0,1.0,3.0,4.0,6.0,0.5328999999999998,0.5621,1.095,1.1242,28.09,59.88999999999999,87.98,119.78,0.0,0.8900000000000002,0.8900000000000002,1.7800000000000005,0.0,2.0,2.0,4.0,0.0,0.0,0.0,0.0,0.0,-2.0,-2.0,-4.0,0.0,-0.04,-0.04,-0.08,0.0,-6.000000000000001,-6.000000000000001,-12.000000000000002,9.861333333333333,13.616666666666667,14.619999999999996,31.791333333333327,53.333333333333336,46.66666666666666,80.0,173.33333333333334,0.8333333333333334,1.6666666666666667,1.6666666666666667,3.333333333333333,3.333333333333333,6.666666666666667,10.0,18.33333333333333,0.4440833333333332,0.6935000000000001,0.9368333333333334,1.8493333333333333,23.40833333333333,69.81473583333333,99.81666666666666,173.13333333333333,0.0,1.7749999999999997,1.4833333333333336,2.225,0.0,7.5,3.333333333333333,5.0,0.0,0.0,0.0,0.0,0.0,0.0,-1.6666666666666667,-2.5,0.0,0.2666666666666666,-0.0666666666666667,-0.1,0.0,-4.339258333333334,-10.000000000000002,-15.000000000000002,2283.85,1.45729,0.0,0.0,0.0,171.502,750.933,515.295,0.0,0.0,0.0,81.3963,0.03564,0.0244564,0.0,0.0,0.0,557.259,0.244,0.167434,6.52202,2.79812,6.51921
DB1-Uio66Zr-DPAC_A_No11,0.015,1.733235,486.6785999999998,920.8191999999996,4251.559199999998,4714.176000000001,12084.0,33088.0,72384.0,91776.0,54.0,152.0,432.0,672.0,632.0,2336.0,4812.0,6360.0,38.94480000000002,137.06480000000008,306.56640000000004,470.5872000000002,1.7689,36.60160000000001,26.493600000000004,105.06999999999998,1600.0,2560.0,7440.0,7360.0,1.0,8.0,10.0,24.0,64.0,176.0,368.0,464.0,2.3716000000000004,8.9936,15.369200000000005,27.22720000000001,0.0,-16.88,-6.619999999999998,-47.07999999999999,0.0,256.0,214.0,776.0,0.0,0.0,0.0,0.0,0.0,42.0,34.0,134.0,0.0,6.480000000000003,5.420000000000001,19.280000000000005,200.3856,390.8130000000001,602.7244,733.2709999999998,1416.0,2088.0,3184.0,3648.0,28.0,58.0,88.0,110.0,146.0,356.0,484.0,486.0,14.399600000000005,31.123400000000007,45.65200000000001,52.94060000000001,11.8336,8.771999999999998,20.605599999999995,17.543999999999997,64.0,48.0,112.0,96.0,1.0,1.0,2.0,2.0,1.0,3.0,4.0,6.0,0.5328999999999998,0.5621,1.095,1.1242,28.09,59.88999999999999,87.98,119.78,0.0,0.8900000000000002,0.8900000000000002,1.7800000000000005,0.0,2.0,2.0,4.0,0.0,0.0,0.0,0.0,0.0,-2.0,-2.0,-4.0,0.0,-0.04,-0.04,-0.08,0.0,-6.000000000000001,-6.000000000000001,-12.000000000000002,9.985600000000003,8.058,16.116,31.126,289.0,102.0,204.0,323.0,1.0,1.0,2.0,4.0,1.0,3.0,6.0,9.0,0.9801,0.7622999999999999,1.5245999999999995,2.6532,213.16,164.98000000000002,329.96000000000004,560.7438060000001,0.0,0.6100000000000003,1.2200000000000006,2.790000000000001,0.0,11.0,22.0,49.0,0.0,0.0,0.0,0.0,0.0,-2.0,-4.0,-5.0,0.0,0.2199999999999999,0.4399999999999999,1.2799999999999996,0.0,3.2999999999999985,6.599999999999997,19.992889999999992,6880.59,0.646329,1496.11,2174.39,3364.22,0.0,0.0,0.0,2084.82,0.303,0.468801,0.0,0.0,0.0,4296.93,0.6245,0.966226,0.0,0.0,0.0,12.71503,6.33755,12.71503
DB1-Uio66Zr-DPAC_A_No11,0.15,8.607485,486.6785999999998,920.8191999999996,4251.559199999998,4714.176000000001,12084.0,33088.0,72384.0,91776.0,54.0,152.0,432.0,672.0,632.0,2336.0,4812.0,6360.0,38.94480000000002,137.06480000000008,306.56640000000004,470.5872000000002,1.7689,36.60160000000001,26.493600000000004,105.06999999999998,1600.0,2560.0,7440.0,7360.0,1.0,8.0,10.0,24.0,64.0,176.0,368.0,464.0,2.3716000000000004,8.9936,15.369200000000005,27.22720000000001,0.0,-16.88,-6.619999999999998,-47.07999999999999,0.0,256.0,214.0,776.0,0.0,0.0,0.0,0.0,0.0,42.0,34.0,134.0,0.0,6.480000000000003,5.420000000000001,19.280000000000005,200.3856,390.8130000000001,602.7244,733.2709999999998,1416.0,2088.0,3184.0,3648.0,28.0,58.0,88.0,110.0,146.0,356.0,484.0,486.0,14.399600000000005,31.123400000000007,45.65200000000001,52.94060000000001,11.8336,8.771999999999998,20.605599999999995,17.543999999999997,64.0,48.0,112.0,96.0,1.0,1.0,2.0,2.0,1.0,3.0,4.0,6.0,0.5328999999999998,0.5621,1.095,1.1242,28.09,59.88999999999999,87.98,119.78,0.0,0.8900000000000002,0.8900000000000002,1.7800000000000005,0.0,2.0,2.0,4.0,0.0,0.0,0.0,0.0,0.0,-2.0,-2.0,-4.0,0.0,-0.04,-0.04,-0.08,0.0,-6.000000000000001,-6.000000000000001,-12.000000000000002,9.985600000000003,8.058,16.116,31.126,289.0,102.0,204.0,323.0,1.0,1.0,2.0,4.0,1.0,3.0,6.0,9.0,0.9801,0.7622999999999999,1.5245999999999995,2.6532,213.16,164.98000000000002,329.96000000000004,560.7438060000001,0.0,0.6100000000000003,1.2200000000000006,2.790000000000001,0.0,11.0,22.0,49.0,0.0,0.0,0.0,0.0,0.0,-2.0,-4.0,-5.0,0.0,0.2199999999999999,0.4399999999999999,1.2799999999999996,0.0,3.2999999999999985,6.599999999999997,19.992889999999992,6880.59,0.646329,1496.11,2174.39,3364.22,0.0,0.0,0.0,2084.82,0.303,0.468801,0.0,0.0,0.0,4296.93,0.6245,0.966226,0.0,0.0,0.0,12.71503,6.33755,12.71503
DB1-Uio66Zr-BDC_A-irmof6_A_No187,0.015,59.95217,486.6785999999997,920.8192000000006,4251.559199999997,4714.176000000003,12084.0,33088.0,72384.0,91776.0,54.0,152.0,432.0,672.0,632.0,2336.0,4812.0,6360.0,38.94480000000001,137.06480000000013,306.56640000000027,470.5872000000002,1.7689,36.60160000000001,26.493600000000004,105.06999999999998,1600.0,2560.0,7440.0,7360.0,1.0,8.0,10.0,24.0,64.0,176.0,368.0,464.0,2.3716000000000004,8.9936,15.369200000000005,27.22720000000001,0.0,-16.88,-6.619999999999998,-47.07999999999999,0.0,256.0,214.0,776.0,0.0,0.0,0.0,0.0,0.0,42.0,34.0,134.0,0.0,6.480000000000003,5.420000000000001,19.28,128.7555,236.99516666666665,368.8350666666667,430.5433333333333,811.0,1224.6666666666667,1862.6666666666667,2052.0,16.833333333333332,34.0,51.66666666666666,62.333333333333336,86.33333333333333,210.3333333333333,281.0,282.3333333333333,8.45715,18.023333333333337,26.177566666666667,29.4729,11.8336,8.771999999999998,20.605599999999995,17.543999999999997,64.0,48.0,112.0,96.0,1.0,1.0,2.0,2.0,1.0,3.0,4.0,6.0,0.5328999999999998,0.5621,1.095,1.1242,28.09,59.88999999999999,87.98,119.78,0.0,0.8900000000000002,0.8900000000000002,1.7800000000000005,0.0,2.0,2.0,4.0,0.0,0.0,0.0,0.0,0.0,-2.0,-2.0,-4.0,0.0,-0.04,-0.04,-0.08,0.0,-6.000000000000001,-6.000000000000001,-12.000000000000002,10.2936,9.438333333333334,16.354,31.58566666666667,251.5,94.33333333333331,186.0,294.5,1.0,1.1666666666666667,2.0,4.0,1.5,3.8333333333333335,7.0,11.666666666666666,0.9055666666666666,0.77395,1.4578666666666666,2.5370666666666666,182.31500000000003,151.44628050000003,294.93,501.21278550000005,0.0,0.8633333333333336,1.313333333333334,2.976666666666668,0.0,10.666666666666666,19.0,43.0,0.0,0.0,0.0,0.0,0.0,-1.6666666666666667,-3.6666666666666665,-5.333333333333333,0.0,0.2366666666666666,0.3533333333333333,1.1066666666666665,0.0,1.882148333333332,3.499999999999998,13.792889999999996,2235.84,1.39501,0.0,0.0,0.0,220.03,984.104,705.444,0.0,0.0,0.0,108.081,0.04834,0.034652,0.0,0.0,0.0,633.861,0.2835,0.203224,7.31796,3.46205,7.31327
DB1-Uio66Zr-BDC_A-irmof6_A_No187,0.15,106.38271,486.6785999999997,920.8192000000006,4251.559199999997,4714.176000000003,12084.0,33088.0,72384.0,91776.0,54.0,152.0,432.0,672.0,632.0,2336.0,4812.0,6360.0,38.94480000000001,137.06480000000013,306.56640000000027,470.5872000000002,1.7689,36.60160000000001,26.493600000000004,105.06999999999998,1600.0,2560.0,7440.0,7360.0,1.0,8.0,10.0,24.0,64.0,176.0,368.0,464.0,2.3716000000000004,8.9936,15.369200000000005,27.22720000000001,0.0,-16.88,-6.619999999999998,-47.07999999999999,0.0,256.0,214.0,776.0,0.0,0.0,0.0,0.0,0.0,42.0,34.0,134.0,0.0,6.480000000000003,5.420000000000001,19.28,128.7555,236.99516666666665,368.8350666666667,430.5433333333333,811.0,1224.6666666666667,1862.6666666666667,2052.0,16.833333333333332,34.0,51.66666666666666,62.333333333333336,86.33333333333333,210.3333333333333,281.0,282.3333333333333,8.45715,18.023333333333337,26.177566666666667,29.4729,11.8336,8.771999999999998,20.605599999999995,17.543999999999997,64.0,48.0,112.0,96.0,1.0,1.0,2.0,2.0,1.0,3.0,4.0,6.0,0.5328999999999998,0.5621,1.095,1.1242,28.09,59.88999999999999,87.98,119.78,0.0,0.8900000000000002,0.8900000000000002,1.7800000000000005,0.0,2.0,2.0,4.0,0.0,0.0,0.0,0.0,0.0,-2.0,-2.0,-4.0,0.0,-0.04,-0.04,-0.08,0.0,-6.000000000000001,-6.000000000000001,-12.000000000000002,10.2936,9.438333333333334,16.354,31.58566666666667,251.5,94.33333333333331,186.0,294.5,1.0,1.1666666666666667,2.0,4.0,1.5,3.8333333333333335,7.0,11.666666666666666,0.9055666666666666,0.77395,1.4578666666666666,2.5370666666666666,182.31500000000003,151.44628050000003,294.93,501.21278550000005,0.0,0.8633333333333336,1.313333333333334,2.976666666666668,0.0,10.666666666666666,19.0,43.0,0.0,0.0,0.0,0.0,0.0,-1.6666666666666667,-3.6666666666666665,-5.333333333333333,0.0,0.2366666666666666,0.3533333333333333,1.1066666666666665,0.0,1.882148333333332,3.499999999999998,13.792889999999996,2235.84,1.39501,0.0,0.0,0.0,220.03,984.104,705.444,0.0,0.0,0.0,108.081,0.04834,0.034652,0.0,0.0,0.0,633.861,0.2835,0.203224,7.31796,3.46205,7.31327
DB1-Uio66Zr-BDC_A-irmof7_A_No74,0.015,175.03398,486.6785999999997,920.8192000000006,4251.559199999997,4714.176000000003,12084.0,33088.0,72384.0,91776.0,54.0,152.0,432.0,672.0,632.0,2336.0,4812.0,6360.0,38.94480000000001,137.06480000000013,306.56640000000027,470.5872000000002,1.7689,36.60160000000001,26.493600000000004,105.06999999999998,1600.0,2560.0,7440.0,7360.0,1.0,8.0,10.0,24.0,64.0,176.0,368.0,464.0,2.3716000000000004,8.9936,15.369200000000005,27.22720000000001,0.0,-16.88,-6.619999999999998,-47.07999999999999,0.0,256.0,214.0,776.0,0.0,0.0,0.0,0.0,0.0,42.0,34.0,134.0,0.0,6.480000000000003,5.420000000000001,19.28,135.14326666666665,247.28683333333325,383.0164,460.7353666666666,2633.6666666666665,1785.3333333333333,2980.0,3803.6666666666665,17.333333333333332,35.0,52.66666666666666,65.0,87.66666666666667,212.3333333333333,290.0,297.3333333333333,9.978766666666663,19.781700000000004,29.517933333333342,35.173433333333335,11.8336,8.771999999999998,20.605599999999995,17.543999999999997,64.0,48.0,112.0,96.0,1.0,1.0,2.0,2.0,1.0,3.0,4.0,6.0,0.5328999999999998,0.5621,1.095,1.1242,28.09,59.88999999999999,87.98,119.78,0.0,0.8900000000000002,0.8900000000000002,1.7800000000000005,0.0,2.0,2.0,4.0,0.0,0.0,0.0,0.0,0.0,-2.0,-2.0,-4.0,0.0,-0.04,-0.04,-0.08,0.0,-6.000000000000001,-6.000000000000001,-12.000000000000002,9.2736,9.013333333333334,15.504,30.454266666666665,1031.5,184.3333333333333,366.0,582.1666666666666,1.0,1.1666666666666667,2.0,4.0,1.5,3.8333333333333335,7.0,11.333333333333334,1.1718166666666665,0.8702,1.6503666666666663,2.8672,372.1816666666667,211.71294716666668,415.46333333333337,700.7507055000001,0.0,0.6966666666666668,0.9800000000000004,2.161666666666666,0.0,25.666666666666668,49.0,102.66666666666669,0.0,0.0,0.0,0.0,0.0,-1.6666666666666667,-3.6666666666666665,-5.166666666666667,0.0,0.3616666666666665,0.6033333333333332,1.613333333333333,0.0,7.215481666666666,14.166666666666666,36.126223333333336,2235.84,1.88278,0.0,0.0,0.0,159.634,713.976,379.213,0.0,0.0,0.0,63.7662,0.02852,0.0151478,0.0,0.0,0.0,452.758,0.2025,0.107554,6.46004,2.93218,6.4478
DB1-Uio66Zr-BDC_A-irmof7_A_No74,0.15,175.325105,486.6785999999997,920.8192000000006,4251.559199999997,4714.176000000003,12084.0,33088.0,72384.0,91776.0,54.0,152.0,432.0,672.0,632.0,2336.0,4812.0,6360.0,38.94480000000001,137.06480000000013,306.56640000000027,470.5872000000002,1.7689,36.60160000000001,26.493600000000004,105.06999999999998,1600.0,2560.0,7440.0,7360.0,1.0,8.0,10.0,24.0,64.0,176.0,368.0,464.0,2.3716000000000004,8.9936,15.369200000000005,27.22720000000001,0.0,-16.88,-6.619999999999998,-47.07999999999999,0.0,256.0,214.0,776.0,0.0,0.0,0.0,0.0,0.0,42.0,34.0,134.0,0.0,6.480000000000003,5.420000000000001,19.28,135.14326666666665,247.28683333333325,383.0164,460.7353666666666,2633.6666666666665,1785.3333333333333,2980.0,3803.6666666666665,17.333333333333332,35.0,52.66666666666666,65.0,87.66666666666667,212.3333333333333,290.0,297.3333333333333,9.978766666666663,19.781700000000004,29.517933333333342,35.173433333333335,11.8336,8.771999999999998,20.605599999999995,17.543999999999997,64.0,48.0,112.0,96.0,1.0,1.0,2.0,2.0,1.0,3.0,4.0,6.0,0.5328999999999998,0.5621,1.095,1.1242,28.09,59.88999999999999,87.98,119.78,0.0,0.8900000000000002,0.8900000000000002,1.7800000000000005,0.0,2.0,2.0,4.0,0.0,0.0,0.0,0.0,0.0,-2.0,-2.0,-4.0,0.0,-0.04,-0.04,-0.08,0.0,-6.000000000000001,-6.000000000000001,-12.000000000000002,9.2736,9.013333333333334,15.504,30.454266666666665,1031.5,184.3333333333333,366.0,582.1666666666666,1.0,1.1666666666666667,2.0,4.0,1.5,3.8333333333333335,7.0,11.333333333333334,1.1718166666666665,0.8702,1.6503666666666663,2.8672,372.1816666666667,211.71294716666668,415.46333333333337,700.7507055000001,0.0,0.6966666666666668,0.9800000000000004,2.161666666666666,0.0,25.666666666666668,49.0,102.66666666666669,0.0,0.0,0.0,0.0,0.0,-1.6666666666666667,-3.6666666666666665,-5.166666666666667,0.0,0.3616666666666665,0.6033333333333332,1.613333333333333,0.0,7.215481666666666,14.166666666666666,36.126223333333336,2235.84,1.88278,0.0,0.0,0.0,159.634,713.976,379.213,0.0,0.0,0.0,63.7662,0.02852,0.0151478,0.0,0.0,0.0,452.758,0.2025,0.107554,6.46004,2.93218,6.4478
DB1-Uio66Zr-DPAC_A_No4,0.015,2.743305,486.6785999999998,920.8192000000004,4251.559199999998,4714.176000000001,12084.0,33088.0,72384.0,91776.0,54.0,152.0,432.0,672.0,632.0,2336.0,4812.0,6360.0,38.944800000000015,137.06480000000005,306.5663999999999,470.5872000000002,1.7689,36.60160000000001,26.493600000000004,105.06999999999996,1600.0,2560.0,7440.0,7360.0,1.0,8.0,10.0,24.0,64.0,176.0,368.0,464.0,2.3716000000000004,8.9936,15.369200000000005,27.22720000000001,0.0,-16.88,-6.619999999999998,-47.07999999999999,0.0,256.0,214.0,776.0,0.0,0.0,0.0,0.0,0.0,42.0,34.0,134.0,0.0,6.480000000000003,5.420000000000001,19.280000000000005,205.7808,396.5249999999999,614.1483999999999,755.335,5736.0,3336.0,5680.0,7600.0,28.0,58.0,88.0,110.0,146.0,356.0,484.0,486.0,17.364,33.957,51.319200000000016,62.80300000000002,11.8336,8.771999999999998,20.605599999999995,17.543999999999997,64.0,48.0,112.0,96.0,1.0,1.0,2.0,2.0,1.0,3.0,4.0,6.0,0.5328999999999998,0.5621,1.095,1.1242,28.09,59.88999999999999,87.98,119.78,0.0,0.8900000000000002,0.8900000000000002,1.7800000000000005,0.0,2.0,2.0,4.0,0.0,0.0,0.0,0.0,0.0,-2.0,-2.0,-4.0,0.0,-0.04,-0.04,-0.08,0.0,-6.000000000000001,-6.000000000000001,-12.000000000000002,8.7616,7.547999999999999,15.095999999999998,29.155999999999995,1225.0,210.0,420.0,665.0,1.0,1.0,2.0,4.0,1.0,3.0,6.0,9.0,1.2996,0.8777999999999998,1.7555999999999996,3.0551999999999992,441.0,237.3,474.6,806.5493100000002,0.0,0.4100000000000001,0.8200000000000003,1.99,0.0,29.0,58.0,121.0,0.0,0.0,0.0,0.0,0.0,-2.0,-4.0,-5.0,0.0,0.3699999999999999,0.7399999999999998,1.8799999999999992,0.0,9.7,19.4,45.59289,6880.59,1.00355,1277.68,1856.93,1850.36,0.0,0.0,0.0,1567.95,0.22788,0.227075,0.0,0.0,0.0,3774.01,0.5485,0.546561,0.0,0.0,0.0,11.89626,5.72587,11.89626
DB1-Uio66Zr-DPAC_A_No4,0.15,12.87397,486.6785999999998,920.8192000000004,4251.559199999998,4714.176000000001,12084.0,33088.0,72384.0,91776.0,54.0,152.0,432.0,672.0,632.0,2336.0,4812.0,6360.0,38.944800000000015,137.06480000000005,306.5663999999999,470.5872000000002,1.7689,36.60160000000001,26.493600000000004,105.06999999999996,1600.0,2560.0,7440.0,7360.0,1.0,8.0,10.0,24.0,64.0,176.0,368.0,464.0,2.3716000000000004,8.9936,15.369200000000005,27.22720000000001,0.0,-16.88,-6.619999999999998,-47.07999999999999,0.0,256.0,214.0,776.0,0.0,0.0,0.0,0.0,0.0,42.0,34.0,134.0,0.0,6.480000000000003,5.420000000000001,19.280000000000005,205.7808,396.5249999999999,614.1483999999999,755.335,5736.0,3336.0,5680.0,7600.0,28.0,58.0,88.0,110.0,146.0,356.0,484.0,486.0,17.364,33.957,51.319200000000016,62.80300000000002,11.8336,8.771999999999998,20.605599999999995,17.543999999999997,64.0,48.0,112.0,96.0,1.0,1.0,2.0,2.0,1.0,3.0,4.0,6.0,0.5328999999999998,0.5621,1.095,1.1242,28.09,59.88999999999999,87.98,119.78,0.0,0.8900000000000002,0.8900000000000002,1.7800000000000005,0.0,2.0,2.0,4.0,0.0,0.0,0.0,0.0,0.0,-2.0,-2.0,-4.0,0.0,-0.04,-0.04,-0.08,0.0,-6.000000000000001,-6.000000000000001,-12.000000000000002,8.7616,7.547999999999999,15.095999999999998,29.155999999999995,1225.0,210.0,420.0,665.0,1.0,1.0,2.0,4.0,1.0,3.0,6.0,9.0,1.2996,0.8777999999999998,1.7555999999999996,3.0551999999999992,441.0,237.3,474.6,806.5493100000002,0.0,0.4100000000000001,0.8200000000000003,1.99,0.0,29.0,58.0,121.0,0.0,0.0,0.0,0.0,0.0,-2.0,-4.0,-5.0,0.0,0.3699999999999999,0.7399999999999998,1.8799999999999992,0.0,9.7,19.4,45.59289,6880.59,1.00355,1277.68,1856.93,1850.36,0.0,0.0,0.0,1567.95,0.22788,0.227075,0.0,0.0,0.0,3774.01,0.5485,0.546561,0.0,0.0,0.0,11.89626,5.72587,11.89626
DB1-Uio66Zr-irmof8_A_No5,0.015,15.3134,486.6785999999997,920.8192000000004,4251.559199999997,4714.176000000005,12084.0,33088.0,72384.0,91776.0,54.0,152.0,432.0,672.0,632.0,2336.0,4812.0,6360.0,38.9448,137.06480000000005,306.5663999999999,470.5872000000002,1.7689,36.60160000000001,26.493600000000004,105.06999999999996,1600.0,2560.0,7440.0,7360.0,1.0,8.0,10.0,24.0,64.0,176.0,368.0,464.0,2.3716000000000004,8.9936,15.369200000000005,27.22720000000001,0.0,-16.88,-6.619999999999998,-47.07999999999999,0.0,256.0,214.0,776.0,0.0,0.0,0.0,0.0,0.0,42.0,34.0,134.0,0.0,6.480000000000003,5.420000000000001,19.28,164.69559999999998,316.353,505.8243999999999,630.016,1270.0,1776.0,2848.0,3380.0,22.0,46.0,72.0,92.0,118.0,294.0,424.0,460.0,11.7542,25.240600000000004,38.6296,46.55639999999999,11.8336,8.771999999999998,20.605599999999995,17.543999999999997,64.0,48.0,112.0,96.0,1.0,1.0,2.0,2.0,1.0,3.0,4.0,6.0,0.5328999999999998,0.5621,1.095,1.1242,28.09,59.88999999999999,87.98,119.78,0.0,0.8900000000000002,0.8900000000000002,1.7800000000000005,0.0,2.0,2.0,4.0,0.0,0.0,0.0,0.0,0.0,-2.0,-2.0,-4.0,0.0,-0.04,-0.04,-0.08,0.0,-6.000000000000001,-6.000000000000001,-12.000000000000002,9.985600000000003,8.058,16.116,31.126,289.0,102.0,204.0,323.0,1.0,1.0,2.0,4.0,1.0,3.0,6.0,10.0,0.9801,0.7622999999999999,1.5245999999999995,2.6532,213.16,164.98000000000002,329.96000000000004,560.7438060000001,0.0,0.6100000000000003,1.2200000000000006,2.790000000000001,0.0,11.0,22.0,49.0,0.0,0.0,0.0,0.0,0.0,-2.0,-4.0,-6.0,0.0,0.2199999999999999,0.4399999999999999,1.2799999999999996,0.0,3.2999999999999985,6.599999999999997,19.992889999999992,3454.13,1.14309,0.0,0.0,0.0,355.655,1029.65,900.765,0.0,0.0,0.0,268.11,0.07762,0.0679039,0.0,0.0,0.0,1115.68,0.323,0.282568,8.68561,2.4142,8.68561
DB1-Uio66Zr-irmof8_A_No5,0.15,74.470295,486.6785999999997,920.8192000000004,4251.559199999997,4714.176000000005,12084.0,33088.0,72384.0,91776.0,54.0,152.0,432.0,672.0,632.0,2336.0,4812.0,6360.0,38.9448,137.06480000000005,306.5663999999999,470.5872000000002,1.7689,36.60160000000001,26.493600000000004,105.06999999999996,1600.0,2560.0,7440.0,7360.0,1.0,8.0,10.0,24.0,64.0,176.0,368.0,464.0,2.3716000000000004,8.9936,15.369200000000005,27.22720000000001,0.0,-16.88,-6.619999999999998,-47.07999999999999,0.0,256.0,214.0,776.0,0.0,0.0,0.0,0.0,0.0,42.0,34.0,134.0,0.0,6.480000000000003,5.420000000000001,19.28,164.69559999999998,316.353,505.8243999999999,630.016,1270.0,1776.0,2848.0,3380.0,22.0,46.0,72.0,92.0,118.0,294.0,424.0,460.0,11.7542,25.240600000000004,38.6296,46.55639999999999,11.8336,8.771999999999998,20.605599999999995,17.543999999999997,64.0,48.0,112.0,96.0,1.0,1.0,2.0,2.0,1.0,3.0,4.0,6.0,0.5328999999999998,0.5621,1.095,1.1242,28.09,59.88999999999999,87.98,119.78,0.0,0.8900000000000002,0.8900000000000002,1.7800000000000005,0.0,2.0,2.0,4.0,0.0,0.0,0.0,0.0,0.0,-2.0,-2.0,-4.0,0.0,-0.04,-0.04,-0.08,0.0,-6.000000000000001,-6.000000000000001,-12.000000000000002,9.985600000000003,8.058,16.116,31.126,289.0,102.0,204.0,323.0,1.0,1.0,2.0,4.0,1.0,3.0,6.0,10.0,0.9801,0.7622999999999999,1.5245999999999995,2.6532,213.16,164.98000000000002,329.96000000000004,560.7438060000001,0.0,0.6100000000000003,1.2200000000000006,2.790000000000001,0.0,11.0,22.0,49.0,0.0,0.0,0.0,0.0,0.0,-2.0,-4.0,-6.0,0.0,0.2199999999999999,0.4399999999999999,1.2799999999999996,0.0,3.2999999999999985,6.599999999999997,19.992889999999992,3454.13,1.14309,0.0,0.0,0.0,355.655,1029.65,900.765,0.0,0.0,0.0,268.11,0.07762,0.0679039,0.0,0.0,0.0,1115.68,0.323,0.282568,8.68561,2.4142,8.68561
DB1-Uio66Zr-BDC_A-irmof6_A_No61,0.015,132.87634,486.6785999999997,920.8192000000006,4251.559199999997,4714.176000000003,12084.0,33088.0,72384.0,91776.0,54.0,152.0,432.0,672.0,632.0,2336.0,4812.0,6360.0,38.94480000000001,137.06480000000013,306.56640000000027,470.5872000000002,1.7689,36.60160000000001,26.493600000000004,105.06999999999998,1600.0,2560.0,7440.0,7360.0,1.0,8.0,10.0,24.0,64.0,176.0,368.0,464.0,2.3716000000000004,8.9936,15.369200000000005,27.22720000000001,0.0,-16.88,-6.619999999999998,-47.07999999999999,0.0,256.0,214.0,776.0,0.0,0.0,0.0,0.0,0.0,42.0,34.0,134.0,0.0,6.480000000000003,5.420000000000001,19.28,130.74643333333333,237.4305,372.8810666666666,438.5365333333333,2696.333333333333,1792.0,3000.6666666666665,3938.3333333333335,16.666666666666668,33.666666666666664,51.333333333333336,61.66666666666666,85.66666666666667,208.66666666666663,278.0,277.0,9.884566666666666,19.33983333333333,28.89566666666667,34.30656666666666,11.8336,8.771999999999998,20.605599999999995,17.543999999999997,64.0,48.0,112.0,96.0,1.0,1.0,2.0,2.0,1.0,3.0,4.0,6.0,0.5328999999999998,0.5621,1.095,1.1242,28.09,59.88999999999999,87.98,119.78,0.0,0.8900000000000002,0.8900000000000002,1.7800000000000005,0.0,2.0,2.0,4.0,0.0,0.0,0.0,0.0,0.0,-2.0,-2.0,-4.0,0.0,-0.04,-0.04,-0.08,0.0,-6.000000000000001,-6.000000000000001,-12.000000000000002,8.9656,7.633,15.266,29.98993333333333,1069.0,192.0,384.0,653.3333333333334,1.0,1.0,2.0,4.0,1.0,3.0,6.0,10.0,1.2463499999999998,0.8585499999999998,1.7170999999999996,3.090499999999999,403.0266666666666,225.24666666666667,450.4933333333333,790.1410916666667,0.0,0.4433333333333335,0.886666666666667,1.9633333333333336,0.0,26.0,52.0,106.33333333333331,0.0,0.0,0.0,0.0,0.0,-2.0,-4.0,-6.0,0.0,0.3449999999999999,0.6899999999999998,1.676666666666666,0.0,8.633333333333333,17.266666666666666,39.644075,2235.84,1.89234,0.0,0.0,0.0,161.57,722.636,381.874,0.0,0.0,0.0,82.0554,0.0367,0.019394,0.0,0.0,0.0,524.305,0.2345,0.123921,7.31796,2.44882,7.30984
DB1-Uio66Zr-BDC_A-irmof6_A_No61,0.15,156.91201,486.6785999999997,920.8192000000006,4251.559199999997,4714.176000000003,12084.0,33088.0,72384.0,91776.0,54.0,152.0,432.0,672.0,632.0,2336.0,4812.0,6360.0,38.94480000000001,137.06480000000013,306.56640000000027,470.5872000000002,1.7689,36.60160000000001,26.493600000000004,105.06999999999998,1600.0,2560.0,7440.0,7360.0,1.0,8.0,10.0,24.0,64.0,176.0,368.0,464.0,2.3716000000000004,8.9936,15.369200000000005,27.22720000000001,0.0,-16.88,-6.619999999999998,-47.07999999999999,0.0,256.0,214.0,776.0,0.0,0.0,0.0,0.0,0.0,42.0,34.0,134.0,0.0,6.480000000000003,5.420000000000001,19.28,130.74643333333333,237.4305,372.8810666666666,438.5365333333333,2696.333333333333,1792.0,3000.6666666666665,3938.3333333333335,16.666666666666668,33.666666666666664,51.333333333333336,61.66666666666666,85.66666666666667,208.66666666666663,278.0,277.0,9.884566666666666,19.33983333333333,28.89566666666667,34.30656666666666,11.8336,8.771999999999998,20.605599999999995,17.543999999999997,64.0,48.0,112.0,96.0,1.0,1.0,2.0,2.0,1.0,3.0,4.0,6.0,0.5328999999999998,0.5621,1.095,1.1242,28.09,59.88999999999999,87.98,119.78,0.0,0.8900000000000002,0.8900000000000002,1.7800000000000005,0.0,2.0,2.0,4.0,0.0,0.0,0.0,0.0,0.0,-2.0,-2.0,-4.0,0.0,-0.04,-0.04,-0.08,0.0,-6.000000000000001,-6.000000000000001,-12.000000000000002,8.9656,7.633,15.266,29.98993333333333,1069.0,192.0,384.0,653.3333333333334,1.0,1.0,2.0,4.0,1.0,3.0,6.0,10.0,1.2463499999999998,0.8585499999999998,1.7170999999999996,3.090499999999999,403.0266666666666,225.24666666666667,450.4933333333333,790.1410916666667,0.0,0.4433333333333335,0.886666666666667,1.9633333333333336,0.0,26.0,52.0,106.33333333333331,0.0,0.0,0.0,0.0,0.0,-2.0,-4.0,-6.0,0.0,0.3449999999999999,0.6899999999999998,1.676666666666666,0.0,8.633333333333333,17.266666666666666,39.644075,2235.84,1.89234,0.0,0.0,0.0,161.57,722.636,381.874,0.0,0.0,0.0,82.0554,0.0367,0.019394,0.0,0.0,0.0,524.305,0.2345,0.123921,7.31796,2.44882,7.30984
DB1-Uio66Zr-irmof10_A-irmof14_A_No554,0.015,15.93728,486.6785999999998,920.8191999999996,4251.5592,4714.176000000001,12084.0,33088.0,72384.0,91776.0,54.0,152.0,432.0,672.0,632.0,2336.0,4812.0,6360.0,38.94480000000004,137.06480000000013,306.56640000000016,470.5872000000002,1.7689,36.60160000000001,26.493600000000004,105.06999999999998,1600.0,2560.0,7440.0,7360.0,1.0,8.0,10.0,24.0,64.0,176.0,368.0,464.0,2.3716000000000004,8.9936,15.369200000000005,27.22720000000001,0.0,-16.88,-6.619999999999998,-47.07999999999999,0.0,256.0,214.0,776.0,0.0,0.0,0.0,0.0,0.0,42.0,34.0,134.0,0.0,6.480000000000003,5.420000000000001,19.28,261.0741333333333,505.9153333333333,841.7017333333333,1019.8677333333336,1572.0,3305.333333333333,4302.666666666667,4750.666666666667,34.666666666666664,72.0,115.33333333333331,149.33333333333334,187.3333333333333,466.0,675.3333333333334,817.3333333333334,16.787433333333336,39.1728,59.1,71.33173333333336,11.8336,8.771999999999998,20.605599999999995,17.543999999999997,64.0,48.0,112.0,96.0,1.0,1.0,2.0,2.0,1.0,3.0,4.0,6.0,0.5328999999999998,0.5621,1.095,1.1242,28.09,59.88999999999999,87.98,119.78,0.0,0.8900000000000002,0.8900000000000002,1.7800000000000005,0.0,2.0,2.0,4.0,0.0,0.0,0.0,0.0,0.0,-2.0,-2.0,-4.0,0.0,-0.04,-0.04,-0.08,0.0,-6.000000000000001,-6.000000000000001,-12.000000000000002,10.323016666666666,17.562625,26.78225,24.828975,101.5,191.0,167.33333333333334,155.83333333333334,1.0,2.1666666666666665,2.833333333333333,3.1666666666666665,6.083333333333333,12.083333333333334,13.416666666666666,19.75,0.6435624999999998,1.3393958333333331,1.6158125000000003,1.7671666666666666,105.09125000000002,204.226638625,209.97498625,290.98110416666674,0.0,0.62625,0.8112500000000002,1.9720833333333336,0.0,5.708333333333333,8.875,15.291666666666666,0.0,0.0,0.0,0.0,0.0,1.0833333333333333,0.0,-0.8333333333333334,0.0,0.2504166666666667,0.2079166666666666,0.3816666666666665,0.0,2.1669820833333344,1.4276854166666653,-0.954443750000002,4791.32,1.0499,855.867,1786.29,1701.39,0.0,0.0,0.0,808.008,0.16864,0.160625,0.0,0.0,0.0,2340.56,0.4885,0.465282,0.0,0.0,0.0,10.06126,6.00548,10.03847
DB1-Uio66Zr-irmof10_A-irmof14_A_No554,0.15,75.89368,486.6785999999998,920.8191999999996,4251.5592,4714.176000000001,12084.0,33088.0,72384.0,91776.0,54.0,152.0,432.0,672.0,632.0,2336.0,4812.0,6360.0,38.94480000000004,137.06480000000013,306.56640000000016,470.5872000000002,1.7689,36.60160000000001,26.493600000000004,105.06999999999998,1600.0,2560.0,7440.0,7360.0,1.0,8.0,10.0,24.0,64.0,176.0,368.0,464.0,2.3716000000000004,8.9936,15.369200000000005,27.22720000000001,0.0,-16.88,-6.619999999999998,-47.07999999999999,0.0,256.0,214.0,776.0,0.0,0.0,0.0,0.0,0.0,42.0,34.0,134.0,0.0,6.480000000000003,5.420000000000001,19.28,261.0741333333333,505.9153333333333,841.7017333333333,1019.8677333333336,1572.0,3305.333333333333,4302.666666666667,4750.666666666667,34.666666666666664,72.0,115.33333333333331,149.33333333333334,187.3333333333333,466.0,675.3333333333334,817.3333333333334,16.787433333333336,39.1728,59.1,71.33173333333336,11.8336,8.771999999999998,20.605599999999995,17.543999999999997,64.0,48.0,112.0,96.0,1.0,1.0,2.0,2.0,1.0,3.0,4.0,6.0,0.5328999999999998,0.5621,1.095,1.1242,28.09,59.88999999999999,87.98,119.78,0.0,0.8900000000000002,0.8900000000000002,1.7800000000000005,0.0,2.0,2.0,4.0,0.0,0.0,0.0,0.0,0.0,-2.0,-2.0,-4.0,0.0,-0.04,-0.04,-0.08,0.0,-6.000000000000001,-6.000000000000001,-12.000000000000002,10.323016666666666,17.562625,26.78225,24.828975,101.5,191.0,167.33333333333334,155.83333333333334,1.0,2.1666666666666665,2.833333333333333,3.1666666666666665,6.083333333333333,12.083333333333334,13.416666666666666,19.75,0.6435624999999998,1.3393958333333331,1.6158125000000003,1.7671666666666666,105.09125000000002,204.226638625,209.97498625,290.98110416666674,0.0,0.62625,0.8112500000000002,1.9720833333333336,0.0,5.708333333333333,8.875,15.291666666666666,0.0,0.0,0.0,0.0,0.0,1.0833333333333333,0.0,-0.8333333333333334,0.0,0.2504166666666667,0.2079166666666666,0.3816666666666665,0.0,2.1669820833333344,1.4276854166666653,-0.954443750000002,4791.32,1.0499,855.867,1786.29,1701.39,0.0,0.0,0.0,808.008,0.16864,0.160625,0.0,0.0,0.0,2340.56,0.4885,0.465282,0.0,0.0,0.0,10.06126,6.00548,10.03847
DB1-Uio66Zr-irmof10_A-irmof14_A_No195,0.015,3.50264,486.6785999999998,920.8191999999996,4251.559199999999,4714.176000000001,12084.0,33088.0,72384.0,91776.0,54.0,152.0,432.0,672.0,632.0,2336.0,4812.0,6360.0,38.94480000000004,137.06480000000013,306.56640000000016,470.5872000000002,1.7689,36.60160000000001,26.493600000000004,105.06999999999996,1600.0,2560.0,7440.0,7360.0,1.0,8.0,10.0,24.0,64.0,176.0,368.0,464.0,2.3716000000000004,8.9936,15.369200000000005,27.22720000000001,0.0,-16.88,-6.619999999999998,-47.07999999999999,0.0,256.0,214.0,776.0,0.0,0.0,0.0,0.0,0.0,42.0,34.0,134.0,0.0,6.480000000000003,5.420000000000001,19.280000000000005,204.0528,399.6177333333333,645.7476,804.3093333333333,1421.3333333333333,2273.333333333333,3410.6666666666665,3969.3333333333335,28.0,58.66666666666666,92.66666666666669,120.0,151.33333333333334,378.0,546.0,614.6666666666666,14.207700000000004,31.622266666666675,48.1244,58.0576,11.8336,8.771999999999998,20.605599999999995,17.543999999999997,64.0,48.0,112.0,96.0,1.0,1.0,2.0,2.0,1.0,3.0,4.0,6.0,0.5328999999999998,0.5621,1.095,1.1242,28.09,59.88999999999999,87.98,119.78,0.0,0.8900000000000002,0.8900000000000002,1.7800000000000005,0.0,2.0,2.0,4.0,0.0,0.0,0.0,0.0,0.0,-2.0,-2.0,-4.0,0.0,-0.04,-0.04,-0.08,0.0,-6.000000000000001,-6.000000000000001,-12.000000000000002,10.077883333333334,9.523258333333333,18.26965,29.820875,259.5,121.33333333333331,200.66666666666663,294.5,1.0,1.1666666666666667,2.1666666666666665,3.8333333333333335,1.75,4.416666666666667,7.083333333333333,11.083333333333334,0.9267125,0.8653791666666666,1.5551624999999998,2.4879333333333333,196.82625,173.31782012500005,311.38699725000004,515.2953925,0.0,0.5612500000000002,1.1462500000000004,2.6704166666666675,0.0,9.875,20.041666666666668,43.79166666666666,0.0,0.0,0.0,0.0,0.0,-1.5833333333333333,-3.333333333333333,-5.166666666666667,0.0,0.20875,0.4095833333333332,1.145,0.0,3.1205370833333324,6.04553708333333,16.85985291666666,4791.32,0.926483,845.383,1764.41,1904.41,0.0,0.0,0.0,719.848,0.15024,0.162162,0.0,0.0,0.0,2182.45,0.4555,0.491644,0.0,0.0,0.0,10.06126,4.37138,10.06126
DB1-Uio66Zr-irmof10_A-irmof14_A_No195,0.15,40.328995,486.6785999999998,920.8191999999996,4251.559199999999,4714.176000000001,12084.0,33088.0,72384.0,91776.0,54.0,152.0,432.0,672.0,632.0,2336.0,4812.0,6360.0,38.94480000000004,137.06480000000013,306.56640000000016,470.5872000000002,1.7689,36.60160000000001,26.493600000000004,105.06999999999996,1600.0,2560.0,7440.0,7360.0,1.0,8.0,10.0,24.0,64.0,176.0,368.0,464.0,2.3716000000000004,8.9936,15.369200000000005,27.22720000000001,0.0,-16.88,-6.619999999999998,-47.07999999999999,0.0,256.0,214.0,776.0,0.0,0.0,0.0,0.0,0.0,42.0,34.0,134.0,0.0,6.480000000000003,5.420000000000001,19.280000000000005,204.0528,399.6177333333333,645.7476,804.3093333333333,1421.3333333333333,2273.333333333333,3410.6666666666665,3969.3333333333335,28.0,58.66666666666666,92.66666666666669,120.0,151.33333333333334,378.0,546.0,614.6666666666666,14.207700000000004,31.622266666666675,48.1244,58.0576,11.8336,8.771999999999998,20.605599999999995,17.543999999999997,64.0,48.0,112.0,96.0,1.0,1.0,2.0,2.0,1.0,3.0,4.0,6.0,0.5328999999999998,0.5621,1.095,1.1242,28.09,59.88999999999999,87.98,119.78,0.0,0.8900000000000002,0.8900000000000002,1.7800000000000005,0.0,2.0,2.0,4.0,0.0,0.0,0.0,0.0,0.0,-2.0,-2.0,-4.0,0.0,-0.04,-0.04,-0.08,0.0,-6.000000000000001,-6.000000000000001,-12.000000000000002,10.077883333333334,9.523258333333333,18.26965,29.820875,259.5,121.33333333333331,200.66666666666663,294.5,1.0,1.1666666666666667,2.1666666666666665,3.8333333333333335,1.75,4.416666666666667,7.083333333333333,11.083333333333334,0.9267125,0.8653791666666666,1.5551624999999998,2.4879333333333333,196.82625,173.31782012500005,311.38699725000004,515.2953925,0.0,0.5612500000000002,1.1462500000000004,2.6704166666666675,0.0,9.875,20.041666666666668,43.79166666666666,0.0,0.0,0.0,0.0,0.0,-1.5833333333333333,-3.333333333333333,-5.166666666666667,0.0,0.20875,0.4095833333333332,1.145,0.0,3.1205370833333324,6.04553708333333,16.85985291666666,4791.32,0.926483,845.383,1764.41,1904.41,0.0,0.0,0.0,719.848,0.15024,0.162162,0.0,0.0,0.0,2182.45,0.4555,0.491644,0.0,0.0,0.0,10.06126,4.37138,10.06126
DB1-Uio66Zr-BDC_A-irmof7_A_No358,0.015,389.644685,486.6785999999997,920.8192000000006,4251.559199999997,4714.176000000003,12084.0,33088.0,72384.0,91776.0,54.0,152.0,432.0,672.0,632.0,2336.0,4812.0,6360.0,38.94480000000001,137.06480000000013,306.56640000000027,470.5872000000002,1.7689,36.60160000000001,26.493600000000004,105.06999999999998,1600.0,2560.0,7440.0,7360.0,1.0,8.0,10.0,24.0,64.0,176.0,368.0,464.0,2.3716000000000004,8.9936,15.369200000000005,27.22720000000001,0.0,-16.88,-6.619999999999998,-47.07999999999999,0.0,256.0,214.0,776.0,0.0,0.0,0.0,0.0,0.0,42.0,34.0,134.0,0.0,6.480000000000003,5.420000000000001,19.28,165.41526666666664,306.49883333333327,444.2844,586.4713666666665,1193.6666666666667,1541.3333333333333,2432.0,3506.6666666666665,20.33333333333333,41.0,58.66666666666666,77.0,99.66666666666669,242.3333333333333,344.0,397.6666666666667,10.0272,21.48443333333334,31.3916,39.56053333333334,11.8336,8.771999999999998,20.605599999999995,17.543999999999997,64.0,48.0,112.0,96.0,1.0,1.0,2.0,2.0,1.0,3.0,4.0,6.0,0.5328999999999998,0.5621,1.095,1.1242,28.09,59.88999999999999,87.98,119.78,0.0,0.8900000000000002,0.8900000000000002,1.7800000000000005,0.0,2.0,2.0,4.0,0.0,0.0,0.0,0.0,0.0,-2.0,-2.0,-4.0,0.0,-0.04,-0.04,-0.08,0.0,-6.000000000000001,-6.000000000000001,-12.000000000000002,11.321599999999998,14.874666666666668,17.135999999999996,37.02559999999999,257.5,81.66666666666667,150.0,482.5,1.0,1.8333333333333333,2.0,4.0,3.5,7.166666666666667,11.0,20.0,0.6606833333333332,0.8398000000000002,1.2294333333333334,2.504833333333333,96.90833333333336,109.36473583333334,178.91666666666666,365.2833333333333,0.0,1.843333333333333,1.6200000000000003,2.43,0.0,12.333333333333334,13.0,19.5,0.0,0.0,0.0,0.0,0.0,-0.3333333333333333,-2.333333333333333,-3.5,0.0,0.3283333333333332,0.0566666666666665,0.0849999999999998,0.0,-2.722591666666668,-6.766666666666668,-10.150000000000004,2235.84,1.6279,0.0,0.0,0.0,178.356,797.714,490.027,0.0,0.0,0.0,77.3154,0.03458,0.0212421,0.0,0.0,0.0,534.366,0.239,0.146815,7.04211,3.26166,7.01741
DB1-Uio66Zr-BDC_A-irmof7_A_No358,0.15,305.552695,486.6785999999997,920.8192000000006,4251.559199999997,4714.176000000003,12084.0,33088.0,72384.0,91776.0,54.0,152.0,432.0,672.0,632.0,2336.0,4812.0,6360.0,38.94480000000001,137.06480000000013,306.56640000000027,470.5872000000002,1.7689,36.60160000000001,26.493600000000004,105.06999999999998,1600.0,2560.0,7440.0,7360.0,1.0,8.0,10.0,24.0,64.0,176.0,368.0,464.0,2.3716000000000004,8.9936,15.369200000000005,27.22720000000001,0.0,-16.88,-6.619999999999998,-47.07999999999999,0.0,256.0,214.0,776.0,0.0,0.0,0.0,0.0,0.0,42.0,34.0,134.0,0.0,6.480000000000003,5.420000000000001,19.28,165.41526666666664,306.49883333333327,444.2844,586.4713666666665,1193.6666666666667,1541.3333333333333,2432.0,3506.6666666666665,20.33333333333333,41.0,58.66666666666666,77.0,99.66666666666669,242.3333333333333,344.0,397.6666666666667,10.0272,21.48443333333334,31.3916,39.56053333333334,11.8336,8.771999999999998,20.605599999999995,17.543999999999997,64.0,48.0,112.0,96.0,1.0,1.0,2.0,2.0,1.0,3.0,4.0,6.0,0.5328999999999998,0.5621,1.095,1.1242,28.09,59.88999999999999,87.98,119.78,0.0,0.8900000000000002,0.8900000000000002,1.7800000000000005,0.0,2.0,2.0,4.0,0.0,0.0,0.0,0.0,0.0,-2.0,-2.0,-4.0,0.0,-0.04,-0.04,-0.08,0.0,-6.000000000000001,-6.000000000000001,-12.000000000000002,11.321599999999998,14.874666666666668,17.135999999999996,37.02559999999999,257.5,81.66666666666667,150.0,482.5,1.0,1.8333333333333333,2.0,4.0,3.5,7.166666666666667,11.0,20.0,0.6606833333333332,0.8398000000000002,1.2294333333333334,2.504833333333333,96.90833333333336,109.36473583333334,178.91666666666666,365.2833333333333,0.0,1.843333333333333,1.6200000000000003,2.43,0.0,12.333333333333334,13.0,19.5,0.0,0.0,0.0,0.0,0.0,-0.3333333333333333,-2.333333333333333,-3.5,0.0,0.3283333333333332,0.0566666666666665,0.0849999999999998,0.0,-2.722591666666668,-6.766666666666668,-10.150000000000004,2235.84,1.6279,0.0,0.0,0.0,178.356,797.714,490.027,0.0,0.0,0.0,77.3154,0.03458,0.0212421,0.0,0.0,0.0,534.366,0.239,0.146815,7.04211,3.26166,7.01741
DB1-Uio66Zr-irmof8_A_No19,0.015,20.755935,486.6785999999998,920.8192000000004,4251.559199999997,4714.176000000005,12084.0,33088.0,72384.0,91776.0,54.0,152.0,432.0,672.0,632.0,2336.0,4812.0,6360.0,38.9448,137.06480000000005,306.5663999999999,470.5872000000002,1.7689,36.60160000000001,26.493600000000004,105.06999999999996,1600.0,2560.0,7440.0,7360.0,1.0,8.0,10.0,24.0,64.0,176.0,368.0,464.0,2.3716000000000004,8.9936,15.369200000000005,27.22720000000001,0.0,-16.88,-6.619999999999998,-47.07999999999999,0.0,256.0,214.0,776.0,0.0,0.0,0.0,0.0,0.0,42.0,34.0,134.0,0.0,6.480000000000003,5.420000000000001,19.28,225.406,435.3209999999999,629.4483999999998,881.2863999999998,1078.0,1992.0,3160.0,4240.0,28.0,58.0,84.0,116.0,142.0,354.0,532.0,664.0,13.265199999999998,29.89860000000001,44.882000000000005,59.4196,11.8336,8.771999999999998,20.605599999999995,17.543999999999997,64.0,48.0,112.0,96.0,1.0,1.0,2.0,2.0,1.0,3.0,4.0,6.0,0.5328999999999998,0.5621,1.095,1.1242,28.09,59.88999999999999,87.98,119.78,0.0,0.8900000000000002,0.8900000000000002,1.7800000000000005,0.0,2.0,2.0,4.0,0.0,0.0,0.0,0.0,0.0,-2.0,-2.0,-4.0,0.0,-0.04,-0.04,-0.08,0.0,-6.000000000000001,-6.000000000000001,-12.000000000000002,11.8336,16.34,17.543999999999997,37.12906666666666,64.0,56.0,96.0,202.66666666666663,1.0,2.0,2.0,4.0,4.0,8.0,12.0,22.666666666666668,0.5328999999999998,0.8322000000000002,1.1242,2.228933333333333,28.09,83.77768300000001,119.78,218.36,0.0,2.1299999999999994,1.7800000000000005,2.9666666666666672,0.0,9.0,4.0,6.666666666666667,0.0,0.0,0.0,0.0,0.0,0.0,-2.0,-3.333333333333333,0.0,0.3199999999999999,-0.08,-0.1333333333333334,0.0,-5.207110000000001,-12.000000000000002,-20.000000000000004,3454.13,1.22127,0.0,0.0,0.0,415.594,1203.18,985.191,0.0,0.0,0.0,306.589,0.08876,0.0726786,0.0,0.0,0.0,1236.58,0.358,0.293138,8.68561,3.14977,8.68561
DB1-Uio66Zr-irmof8_A_No19,0.15,112.543435,486.6785999999998,920.8192000000004,4251.559199999997,4714.176000000005,12084.0,33088.0,72384.0,91776.0,54.0,152.0,432.0,672.0,632.0,2336.0,4812.0,6360.0,38.9448,137.06480000000005,306.5663999999999,470.5872000000002,1.7689,36.60160000000001,26.493600000000004,105.06999999999996,1600.0,2560.0,7440.0,7360.0,1.0,8.0,10.0,24.0,64.0,176.0,368.0,464.0,2.3716000000000004,8.9936,15.369200000000005,27.22720000000001,0.0,-16.88,-6.619999999999998,-47.07999999999999,0.0,256.0,214.0,776.0,0.0,0.0,0.0,0.0,0.0,42.0,34.0,134.0,0.0,6.480000000000003,5.420000000000001,19.28,225.406,435.3209999999999,629.4483999999998,881.2863999999998,1078.0,1992.0,3160.0,4240.0,28.0,58.0,84.0,116.0,142.0,354.0,532.0,664.0,13.265199999999998,29.89860000000001,44.882000000000005,59.4196,11.8336,8.771999999999998,20.605599999999995,17.543999999999997,64.0,48.0,112.0,96.0,1.0,1.0,2.0,2.0,1.0,3.0,4.0,6.0,0.5328999999999998,0.5621,1.095,1.1242,28.09,59.88999999999999,87.98,119.78,0.0,0.8900000000000002,0.8900000000000002,1.7800000000000005,0.0,2.0,2.0,4.0,0.0,0.0,0.0,0.0,0.0,-2.0,-2.0,-4.0,0.0,-0.04,-0.04,-0.08,0.0,-6.000000000000001,-6.000000000000001,-12.000000000000002,11.8336,16.34,17.543999999999997,37.12906666666666,64.0,56.0,96.0,202.66666666666663,1.0,2.0,2.0,4.0,4.0,8.0,12.0,22.666666666666668,0.5328999999999998,0.8322000000000002,1.1242,2.228933333333333,28.09,83.77768300000001,119.78,218.36,0.0,2.1299999999999994,1.7800000000000005,2.9666666666666672,0.0,9.0,4.0,6.666666666666667,0.0,0.0,0.0,0.0,0.0,0.0,-2.0,-3.333333333333333,0.0,0.3199999999999999,-0.08,-0.1333333333333334,0.0,-5.207110000000001,-12.000000000000002,-20.000000000000004,3454.13,1.22127,0.0,0.0,0.0,415.594,1203.18,985.191,0.0,0.0,0.0,306.589,0.08876,0.0726786,0.0,0.0,0.0,1236.58,0.358,0.293138,8.68561,3.14977,8.68561
DB1-Uio66Zr-irmof6_A-irmof7_A_No132,0.015,301.84491,486.6785999999997,920.8191999999996,4251.559199999996,4714.176,12084.0,33088.0,72384.0,91776.0,54.0,152.0,432.0,672.0,632.0,2336.0,4812.0,6360.0,38.94480000000004,137.0648000000001,306.5664000000001,470.5872000000002,1.7689,36.60160000000001,26.493600000000004,105.06999999999996,1600.0,2560.0,7440.0,7360.0,1.0,8.0,10.0,24.0,64.0,176.0,368.0,464.0,2.3716000000000004,8.9936,15.369200000000005,27.22720000000001,0.0,-16.88,-6.619999999999998,-47.07999999999999,0.0,256.0,214.0,776.0,0.0,0.0,0.0,0.0,0.0,42.0,34.0,134.0,0.0,6.480000000000003,5.420000000000001,19.280000000000005,171.7301,346.958,540.3997333333333,652.1283666666668,734.0,1472.0,2183.333333333333,2569.6666666666665,24.33333333333333,50.66666666666666,80.66666666666667,98.0,134.66666666666666,340.3333333333333,470.0,558.6666666666666,10.478433333333331,24.74506666666668,36.48166666666668,43.80846666666668,11.8336,8.771999999999998,20.605599999999995,17.543999999999997,64.0,48.0,112.0,96.0,1.0,1.0,2.0,2.0,1.0,3.0,4.0,6.0,0.5328999999999998,0.5621,1.095,1.1242,28.09,59.88999999999999,87.98,119.78,0.0,0.8900000000000002,0.8900000000000002,1.7800000000000005,0.0,2.0,2.0,4.0,0.0,0.0,0.0,0.0,0.0,-2.0,-2.0,-4.0,0.0,-0.04,-0.04,-0.08,0.0,-6.000000000000001,-6.000000000000001,-12.000000000000002,9.2416,21.128,15.504,32.4976,49.0,56.0,84.0,175.0,1.0,3.0,2.0,4.0,9.0,15.0,18.0,36.0,0.5625,1.1325,1.155,2.295,54.76,150.325228,167.24,305.61999999999995,0.0,2.17,0.9800000000000004,1.4700000000000006,0.0,13.0,2.0,3.0,0.0,0.0,0.0,0.0,0.0,4.0,0.0,0.0,0.0,0.7400000000000001,-0.04,-0.06,0.0,1.8857800000000005,-7.8,-11.7,2283.85,1.47197,0.0,0.0,0.0,154.211,675.224,458.722,0.0,0.0,0.0,66.871,0.02928,0.0198917,0.0,0.0,0.0,501.304,0.2195,0.14912,6.35607,2.10665,6.35607
DB1-Uio66Zr-irmof6_A-irmof7_A_No132,0.15,249.83156,486.6785999999997,920.8191999999996,4251.559199999996,4714.176,12084.0,33088.0,72384.0,91776.0,54.0,152.0,432.0,672.0,632.0,2336.0,4812.0,6360.0,38.94480000000004,137.0648000000001,306.5664000000001,470.5872000000002,1.7689,36.60160000000001,26.493600000000004,105.06999999999996,1600.0,2560.0,7440.0,7360.0,1.0,8.0,10.0,24.0,64.0,176.0,368.0,464.0,2.3716000000000004,8.9936,15.369200000000005,27.22720000000001,0.0,-16.88,-6.619999999999998,-47.07999999999999,0.0,256.0,214.0,776.0,0.0,0.0,0.0,0.0,0.0,42.0,34.0,134.0,0.0,6.480000000000003,5.420000000000001,19.280000000000005,171.7301,346.958,540.3997333333333,652.1283666666668,734.0,1472.0,2183.333333333333,2569.6666666666665,24.33333333333333,50.66666666666666,80.66666666666667,98.0,134.66666666666666,340.3333333333333,470.0,558.6666666666666,10.478433333333331,24.74506666666668,36.48166666666668,43.80846666666668,11.8336,8.771999999999998,20.605599999999995,17.543999999999997,64.0,48.0,112.0,96.0,1.0,1.0,2.0,2.0,1.0,3.0,4.0,6.0,0.5328999999999998,0.5621,1.095,1.1242,28.09,59.88999999999999,87.98,119.78,0.0,0.8900000000000002,0.8900000000000002,1.7800000000000005,0.0,2.0,2.0,4.0,0.0,0.0,0.0,0.0,0.0,-2.0,-2.0,-4.0,0.0,-0.04,-0.04,-0.08,0.0,-6.000000000000001,-6.000000000000001,-12.000000000000002,9.2416,21.128,15.504,32.4976,49.0,56.0,84.0,175.0,1.0,3.0,2.0,4.0,9.0,15.0,18.0,36.0,0.5625,1.1325,1.155,2.295,54.76,150.325228,167.24,305.61999999999995,0.0,2.17,0.9800000000000004,1.4700000000000006,0.0,13.0,2.0,3.0,0.0,0.0,0.0,0.0,0.0,4.0,0.0,0.0,0.0,0.7400000000000001,-0.04,-0.06,0.0,1.8857800000000005,-7.8,-11.7,2283.85,1.47197,0.0,0.0,0.0,154.211,675.224,458.722,0.0,0.0,0.0,66.871,0.02928,0.0198917,0.0,0.0,0.0,501.304,0.2195,0.14912,6.35607,2.10665,6.35607
DB1-Uio66Zr-BDC_A-irmof6_A_No438,0.015,133.052495,486.6785999999997,920.8192000000006,4251.559199999997,4714.176000000003,12084.0,33088.0,72384.0,91776.0,54.0,152.0,432.0,672.0,632.0,2336.0,4812.0,6360.0,38.94480000000001,137.06480000000013,306.56640000000027,470.5872000000002,1.7689,36.60160000000001,26.493600000000004,105.06999999999998,1600.0,2560.0,7440.0,7360.0,1.0,8.0,10.0,24.0,64.0,176.0,368.0,464.0,2.3716000000000004,8.9936,15.369200000000005,27.22720000000001,0.0,-16.88,-6.619999999999998,-47.07999999999999,0.0,256.0,214.0,776.0,0.0,0.0,0.0,0.0,0.0,42.0,34.0,134.0,0.0,6.480000000000003,5.420000000000001,19.28,143.9331,266.7371666666666,399.74106666666654,491.6965333333333,763.0,1278.6666666666667,1940.6666666666667,2268.333333333333,18.33333333333333,37.0,54.66666666666666,68.33333333333333,92.33333333333331,225.3333333333333,308.0,330.3333333333333,8.8349,19.187833333333337,27.74066666666667,32.54323333333333,11.8336,8.771999999999998,20.605599999999995,17.543999999999997,64.0,48.0,112.0,96.0,1.0,1.0,2.0,2.0,1.0,3.0,4.0,6.0,0.5328999999999998,0.5621,1.095,1.1242,28.09,59.88999999999999,87.98,119.78,0.0,0.8900000000000002,0.8900000000000002,1.7800000000000005,0.0,2.0,2.0,4.0,0.0,0.0,0.0,0.0,0.0,-2.0,-2.0,-4.0,0.0,-0.04,-0.04,-0.08,0.0,-6.000000000000001,-6.000000000000001,-12.000000000000002,11.5256,14.959666666666667,17.305999999999997,33.92993333333334,101.5,63.66666666666666,114.0,225.8333333333333,1.0,1.8333333333333333,2.0,4.0,3.5,7.166666666666667,11.0,18.33333333333333,0.6074333333333333,0.82055,1.1909333333333334,2.1748333333333334,58.935,97.3114025,154.81,287.64806916666663,0.0,1.8766666666666665,1.6866666666666668,3.563333333333334,0.0,9.333333333333334,7.0,16.333333333333332,0.0,0.0,0.0,0.0,0.0,-0.3333333333333333,-2.333333333333333,-2.6666666666666665,0.0,0.3033333333333333,0.0066666666666665,0.3099999999999999,0.0,-3.789258333333334,-8.9,-12.689258333333337,2235.84,1.42521,0.0,0.0,0.0,202.115,903.977,634.277,0.0,0.0,0.0,102.133,0.04568,0.0320514,0.0,0.0,0.0,608.149,0.272,0.190849,7.31796,3.26953,7.31327
DB1-Uio66Zr-BDC_A-irmof6_A_No438,0.15,175.068465,486.6785999999997,920.8192000000006,4251.559199999997,4714.176000000003,12084.0,33088.0,72384.0,91776.0,54.0,152.0,432.0,672.0,632.0,2336.0,4812.0,6360.0,38.94480000000001,137.06480000000013,306.56640000000027,470.5872000000002,1.7689,36.60160000000001,26.493600000000004,105.06999999999998,1600.0,2560.0,7440.0,7360.0,1.0,8.0,10.0,24.0,64.0,176.0,368.0,464.0,2.3716000000000004,8.9936,15.369200000000005,27.22720000000001,0.0,-16.88,-6.619999999999998,-47.07999999999999,0.0,256.0,214.0,776.0,0.0,0.0,0.0,0.0,0.0,42.0,34.0,134.0,0.0,6.480000000000003,5.420000000000001,19.28,143.9331,266.7371666666666,399.74106666666654,491.6965333333333,763.0,1278.6666666666667,1940.6666666666667,2268.333333333333,18.33333333333333,37.0,54.66666666666666,68.33333333333333,92.33333333333331,225.3333333333333,308.0,330.3333333333333,8.8349,19.187833333333337,27.74066666666667,32.54323333333333,11.8336,8.771999999999998,20.605599999999995,17.543999999999997,64.0,48.0,112.0,96.0,1.0,1.0,2.0,2.0,1.0,3.0,4.0,6.0,0.5328999999999998,0.5621,1.095,1.1242,28.09,59.88999999999999,87.98,119.78,0.0,0.8900000000000002,0.8900000000000002,1.7800000000000005,0.0,2.0,2.0,4.0,0.0,0.0,0.0,0.0,0.0,-2.0,-2.0,-4.0,0.0,-0.04,-0.04,-0.08,0.0,-6.000000000000001,-6.000000000000001,-12.000000000000002,11.5256,14.959666666666667,17.305999999999997,33.92993333333334,101.5,63.66666666666666,114.0,225.8333333333333,1.0,1.8333333333333333,2.0,4.0,3.5,7.166666666666667,11.0,18.33333333333333,0.6074333333333333,0.82055,1.1909333333333334,2.1748333333333334,58.935,97.3114025,154.81,287.64806916666663,0.0,1.8766666666666665,1.6866666666666668,3.563333333333334,0.0,9.333333333333334,7.0,16.333333333333332,0.0,0.0,0.0,0.0,0.0,-0.3333333333333333,-2.333333333333333,-2.6666666666666665,0.0,0.3033333333333333,0.0066666666666665,0.3099999999999999,0.0,-3.789258333333334,-8.9,-12.689258333333337,2235.84,1.42521,0.0,0.0,0.0,202.115,903.977,634.277,0.0,0.0,0.0,102.133,0.04568,0.0320514,0.0,0.0,0.0,608.149,0.272,0.190849,7.31796,3.26953,7.31327
DB1-Uio66Zr-irmof10_A-irmof14_A_No183,0.015,3.518075,486.6785999999998,920.8191999999996,4251.559199999999,4714.176000000001,12084.0,33088.0,72384.0,91776.0,54.0,152.0,432.0,672.0,632.0,2336.0,4812.0,6360.0,38.94480000000004,137.06480000000013,306.56640000000016,470.5872000000002,1.7689,36.60160000000001,26.493600000000004,105.06999999999996,1600.0,2560.0,7440.0,7360.0,1.0,8.0,10.0,24.0,64.0,176.0,368.0,464.0,2.3716000000000004,8.9936,15.369200000000005,27.22720000000001,0.0,-16.88,-6.619999999999998,-47.07999999999999,0.0,256.0,214.0,776.0,0.0,0.0,0.0,0.0,0.0,42.0,34.0,134.0,0.0,6.480000000000003,5.420000000000001,19.280000000000005,199.35666666666663,391.54746666666665,621.9014666666667,781.8033333333333,1330.6666666666667,2050.6666666666665,3210.6666666666665,3776.6666666666665,27.33333333333333,57.333333333333336,90.0,116.66666666666669,147.33333333333334,368.0,532.6666666666666,596.6666666666666,13.825133333333332,30.544400000000007,46.510333333333335,56.275666666666666,11.8336,8.771999999999998,20.605599999999995,17.543999999999997,64.0,48.0,112.0,96.0,1.0,1.0,2.0,2.0,1.0,3.0,4.0,6.0,0.5328999999999998,0.5621,1.095,1.1242,28.09,59.88999999999999,87.98,119.78,0.0,0.8900000000000002,0.8900000000000002,1.7800000000000005,0.0,2.0,2.0,4.0,0.0,0.0,0.0,0.0,0.0,-2.0,-2.0,-4.0,0.0,-0.04,-0.04,-0.08,0.0,-6.000000000000001,-6.000000000000001,-12.000000000000002,10.1496,9.469577777777776,16.58084444444444,29.551222222222226,250.66666666666663,99.77777777777776,187.11111111111111,287.22222222222223,1.0,1.1111111111111112,2.0,3.777777777777778,1.4444444444444444,3.6666666666666665,6.444444444444444,10.666666666666666,0.9072111111111112,0.789,1.4563333333333333,2.4475777777777776,183.79666666666665,150.84444444444446,294.03333333333336,496.3849835555556,0.0,0.5355555555555559,1.1700000000000006,2.651111111111112,0.0,9.222222222222223,18.666666666666668,41.77777777777778,0.0,0.0,0.0,0.0,0.0,-1.6666666666666667,-3.555555555555556,-5.333333333333333,0.0,0.1822222222222222,0.3599999999999999,1.0755555555555556,0.0,2.533333333333332,4.399999999999998,14.83812444444444,4791.32,0.902177,874.712,1825.62,2023.57,0.0,0.0,0.0,749.937,0.15652,0.173492,0.0,0.0,0.0,2223.17,0.464,0.514312,0.0,0.0,0.0,10.06126,4.37138,10.06126
DB1-Uio66Zr-irmof10_A-irmof14_A_No183,0.15,32.494505,486.6785999999998,920.8191999999996,4251.559199999999,4714.176000000001,12084.0,33088.0,72384.0,91776.0,54.0,152.0,432.0,672.0,632.0,2336.0,4812.0,6360.0,38.94480000000004,137.06480000000013,306.56640000000016,470.5872000000002,1.7689,36.60160000000001,26.493600000000004,105.06999999999996,1600.0,2560.0,7440.0,7360.0,1.0,8.0,10.0,24.0,64.0,176.0,368.0,464.0,2.3716000000000004,8.9936,15.369200000000005,27.22720000000001,0.0,-16.88,-6.619999999999998,-47.07999999999999,0.0,256.0,214.0,776.0,0.0,0.0,0.0,0.0,0.0,42.0,34.0,134.0,0.0,6.480000000000003,5.420000000000001,19.280000000000005,199.35666666666663,391.54746666666665,621.9014666666667,781.8033333333333,1330.6666666666667,2050.6666666666665,3210.6666666666665,3776.6666666666665,27.33333333333333,57.333333333333336,90.0,116.66666666666669,147.33333333333334,368.0,532.6666666666666,596.6666666666666,13.825133333333332,30.544400000000007,46.510333333333335,56.275666666666666,11.8336,8.771999999999998,20.605599999999995,17.543999999999997,64.0,48.0,112.0,96.0,1.0,1.0,2.0,2.0,1.0,3.0,4.0,6.0,0.5328999999999998,0.5621,1.095,1.1242,28.09,59.88999999999999,87.98,119.78,0.0,0.8900000000000002,0.8900000000000002,1.7800000000000005,0.0,2.0,2.0,4.0,0.0,0.0,0.0,0.0,0.0,-2.0,-2.0,-4.0,0.0,-0.04,-0.04,-0.08,0.0,-6.000000000000001,-6.000000000000001,-12.000000000000002,10.1496,9.469577777777776,16.58084444444444,29.551222222222226,250.66666666666663,99.77777777777776,187.11111111111111,287.22222222222223,1.0,1.1111111111111112,2.0,3.777777777777778,1.4444444444444444,3.6666666666666665,6.444444444444444,10.666666666666666,0.9072111111111112,0.789,1.4563333333333333,2.4475777777777776,183.79666666666665,150.84444444444446,294.03333333333336,496.3849835555556,0.0,0.5355555555555559,1.1700000000000006,2.651111111111112,0.0,9.222222222222223,18.666666666666668,41.77777777777778,0.0,0.0,0.0,0.0,0.0,-1.6666666666666667,-3.555555555555556,-5.333333333333333,0.0,0.1822222222222222,0.3599999999999999,1.0755555555555556,0.0,2.533333333333332,4.399999999999998,14.83812444444444,4791.32,0.902177,874.712,1825.62,2023.57,0.0,0.0,0.0,749.937,0.15652,0.173492,0.0,0.0,0.0,2223.17,0.464,0.514312,0.0,0.0,0.0,10.06126,4.37138,10.06126
DB1-Uio66Zr-BDC_A-irmof6_A_No191,0.015,252.07461,486.6785999999997,920.8192000000006,4251.559199999997,4714.176000000003,12084.0,33088.0,72384.0,91776.0,54.0,152.0,432.0,672.0,632.0,2336.0,4812.0,6360.0,38.94480000000001,137.06480000000013,306.56640000000027,470.5872000000002,1.7689,36.60160000000001,26.493600000000004,105.06999999999998,1600.0,2560.0,7440.0,7360.0,1.0,8.0,10.0,24.0,64.0,176.0,368.0,464.0,2.3716000000000004,8.9936,15.369200000000005,27.22720000000001,0.0,-16.88,-6.619999999999998,-47.07999999999999,0.0,256.0,214.0,776.0,0.0,0.0,0.0,0.0,0.0,42.0,34.0,134.0,0.0,6.480000000000003,5.420000000000001,19.28,141.6195,249.2351666666666,393.31506666666655,480.8953333333332,1531.0,1704.6666666666667,2822.6666666666665,4425.333333333333,16.833333333333332,34.0,51.66666666666666,62.333333333333336,86.33333333333333,210.3333333333333,281.0,282.3333333333333,10.56515,20.41033333333333,30.951566666666665,39.06223333333333,11.8336,8.771999999999998,20.605599999999995,17.543999999999997,64.0,48.0,112.0,96.0,1.0,1.0,2.0,2.0,1.0,3.0,4.0,6.0,0.5328999999999998,0.5621,1.095,1.1242,28.09,59.88999999999999,87.98,119.78,0.0,0.8900000000000002,0.8900000000000002,1.7800000000000005,0.0,2.0,2.0,4.0,0.0,0.0,0.0,0.0,0.0,-2.0,-2.0,-4.0,0.0,-0.04,-0.04,-0.08,0.0,-6.000000000000001,-6.000000000000001,-12.000000000000002,10.293600000000003,9.438333333333334,16.354,34.11366666666667,251.5,94.33333333333331,186.0,521.1666666666666,1.0,1.1666666666666667,2.0,4.0,1.5,3.8333333333333335,7.0,11.666666666666666,0.9055666666666669,0.7739499999999998,1.4578666666666666,3.048566666666666,182.315,151.44628050000003,294.93,624.0096138333333,0.0,0.8633333333333336,1.313333333333334,2.176666666666668,0.0,10.666666666666666,19.0,29.666666666666668,0.0,0.0,0.0,0.0,0.0,-1.6666666666666667,-3.6666666666666665,-5.333333333333333,0.0,0.2366666666666666,0.3533333333333333,0.59,0.0,1.882148333333332,3.499999999999998,5.38214833333333,2235.84,1.77874,0.0,0.0,0.0,168.756,754.776,424.331,0.0,0.0,0.0,86.7507,0.0388,0.0218131,0.0,0.0,0.0,545.546,0.244,0.137175,7.31796,2.71718,7.18223
DB1-Uio66Zr-BDC_A-irmof6_A_No191,0.15,163.84452,486.6785999999997,920.8192000000006,4251.559199999997,4714.176000000003,12084.0,33088.0,72384.0,91776.0,54.0,152.0,432.0,672.0,632.0,2336.0,4812.0,6360.0,38.94480000000001,137.06480000000013,306.56640000000027,470.5872000000002,1.7689,36.60160000000001,26.493600000000004,105.06999999999998,1600.0,2560.0,7440.0,7360.0,1.0,8.0,10.0,24.0,64.0,176.0,368.0,464.0,2.3716000000000004,8.9936,15.369200000000005,27.22720000000001,0.0,-16.88,-6.619999999999998,-47.07999999999999,0.0,256.0,214.0,776.0,0.0,0.0,0.0,0.0,0.0,42.0,34.0,134.0,0.0,6.480000000000003,5.420000000000001,19.28,141.6195,249.2351666666666,393.31506666666655,480.8953333333332,1531.0,1704.6666666666667,2822.6666666666665,4425.333333333333,16.833333333333332,34.0,51.66666666666666,62.333333333333336,86.33333333333333,210.3333333333333,281.0,282.3333333333333,10.56515,20.41033333333333,30.951566666666665,39.06223333333333,11.8336,8.771999999999998,20.605599999999995,17.543999999999997,64.0,48.0,112.0,96.0,1.0,1.0,2.0,2.0,1.0,3.0,4.0,6.0,0.5328999999999998,0.5621,1.095,1.1242,28.09,59.88999999999999,87.98,119.78,0.0,0.8900000000000002,0.8900000000000002,1.7800000000000005,0.0,2.0,2.0,4.0,0.0,0.0,0.0,0.0,0.0,-2.0,-2.0,-4.0,0.0,-0.04,-0.04,-0.08,0.0,-6.000000000000001,-6.000000000000001,-12.000000000000002,10.293600000000003,9.438333333333334,16.354,34.11366666666667,251.5,94.33333333333331,186.0,521.1666666666666,1.0,1.1666666666666667,2.0,4.0,1.5,3.8333333333333335,7.0,11.666666666666666,0.9055666666666669,0.7739499999999998,1.4578666666666666,3.048566666666666,182.315,151.44628050000003,294.93,624.0096138333333,0.0,0.8633333333333336,1.313333333333334,2.176666666666668,0.0,10.666666666666666,19.0,29.666666666666668,0.0,0.0,0.0,0.0,0.0,-1.6666666666666667,-3.6666666666666665,-5.333333333333333,0.0,0.2366666666666666,0.3533333333333333,0.59,0.0,1.882148333333332,3.499999999999998,5.38214833333333,2235.84,1.77874,0.0,0.0,0.0,168.756,754.776,424.331,0.0,0.0,0.0,86.7507,0.0388,0.0218131,0.0,0.0,0.0,545.546,0.244,0.137175,7.31796,2.71718,7.18223
DB1-Uio66Zr-BDC_A-irmof6_A_No337,0.015,121.93339,486.6785999999997,920.8192000000006,4251.559199999997,4714.176000000003,12084.0,33088.0,72384.0,91776.0,54.0,152.0,432.0,672.0,632.0,2336.0,4812.0,6360.0,38.94480000000001,137.06480000000013,306.56640000000027,470.5872000000002,1.7689,36.60160000000001,26.493600000000004,105.06999999999998,1600.0,2560.0,7440.0,7360.0,1.0,8.0,10.0,24.0,64.0,176.0,368.0,464.0,2.3716000000000004,8.9936,15.369200000000005,27.22720000000001,0.0,-16.88,-6.619999999999998,-47.07999999999999,0.0,256.0,214.0,776.0,0.0,0.0,0.0,0.0,0.0,42.0,34.0,134.0,0.0,6.480000000000003,5.420000000000001,19.28,135.5371,256.49383333333327,393.18773333333326,463.3452,1010.0,1267.3333333333333,1926.3333333333333,2543.0,18.33333333333333,37.0,56.333333333333336,68.33333333333333,94.0,228.66666666666663,309.6666666666667,330.3333333333333,8.636066666666666,18.85316666666667,27.25016666666667,31.362066666666664,11.8336,8.771999999999998,20.605599999999995,17.543999999999997,64.0,48.0,112.0,96.0,1.0,1.0,2.0,2.0,1.0,3.0,4.0,6.0,0.5328999999999998,0.5621,1.095,1.1242,28.09,59.88999999999999,87.98,119.78,0.0,0.8900000000000002,0.8900000000000002,1.7800000000000005,0.0,2.0,2.0,4.0,0.0,0.0,0.0,0.0,0.0,-2.0,-2.0,-4.0,0.0,-0.04,-0.04,-0.08,0.0,-6.000000000000001,-6.000000000000001,-12.000000000000002,9.1616,18.86466666666667,15.436,30.187600000000003,245.0,81.66666666666667,140.0,420.0,1.0,2.6666666666666665,2.0,4.0,7.666666666666667,13.0,16.0,26.666666666666668,0.68535,1.0900499999999995,1.2551,2.3305,119.13333333333333,164.82102333333336,218.46666666666667,428.993845,0.0,1.8766666666666667,0.9533333333333336,2.1300000000000003,0.0,15.666666666666666,11.333333333333334,22.0,0.0,0.0,0.0,0.0,0.0,3.0,-0.6666666666666666,0.6666666666666666,0.0,0.6783333333333333,0.0899999999999999,0.4516666666666666,0.0,3.1881500000000003,-3.2666666666666675,-2.489258333333335,2235.84,1.42817,0.0,0.0,0.0,209.224,935.774,655.226,0.0,0.0,0.0,104.637,0.0468,0.0327692,0.0,0.0,0.0,632.744,0.283,0.198156,7.31796,3.52783,7.30984
DB1-Uio66Zr-BDC_A-irmof6_A_No337,0.15,175.865345,486.6785999999997,920.8192000000006,4251.559199999997,4714.176000000003,12084.0,33088.0,72384.0,91776.0,54.0,152.0,432.0,672.0,632.0,2336.0,4812.0,6360.0,38.94480000000001,137.06480000000013,306.56640000000027,470.5872000000002,1.7689,36.60160000000001,26.493600000000004,105.06999999999998,1600.0,2560.0,7440.0,7360.0,1.0,8.0,10.0,24.0,64.0,176.0,368.0,464.0,2.3716000000000004,8.9936,15.369200000000005,27.22720000000001,0.0,-16.88,-6.619999999999998,-47.07999999999999,0.0,256.0,214.0,776.0,0.0,0.0,0.0,0.0,0.0,42.0,34.0,134.0,0.0,6.480000000000003,5.420000000000001,19.28,135.5371,256.49383333333327,393.18773333333326,463.3452,1010.0,1267.3333333333333,1926.3333333333333,2543.0,18.33333333333333,37.0,56.333333333333336,68.33333333333333,94.0,228.66666666666663,309.6666666666667,330.3333333333333,8.636066666666666,18.85316666666667,27.25016666666667,31.362066666666664,11.8336,8.771999999999998,20.605599999999995,17.543999999999997,64.0,48.0,112.0,96.0,1.0,1.0,2.0,2.0,1.0,3.0,4.0,6.0,0.5328999999999998,0.5621,1.095,1.1242,28.09,59.88999999999999,87.98,119.78,0.0,0.8900000000000002,0.8900000000000002,1.7800000000000005,0.0,2.0,2.0,4.0,0.0,0.0,0.0,0.0,0.0,-2.0,-2.0,-4.0,0.0,-0.04,-0.04,-0.08,0.0,-6.000000000000001,-6.000000000000001,-12.000000000000002,9.1616,18.86466666666667,15.436,30.187600000000003,245.0,81.66666666666667,140.0,420.0,1.0,2.6666666666666665,2.0,4.0,7.666666666666667,13.0,16.0,26.666666666666668,0.68535,1.0900499999999995,1.2551,2.3305,119.13333333333333,164.82102333333336,218.46666666666667,428.993845,0.0,1.8766666666666667,0.9533333333333336,2.1300000000000003,0.0,15.666666666666666,11.333333333333334,22.0,0.0,0.0,0.0,0.0,0.0,3.0,-0.6666666666666666,0.6666666666666666,0.0,0.6783333333333333,0.0899999999999999,0.4516666666666666,0.0,3.1881500000000003,-3.2666666666666675,-2.489258333333335,2235.84,1.42817,0.0,0.0,0.0,209.224,935.774,655.226,0.0,0.0,0.0,104.637,0.0468,0.0327692,0.0,0.0,0.0,632.744,0.283,0.198156,7.31796,3.52783,7.30984
DB1-Uio66Zr-irmof20_A-imdb_No3,0.015,14.982425,486.6785999999997,920.8192000000006,4251.559199999997,4714.176000000003,12084.0,33088.0,72384.0,91776.0,54.0,152.0,432.0,672.0,632.0,2336.0,4812.0,6360.0,38.94480000000001,137.06480000000013,306.56640000000027,470.5872000000002,1.7688999999999997,36.60160000000001,26.49360000000001,105.06999999999996,1600.0,2560.0,7440.0,7360.0,1.0,8.0,10.0,24.0,64.0,176.0,368.0,464.0,2.3716000000000004,8.9936,15.369200000000005,27.22720000000002,0.0,-16.88,-6.62,-47.07999999999999,0.0,256.0,214.0,776.0,0.0,0.0,0.0,0.0,0.0,42.0,34.0,134.0,0.0,6.480000000000003,5.420000000000001,19.28,130.19039999999998,244.03499999999988,387.1984,393.3198,3506.0,2496.0,4432.0,8968.0,16.0,34.0,52.0,52.0,86.0,210.0,292.0,238.0,11.5548,22.591800000000003,35.7036,40.3014,11.833599999999995,8.771999999999995,20.60559999999999,17.647199999999998,64.0,48.0,112.0,176.0,1.0,1.0,2.0,2.0,1.0,3.0,4.0,5.0,0.5328999999999998,0.5621000000000003,1.095,1.3066999999999998,28.09,59.89000000000001,87.98,162.71,0.0,0.8900000000000003,0.8900000000000003,1.75,0.0,2.0,2.0,-6.0,0.0,0.0,0.0,0.0,0.0,-2.0,-2.0,-3.0,0.0,-0.04,-0.04,-0.33,0.0,-6.000000000000001,-6.000000000000001,-20.100000000000005,7.709000000000001,10.353000000000002,20.706000000000003,38.31449999999999,740.5,201.0,402.0,1634.0,1.0,1.5,3.0,5.0,2.5,7.5,15.0,14.0,1.1700000000000004,1.2242999999999995,2.4485999999999994,4.8609,408.68000000000006,337.86999999999995,675.7399999999999,1452.7099999999994,0.0,0.2350000000000003,0.4700000000000006,-0.4349999999999996,0.0,24.5,49.0,42.0,0.0,0.0,0.0,0.0,0.0,-2.0,-4.0,-1.5,0.0,0.4349999999999999,0.8699999999999998,0.785,0.0,12.949999999999994,25.899999999999988,27.850000000000005,6327.81,1.56586,786.684,1243.22,793.951,0.0,0.0,0.0,516.729,0.08166,0.0521502,0.0,0.0,0.0,1990.1,0.3145,0.200848,0.0,0.0,0.0,8.34579,3.81441,8.34579
DB1-Uio66Zr-irmof20_A-imdb_No3,0.15,81.08929,486.6785999999997,920.8192000000006,4251.559199999997,4714.176000000003,12084.0,33088.0,72384.0,91776.0,54.0,152.0,432.0,672.0,632.0,2336.0,4812.0,6360.0,38.94480000000001,137.06480000000013,306.56640000000027,470.5872000000002,1.7688999999999997,36.60160000000001,26.49360000000001,105.06999999999996,1600.0,2560.0,7440.0,7360.0,1.0,8.0,10.0,24.0,64.0,176.0,368.0,464.0,2.3716000000000004,8.9936,15.369200000000005,27.22720000000002,0.0,-16.88,-6.62,-47.07999999999999,0.0,256.0,214.0,776.0,0.0,0.0,0.0,0.0,0.0,42.0,34.0,134.0,0.0,6.480000000000003,5.420000000000001,19.28,130.19039999999998,244.03499999999988,387.1984,393.3198,3506.0,2496.0,4432.0,8968.0,16.0,34.0,52.0,52.0,86.0,210.0,292.0,238.0,11.5548,22.591800000000003,35.7036,40.3014,11.833599999999995,8.771999999999995,20.60559999999999,17.647199999999998,64.0,48.0,112.0,176.0,1.0,1.0,2.0,2.0,1.0,3.0,4.0,5.0,0.5328999999999998,0.5621000000000003,1.095,1.3066999999999998,28.09,59.89000000000001,87.98,162.71,0.0,0.8900000000000003,0.8900000000000003,1.75,0.0,2.0,2.0,-6.0,0.0,0.0,0.0,0.0,0.0,-2.0,-2.0,-3.0,0.0,-0.04,-0.04,-0.33,0.0,-6.000000000000001,-6.000000000000001,-20.100000000000005,7.709000000000001,10.353000000000002,20.706000000000003,38.31449999999999,740.5,201.0,402.0,1634.0,1.0,1.5,3.0,5.0,2.5,7.5,15.0,14.0,1.1700000000000004,1.2242999999999995,2.4485999999999994,4.8609,408.68000000000006,337.86999999999995,675.7399999999999,1452.7099999999994,0.0,0.2350000000000003,0.4700000000000006,-0.4349999999999996,0.0,24.5,49.0,42.0,0.0,0.0,0.0,0.0,0.0,-2.0,-4.0,-1.5,0.0,0.4349999999999999,0.8699999999999998,0.785,0.0,12.949999999999994,25.899999999999988,27.850000000000005,6327.81,1.56586,786.684,1243.22,793.951,0.0,0.0,0.0,516.729,0.08166,0.0521502,0.0,0.0,0.0,1990.1,0.3145,0.200848,0.0,0.0,0.0,8.34579,3.81441,8.34579
DB1-Uio66Zr-irmof20_A-imdb_No19,0.015,8.403495,486.6785999999997,920.8192000000004,4251.559199999997,4714.176000000003,12084.0,33088.0,72384.0,91776.0,54.0,152.0,432.0,672.0,632.0,2336.0,4812.0,6360.0,38.944800000000015,137.0648000000001,306.56640000000016,470.5872000000002,1.7688999999999997,36.60160000000001,26.49360000000001,105.06999999999996,1600.0,2560.0,7440.0,7360.0,1.0,8.0,10.0,24.0,64.0,176.0,368.0,464.0,2.3716000000000004,8.9936,15.369200000000005,27.22720000000001,0.0,-16.88,-6.62,-47.07999999999999,0.0,256.0,214.0,776.0,0.0,0.0,0.0,0.0,0.0,42.0,34.0,134.0,0.0,6.480000000000003,5.420000000000001,19.280000000000005,146.0144,279.203,419.4303999999999,457.89900000000006,1186.0,1880.0,3160.0,4264.0,18.0,38.0,56.0,60.0,94.0,230.0,328.0,302.0,10.2952,22.4094,34.3176,36.70940000000001,11.833599999999995,8.771999999999995,20.60559999999999,17.647199999999998,64.0,48.0,112.0,176.0,1.0,1.0,2.0,2.0,1.0,3.0,4.0,5.0,0.5328999999999998,0.5621000000000003,1.095,1.3066999999999998,28.09,59.89000000000001,87.98,162.71,0.0,0.8900000000000003,0.8900000000000003,1.75,0.0,2.0,2.0,-6.0,0.0,0.0,0.0,0.0,0.0,-2.0,-2.0,-3.0,0.0,-0.04,-0.04,-0.33,0.0,-6.000000000000001,-6.000000000000001,-20.100000000000005,9.245,14.749,21.930000000000003,42.01530000000001,160.0,124.0,240.0,608.0,1.0,2.0,3.0,5.0,4.0,10.0,18.0,21.0,0.78665,1.2014999999999998,2.1329,3.708799999999999,202.225,261.10884150000004,498.33,666.1399999999996,0.0,1.0950000000000002,0.9500000000000008,0.0450000000000003,0.0,14.5,22.0,15.0,0.0,0.0,0.0,0.0,0.0,-1.0,-3.0,-0.5,0.0,0.41,0.4599999999999999,0.375,0.0,5.496444999999996,10.199999999999992,12.15,6327.81,1.16973,944.666,1492.88,1276.26,0.0,0.0,0.0,606.964,0.09592,0.0820016,0.0,0.0,0.0,2306.49,0.3645,0.31161,0.0,0.0,0.0,8.34579,3.97657,8.33537
DB1-Uio66Zr-irmof20_A-imdb_No19,0.15,68.87275,486.6785999999997,920.8192000000004,4251.559199999997,4714.176000000003,12084.0,33088.0,72384.0,91776.0,54.0,152.0,432.0,672.0,632.0,2336.0,4812.0,6360.0,38.944800000000015,137.0648000000001,306.56640000000016,470.5872000000002,1.7688999999999997,36.60160000000001,26.49360000000001,105.06999999999996,1600.0,2560.0,7440.0,7360.0,1.0,8.0,10.0,24.0,64.0,176.0,368.0,464.0,2.3716000000000004,8.9936,15.369200000000005,27.22720000000001,0.0,-16.88,-6.62,-47.07999999999999,0.0,256.0,214.0,776.0,0.0,0.0,0.0,0.0,0.0,42.0,34.0,134.0,0.0,6.480000000000003,5.420000000000001,19.280000000000005,146.0144,279.203,419.4303999999999,457.89900000000006,1186.0,1880.0,3160.0,4264.0,18.0,38.0,56.0,60.0,94.0,230.0,328.0,302.0,10.2952,22.4094,34.3176,36.70940000000001,11.833599999999995,8.771999999999995,20.60559999999999,17.647199999999998,64.0,48.0,112.0,176.0,1.0,1.0,2.0,2.0,1.0,3.0,4.0,5.0,0.5328999999999998,0.5621000000000003,1.095,1.3066999999999998,28.09,59.89000000000001,87.98,162.71,0.0,0.8900000000000003,0.8900000000000003,1.75,0.0,2.0,2.0,-6.0,0.0,0.0,0.0,0.0,0.0,-2.0,-2.0,-3.0,0.0,-0.04,-0.04,-0.33,0.0,-6.000000000000001,-6.000000000000001,-20.100000000000005,9.245,14.749,21.930000000000003,42.01530000000001,160.0,124.0,240.0,608.0,1.0,2.0,3.0,5.0,4.0,10.0,18.0,21.0,0.78665,1.2014999999999998,2.1329,3.708799999999999,202.225,261.10884150000004,498.33,666.1399999999996,0.0,1.0950000000000002,0.9500000000000008,0.0450000000000003,0.0,14.5,22.0,15.0,0.0,0.0,0.0,0.0,0.0,-1.0,-3.0,-0.5,0.0,0.41,0.4599999999999999,0.375,0.0,5.496444999999996,10.199999999999992,12.15,6327.81,1.16973,944.666,1492.88,1276.26,0.0,0.0,0.0,606.964,0.09592,0.0820016,0.0,0.0,0.0,2306.49,0.3645,0.31161,0.0,0.0,0.0,8.34579,3.97657,8.33537
DB1-Uio66Zr-BDC_A-irmof6_A_No374,0.015,283.05888,486.6785999999998,920.8192,4251.559199999997,4714.176000000001,12084.0,33088.0,72384.0,91776.0,54.0,152.0,432.0,672.0,632.0,2336.0,4812.0,6360.0,38.94480000000004,137.06480000000008,306.5664,470.5872000000002,1.7689,36.60160000000001,26.493600000000004,105.06999999999996,1600.0,2560.0,7440.0,7360.0,1.0,8.0,10.0,24.0,64.0,176.0,368.0,464.0,2.3716000000000004,8.9936,15.369200000000005,27.22720000000001,0.0,-16.88,-6.619999999999998,-47.07999999999999,0.0,256.0,214.0,776.0,0.0,0.0,0.0,0.0,0.0,42.0,34.0,134.0,0.0,6.480000000000003,5.420000000000001,19.280000000000005,174.1277666666667,343.13716666666664,505.8864,634.7952000000001,743.6666666666666,1414.6666666666667,2136.0,2641.0,24.0,48.333333333333336,73.33333333333333,91.0,122.33333333333331,296.6666666666667,417.3333333333333,526.3333333333334,10.230133333333333,23.260966666666672,33.78040000000001,42.54683333333335,11.8336,8.771999999999998,20.605599999999995,17.543999999999997,64.0,48.0,112.0,96.0,1.0,1.0,2.0,2.0,1.0,3.0,4.0,6.0,0.5328999999999998,0.5621,1.095,1.1242,28.09,59.88999999999999,87.98,119.78,0.0,0.8900000000000002,0.8900000000000002,1.7800000000000005,0.0,2.0,2.0,4.0,0.0,0.0,0.0,0.0,0.0,-2.0,-2.0,-4.0,0.0,-0.04,-0.04,-0.08,0.0,-6.000000000000001,-6.000000000000001,-12.000000000000002,9.2416,21.128,15.504,32.4976,49.0,56.0,84.0,175.0,1.0,3.0,2.0,4.0,9.0,15.0,18.0,36.0,0.5625,1.1325,1.155,2.295,54.76,150.325228,167.24,305.61999999999995,0.0,2.17,0.9800000000000004,1.4700000000000006,0.0,13.0,2.0,3.0,0.0,0.0,0.0,0.0,0.0,4.0,0.0,0.0,0.0,0.7400000000000001,-0.04,-0.06,0.0,1.8857800000000005,-7.8,-11.7,2235.84,1.50056,0.0,0.0,0.0,166.407,744.268,495.995,0.0,0.0,0.0,86.1247,0.03852,0.0256705,0.0,0.0,0.0,543.31,0.243,0.16194,7.31796,2.01589,7.31327
DB1-Uio66Zr-BDC_A-irmof6_A_No374,0.15,257.83199,486.6785999999998,920.8192,4251.559199999997,4714.176000000001,12084.0,33088.0,72384.0,91776.0,54.0,152.0,432.0,672.0,632.0,2336.0,4812.0,6360.0,38.94480000000004,137.06480000000008,306.5664,470.5872000000002,1.7689,36.60160000000001,26.493600000000004,105.06999999999996,1600.0,2560.0,7440.0,7360.0,1.0,8.0,10.0,24.0,64.0,176.0,368.0,464.0,2.3716000000000004,8.9936,15.369200000000005,27.22720000000001,0.0,-16.88,-6.619999999999998,-47.07999999999999,0.0,256.0,214.0,776.0,0.0,0.0,0.0,0.0,0.0,42.0,34.0,134.0,0.0,6.480000000000003,5.420000000000001,19.280000000000005,174.1277666666667,343.13716666666664,505.8864,634.7952000000001,743.6666666666666,1414.6666666666667,2136.0,2641.0,24.0,48.333333333333336,73.33333333333333,91.0,122.33333333333331,296.6666666666667,417.3333333333333,526.3333333333334,10.230133333333333,23.260966666666672,33.78040000000001,42.54683333333335,11.8336,8.771999999999998,20.605599999999995,17.543999999999997,64.0,48.0,112.0,96.0,1.0,1.0,2.0,2.0,1.0,3.0,4.0,6.0,0.5328999999999998,0.5621,1.095,1.1242,28.09,59.88999999999999,87.98,119.78,0.0,0.8900000000000002,0.8900000000000002,1.7800000000000005,0.0,2.0,2.0,4.0,0.0,0.0,0.0,0.0,0.0,-2.0,-2.0,-4.0,0.0,-0.04,-0.04,-0.08,0.0,-6.000000000000001,-6.000000000000001,-12.000000000000002,9.2416,21.128,15.504,32.4976,49.0,56.0,84.0,175.0,1.0,3.0,2.0,4.0,9.0,15.0,18.0,36.0,0.5625,1.1325,1.155,2.295,54.76,150.325228,167.24,305.61999999999995,0.0,2.17,0.9800000000000004,1.4700000000000006,0.0,13.0,2.0,3.0,0.0,0.0,0.0,0.0,0.0,4.0,0.0,0.0,0.0,0.7400000000000001,-0.04,-0.06,0.0,1.8857800000000005,-7.8,-11.7,2235.84,1.50056,0.0,0.0,0.0,166.407,744.268,495.995,0.0,0.0,0.0,86.1247,0.03852,0.0256705,0.0,0.0,0.0,543.31,0.243,0.16194,7.31796,2.01589,7.31327
DB1-Uio66Zr-irmof20_A_No7,0.015,8.459855,486.6785999999997,920.8192000000006,4251.559199999997,4714.176000000003,12084.0,33088.0,72384.0,91776.0,54.0,152.0,432.0,672.0,632.0,2336.0,4812.0,6360.0,38.94480000000001,137.06480000000013,306.56640000000027,470.5872000000002,1.7689,36.60160000000001,26.493600000000004,105.06999999999998,1600.0,2560.0,7440.0,7360.0,1.0,8.0,10.0,24.0,64.0,176.0,368.0,464.0,2.3716000000000004,8.9936,15.369200000000005,27.22720000000001,0.0,-16.88,-6.619999999999998,-47.07999999999999,0.0,256.0,214.0,776.0,0.0,0.0,0.0,0.0,0.0,42.0,34.0,134.0,0.0,6.480000000000003,5.420000000000001,19.28,132.63840000000002,246.075,391.2783999999999,401.5277999999999,1634.0,2064.0,3568.0,5800.0,16.0,34.0,52.0,52.0,86.0,210.0,292.0,238.0,10.915800000000004,22.1298,34.779599999999995,38.153400000000005,11.8336,8.771999999999998,20.605599999999995,17.647199999999998,64.0,48.0,112.0,176.0,1.0,1.0,2.0,2.0,1.0,3.0,4.0,5.0,0.5328999999999998,0.5621,1.095,1.3067000000000002,28.09,59.88999999999999,87.98,162.71,0.0,0.8900000000000002,0.8900000000000002,1.75,0.0,2.0,2.0,-6.0,0.0,0.0,0.0,0.0,0.0,-2.0,-2.0,-3.0,0.0,-0.04,-0.04,-0.33,0.0,-6.000000000000001,-6.000000000000001,-20.1,8.321,10.608,21.216,39.85649999999999,272.5,147.0,294.0,950.0,1.0,1.5,3.0,5.0,2.5,7.5,15.0,14.0,1.01025,1.16655,2.3331,4.4394,294.76,301.71000000000004,603.4200000000001,1132.07,0.0,0.3350000000000004,0.6700000000000008,-0.2349999999999994,0.0,15.5,31.0,24.0,0.0,0.0,0.0,0.0,0.0,-2.0,-4.0,-1.5,0.0,0.3599999999999999,0.7199999999999999,0.6349999999999999,0.0,9.749999999999998,19.5,21.449999999999992,3163.9,1.28591,433.216,1369.25,1064.81,0.0,0.0,0.0,296.267,0.09364,0.07282,0.0,0.0,0.0,1169.06,0.3695,0.287345,0.0,0.0,0.0,8.33703,3.96178,8.20495
DB1-Uio66Zr-irmof20_A_No7,0.15,66.423835,486.6785999999997,920.8192000000006,4251.559199999997,4714.176000000003,12084.0,33088.0,72384.0,91776.0,54.0,152.0,432.0,672.0,632.0,2336.0,4812.0,6360.0,38.94480000000001,137.06480000000013,306.56640000000027,470.5872000000002,1.7689,36.60160000000001,26.493600000000004,105.06999999999998,1600.0,2560.0,7440.0,7360.0,1.0,8.0,10.0,24.0,64.0,176.0,368.0,464.0,2.3716000000000004,8.9936,15.369200000000005,27.22720000000001,0.0,-16.88,-6.619999999999998,-47.07999999999999,0.0,256.0,214.0,776.0,0.0,0.0,0.0,0.0,0.0,42.0,34.0,134.0,0.0,6.480000000000003,5.420000000000001,19.28,132.63840000000002,246.075,391.2783999999999,401.5277999999999,1634.0,2064.0,3568.0,5800.0,16.0,34.0,52.0,52.0,86.0,210.0,292.0,238.0,10.915800000000004,22.1298,34.779599999999995,38.153400000000005,11.8336,8.771999999999998,20.605599999999995,17.647199999999998,64.0,48.0,112.0,176.0,1.0,1.0,2.0,2.0,1.0,3.0,4.0,5.0,0.5328999999999998,0.5621,1.095,1.3067000000000002,28.09,59.88999999999999,87.98,162.71,0.0,0.8900000000000002,0.8900000000000002,1.75,0.0,2.0,2.0,-6.0,0.0,0.0,0.0,0.0,0.0,-2.0,-2.0,-3.0,0.0,-0.04,-0.04,-0.33,0.0,-6.000000000000001,-6.000000000000001,-20.1,8.321,10.608,21.216,39.85649999999999,272.5,147.0,294.0,950.0,1.0,1.5,3.0,5.0,2.5,7.5,15.0,14.0,1.01025,1.16655,2.3331,4.4394,294.76,301.71000000000004,603.4200000000001,1132.07,0.0,0.3350000000000004,0.6700000000000008,-0.2349999999999994,0.0,15.5,31.0,24.0,0.0,0.0,0.0,0.0,0.0,-2.0,-4.0,-1.5,0.0,0.3599999999999999,0.7199999999999999,0.6349999999999999,0.0,9.749999999999998,19.5,21.449999999999992,3163.9,1.28591,433.216,1369.25,1064.81,0.0,0.0,0.0,296.267,0.09364,0.07282,0.0,0.0,0.0,1169.06,0.3695,0.287345,0.0,0.0,0.0,8.33703,3.96178,8.20495
DB12-acs.jpcc.6b08594_UiO66_Ce2Zr4_opt_clean,0.015,13.43936,485.6495999999996,897.7023999999998,4234.826399999999,4656.384000000001,15612.0,37696.0,85776.0,103296.0,54.0,152.0,432.0,672.0,632.0,2336.0,4812.0,6360.0,39.51540000000004,139.16720000000004,310.15919999999994,475.84320000000014,1.5974000000000002,34.67520000000001,24.7268,99.54,2188.0,2944.0,9516.0,8464.0,1.0,8.0,10.0,24.0,64.0,176.0,368.0,464.0,2.4667,9.1688,15.8534,27.75760000000001,0.0,-17.439999999999998,-7.039999999999999,-48.75999999999999,0.0,304.0,250.0,920.0,0.0,0.0,0.0,0.0,0.0,42.0,34.0,134.0,0.0,6.720000000000002,5.6000000000000005,20.0,118.7144,219.096,337.3204,385.387,548.0,1008.0,1456.0,1420.0,16.0,32.0,48.0,58.0,80.0,192.0,256.0,250.0,7.422399999999999,16.262400000000003,23.0448,24.6794,11.8336,8.771999999999998,20.605599999999995,17.543999999999997,64.0,48.0,112.0,96.0,1.0,1.0,2.0,2.0,1.0,3.0,4.0,6.0,0.5328999999999998,0.5621,1.095,1.1242,28.09,59.88999999999999,87.98,119.78,0.0,0.8900000000000002,0.8900000000000002,1.7800000000000005,0.0,2.0,2.0,4.0,0.0,0.0,0.0,0.0,0.0,-2.0,-2.0,-4.0,0.0,-0.04,-0.04,-0.08,0.0,-6.000000000000001,-6.000000000000001,-12.000000000000002,0.0,0.0,0.0,0.0,0.0,0.0,0.0,0.0,0.0,0.0,0.0,0.0,0.0,0.0,0.0,0.0,0.0,0.0,0.0,0.0,0.0,0.0,0.0,0.0,0.0,0.0,0.0,0.0,0.0,0.0,0.0,0.0,0.0,0.0,0.0,0.0,0.0,0.0,0.0,0.0,0.0,0.0,0.0,0.0,0.0,0.0,0.0,0.0,4598.67,1.27238,463.912,1008.8,792.844,126.453,274.978,216.114,285.485,0.06208,0.0487906,68.4281,0.01488,0.0116947,1225.54,0.2665,0.209451,365.594,0.0795,0.0624815,8.49751,4.07254,8.49751
DB12-acs.jpcc.6b08594_UiO66_Ce2Zr4_opt_clean,0.15,69.76589,485.6495999999996,897.7023999999998,4234.826399999999,4656.384000000001,15612.0,37696.0,85776.0,103296.0,54.0,152.0,432.0,672.0,632.0,2336.0,4812.0,6360.0,39.51540000000004,139.16720000000004,310.15919999999994,475.84320000000014,1.5974000000000002,34.67520000000001,24.7268,99.54,2188.0,2944.0,9516.0,8464.0,1.0,8.0,10.0,24.0,64.0,176.0,368.0,464.0,2.4667,9.1688,15.8534,27.75760000000001,0.0,-17.439999999999998,-7.039999999999999,-48.75999999999999,0.0,304.0,250.0,920.0,0.0,0.0,0.0,0.0,0.0,42.0,34.0,134.0,0.0,6.720000000000002,5.6000000000000005,20.0,118.7144,219.096,337.3204,385.387,548.0,1008.0,1456.0,1420.0,16.0,32.0,48.0,58.0,80.0,192.0,256.0,250.0,7.422399999999999,16.262400000000003,23.0448,24.6794,11.8336,8.771999999999998,20.605599999999995,17.543999999999997,64.0,48.0,112.0,96.0,1.0,1.0,2.0,2.0,1.0,3.0,4.0,6.0,0.5328999999999998,0.5621,1.095,1.1242,28.09,59.88999999999999,87.98,119.78,0.0,0.8900000000000002,0.8900000000000002,1.7800000000000005,0.0,2.0,2.0,4.0,0.0,0.0,0.0,0.0,0.0,-2.0,-2.0,-4.0,0.0,-0.04,-0.04,-0.08,0.0,-6.000000000000001,-6.000000000000001,-12.000000000000002,0.0,0.0,0.0,0.0,0.0,0.0,0.0,0.0,0.0,0.0,0.0,0.0,0.0,0.0,0.0,0.0,0.0,0.0,0.0,0.0,0.0,0.0,0.0,0.0,0.0,0.0,0.0,0.0,0.0,0.0,0.0,0.0,0.0,0.0,0.0,0.0,0.0,0.0,0.0,0.0,0.0,0.0,0.0,0.0,0.0,0.0,0.0,0.0,4598.67,1.27238,463.912,1008.8,792.844,126.453,274.978,216.114,285.485,0.06208,0.0487906,68.4281,0.01488,0.0116947,1225.54,0.2665,0.209451,365.594,0.0795,0.0624815,8.49751,4.07254,8.49751
DB1-Uio66Zr-irmof10_A-irmof12_A_No15,0.015,3.38769,486.6785999999998,920.8191999999996,4251.5592000000015,4714.176000000001,12084.0,33088.0,72384.0,91776.0,54.0,152.0,432.0,672.0,632.0,2336.0,4812.0,6360.0,38.94480000000005,137.06480000000013,306.56640000000016,470.5872000000002,1.7689,36.60160000000001,26.493600000000004,105.06999999999998,1600.0,2560.0,7440.0,7360.0,1.0,8.0,10.0,24.0,64.0,176.0,368.0,464.0,2.3716000000000004,8.9936,15.369200000000005,27.22720000000001,0.0,-16.88,-6.619999999999998,-47.07999999999999,0.0,256.0,214.0,776.0,0.0,0.0,0.0,0.0,0.0,42.0,34.0,134.0,0.0,6.480000000000003,5.420000000000001,19.28,204.3737333333333,411.2626666666667,644.3337333333332,831.6086666666669,899.3333333333334,1806.6666666666667,2733.333333333333,3068.6666666666665,29.0,60.66666666666666,95.33333333333331,126.66666666666669,156.0,392.0,574.0,660.0,12.902100000000004,30.23220000000001,45.57273333333334,55.087866666666685,11.8336,8.771999999999998,20.605599999999995,17.543999999999997,64.0,48.0,112.0,96.0,1.0,1.0,2.0,2.0,1.0,3.0,4.0,6.0,0.5328999999999998,0.5621,1.095,1.1242,28.09,59.88999999999999,87.98,119.78,0.0,0.8900000000000002,0.8900000000000002,1.7800000000000005,0.0,2.0,2.0,4.0,0.0,0.0,0.0,0.0,0.0,-2.0,-2.0,-4.0,0.0,-0.04,-0.04,-0.08,0.0,-6.000000000000001,-6.000000000000001,-12.000000000000002,9.861333333333333,13.616666666666667,14.619999999999996,28.236666666666668,53.333333333333336,46.66666666666666,80.0,126.66666666666669,0.8333333333333334,1.6666666666666667,1.6666666666666667,3.333333333333333,3.333333333333333,6.666666666666667,10.0,16.666666666666668,0.4440833333333332,0.6935000000000001,0.9368333333333334,1.6303333333333334,23.40833333333333,69.81473583333333,99.81666666666666,169.6314025,0.0,1.7749999999999997,1.4833333333333336,3.2583333333333333,0.0,7.5,3.333333333333333,10.833333333333334,0.0,0.0,0.0,0.0,0.0,0.0,-1.6666666666666667,-1.6666666666666667,0.0,0.2666666666666666,-0.0666666666666667,0.1999999999999998,0.0,-4.339258333333334,-10.000000000000002,-14.339258333333335,4791.32,0.808456,1035.55,2161.31,2673.38,0.0,0.0,0.0,892.718,0.18632,0.230464,0.0,0.0,0.0,2443.57,0.51,0.630832,0.0,0.0,0.0,10.33496,5.10407,10.33496
DB1-Uio66Zr-irmof10_A-irmof12_A_No15,0.15,38.255355,486.6785999999998,920.8191999999996,4251.5592000000015,4714.176000000001,12084.0,33088.0,72384.0,91776.0,54.0,152.0,432.0,672.0,632.0,2336.0,4812.0,6360.0,38.94480000000005,137.06480000000013,306.56640000000016,470.5872000000002,1.7689,36.60160000000001,26.493600000000004,105.06999999999998,1600.0,2560.0,7440.0,7360.0,1.0,8.0,10.0,24.0,64.0,176.0,368.0,464.0,2.3716000000000004,8.9936,15.369200000000005,27.22720000000001,0.0,-16.88,-6.619999999999998,-47.07999999999999,0.0,256.0,214.0,776.0,0.0,0.0,0.0,0.0,0.0,42.0,34.0,134.0,0.0,6.480000000000003,5.420000000000001,19.28,204.3737333333333,411.2626666666667,644.3337333333332,831.6086666666669,899.3333333333334,1806.6666666666667,2733.333333333333,3068.6666666666665,29.0,60.66666666666666,95.33333333333331,126.66666666666669,156.0,392.0,574.0,660.0,12.902100000000004,30.23220000000001,45.57273333333334,55.087866666666685,11.8336,8.771999999999998,20.605599999999995,17.543999999999997,64.0,48.0,112.0,96.0,1.0,1.0,2.0,2.0,1.0,3.0,4.0,6.0,0.5328999999999998,0.5621,1.095,1.1242,28.09,59.88999999999999,87.98,119.78,0.0,0.8900000000000002,0.8900000000000002,1.7800000000000005,0.0,2.0,2.0,4.0,0.0,0.0,0.0,0.0,0.0,-2.0,-2.0,-4.0,0.0,-0.04,-0.04,-0.08,0.0,-6.000000000000001,-6.000000000000001,-12.000000000000002,9.861333333333333,13.616666666666667,14.619999999999996,28.236666666666668,53.333333333333336,46.66666666666666,80.0,126.66666666666669,0.8333333333333334,1.6666666666666667,1.6666666666666667,3.333333333333333,3.333333333333333,6.666666666666667,10.0,16.666666666666668,0.4440833333333332,0.6935000000000001,0.9368333333333334,1.6303333333333334,23.40833333333333,69.81473583333333,99.81666666666666,169.6314025,0.0,1.7749999999999997,1.4833333333333336,3.2583333333333333,0.0,7.5,3.333333333333333,10.833333333333334,0.0,0.0,0.0,0.0,0.0,0.0,-1.6666666666666667,-1.6666666666666667,0.0,0.2666666666666666,-0.0666666666666667,0.1999999999999998,0.0,-4.339258333333334,-10.000000000000002,-14.339258333333335,4791.32,0.808456,1035.55,2161.31,2673.38,0.0,0.0,0.0,892.718,0.18632,0.230464,0.0,0.0,0.0,2443.57,0.51,0.630832,0.0,0.0,0.0,10.33496,5.10407,10.33496
DB1-Uio66Zr-BDC_A-NiC4_No20,0.015,19.25947,486.6785999999997,920.8192,4251.5592,4714.176000000001,12084.0,33088.0,72384.0,91776.0,54.0,152.0,432.0,672.0,632.0,2336.0,4812.0,6360.0,38.94480000000003,137.0648000000001,306.56640000000016,470.5872000000002,1.7688999999999997,36.60160000000001,26.49360000000001,105.06999999999996,1600.0,2560.0,7440.0,7360.0,1.0,8.0,10.0,24.0,64.0,176.0,368.0,464.0,2.3716000000000004,8.9936,15.369200000000005,27.22720000000002,0.0,-16.88,-6.62,-47.07999999999999,0.0,256.0,214.0,776.0,0.0,0.0,0.0,0.0,0.0,42.0,34.0,134.0,0.0,6.480000000000003,5.420000000000001,19.28,130.548,240.556,361.1884,432.25500000000005,612.0,1108.0,1636.0,1710.0,17.0,34.0,50.0,62.0,84.0,202.0,274.0,282.0,7.9552999999999985,17.357,24.7234,27.748600000000007,11.833599999999995,8.771999999999995,20.60559999999999,17.54399999999999,64.0,48.0,112.0,96.0,1.0,1.0,2.0,2.0,1.0,3.0,4.0,6.0,0.5328999999999998,0.5621000000000003,1.095,1.1242000000000003,28.09,59.89000000000001,87.98,119.78000000000002,0.0,0.8900000000000003,0.8900000000000003,1.7800000000000007,0.0,2.0,2.0,4.0,0.0,0.0,0.0,0.0,0.0,-2.0,-2.0,-4.0,0.0,-0.04,-0.04,-0.08,0.0,-6.000000000000001,-6.000000000000001,-12.000000000000002,11.833599999999995,16.339999999999996,17.54399999999999,33.88400000000001,64.0,56.0,96.0,152.0,1.0,2.0,2.0,4.0,4.0,8.0,12.0,20.0,0.5328999999999998,0.8322,1.1242000000000003,1.9564,28.09,83.77768300000001,119.78000000000002,203.557683,0.0,2.13,1.7800000000000007,3.909999999999998,0.0,9.0,4.0,13.0,0.0,0.0,0.0,0.0,0.0,0.0,-2.0,-2.0,0.0,0.32,-0.08,0.2399999999999998,0.0,-5.207110000000001,-12.000000000000002,-17.207110000000004,4471.7,1.30717,0.0,0.0,0.0,509.905,1140.29,872.336,0.0,0.0,0.0,270.538,0.0605,0.0462831,0.0,0.0,0.0,1310.21,0.293,0.224148,7.33179,3.68022,7.32569
DB1-Uio66Zr-BDC_A-NiC4_No20,0.15,116.603915,486.6785999999997,920.8192,4251.5592,4714.176000000001,12084.0,33088.0,72384.0,91776.0,54.0,152.0,432.0,672.0,632.0,2336.0,4812.0,6360.0,38.94480000000003,137.0648000000001,306.56640000000016,470.5872000000002,1.7688999999999997,36.60160000000001,26.49360000000001,105.06999999999996,1600.0,2560.0,7440.0,7360.0,1.0,8.0,10.0,24.0,64.0,176.0,368.0,464.0,2.3716000000000004,8.9936,15.369200000000005,27.22720000000002,0.0,-16.88,-6.62,-47.07999999999999,0.0,256.0,214.0,776.0,0.0,0.0,0.0,0.0,0.0,42.0,34.0,134.0,0.0,6.480000000000003,5.420000000000001,19.28,130.548,240.556,361.1884,432.25500000000005,612.0,1108.0,1636.0,1710.0,17.0,34.0,50.0,62.0,84.0,202.0,274.0,282.0,7.9552999999999985,17.357,24.7234,27.748600000000007,11.833599999999995,8.771999999999995,20.60559999999999,17.54399999999999,64.0,48.0,112.0,96.0,1.0,1.0,2.0,2.0,1.0,3.0,4.0,6.0,0.5328999999999998,0.5621000000000003,1.095,1.1242000000000003,28.09,59.89000000000001,87.98,119.78000000000002,0.0,0.8900000000000003,0.8900000000000003,1.7800000000000007,0.0,2.0,2.0,4.0,0.0,0.0,0.0,0.0,0.0,-2.0,-2.0,-4.0,0.0,-0.04,-0.04,-0.08,0.0,-6.000000000000001,-6.000000000000001,-12.000000000000002,11.833599999999995,16.339999999999996,17.54399999999999,33.88400000000001,64.0,56.0,96.0,152.0,1.0,2.0,2.0,4.0,4.0,8.0,12.0,20.0,0.5328999999999998,0.8322,1.1242000000000003,1.9564,28.09,83.77768300000001,119.78000000000002,203.557683,0.0,2.13,1.7800000000000007,3.909999999999998,0.0,9.0,4.0,13.0,0.0,0.0,0.0,0.0,0.0,0.0,-2.0,-2.0,0.0,0.32,-0.08,0.2399999999999998,0.0,-5.207110000000001,-12.000000000000002,-17.207110000000004,4471.7,1.30717,0.0,0.0,0.0,509.905,1140.29,872.336,0.0,0.0,0.0,270.538,0.0605,0.0462831,0.0,0.0,0.0,1310.21,0.293,0.224148,7.33179,3.68022,7.32569
DB1-Uio66Zr-irmof6_A-irmof7_A_No16,0.015,331.42443,486.6785999999998,920.8192000000008,4251.559199999997,4714.176000000006,12084.0,33088.0,72384.0,91776.0,54.0,152.0,432.0,672.0,632.0,2336.0,4812.0,6360.0,38.9448,137.06480000000005,306.5664,470.58720000000017,1.7689,36.60160000000001,26.493600000000004,105.06999999999998,1600.0,2560.0,7440.0,7360.0,1.0,8.0,10.0,24.0,64.0,176.0,368.0,464.0,2.3716000000000004,8.9936,15.369200000000005,27.22720000000001,0.0,-16.88,-6.619999999999998,-47.07999999999999,0.0,256.0,214.0,776.0,0.0,0.0,0.0,0.0,0.0,42.0,34.0,134.0,0.0,6.480000000000003,5.420000000000001,19.28,190.3482333333333,361.7433333333333,571.2290666666667,673.5771666666667,927.3333333333334,1765.3333333333333,2616.6666666666665,3025.6666666666665,23.666666666666668,49.333333333333336,78.66666666666667,95.33333333333331,131.33333333333334,332.3333333333333,457.3333333333333,536.0,11.5653,25.980000000000008,38.7884,46.01766666666668,11.8336,8.771999999999998,20.605599999999995,17.543999999999997,64.0,48.0,112.0,96.0,1.0,1.0,2.0,2.0,1.0,3.0,4.0,6.0,0.5328999999999998,0.5621,1.095,1.1242,28.09,59.88999999999999,87.98,119.78,0.0,0.8900000000000002,0.8900000000000002,1.7800000000000005,0.0,2.0,2.0,4.0,0.0,0.0,0.0,0.0,0.0,-2.0,-2.0,-4.0,0.0,-0.04,-0.04,-0.08,0.0,-6.000000000000001,-6.000000000000001,-12.000000000000002,9.141333333333334,13.772888888888888,15.754222222222223,18.773777777777777,49.16666666666666,73.8888888888889,85.55555555555556,101.94444444444444,0.8333333333333334,1.388888888888889,1.6666666666666667,2.222222222222222,3.055555555555556,5.833333333333333,7.222222222222221,13.333333333333334,0.4523055555555555,0.7687499999999999,0.9291666666666668,1.2620555555555557,30.816666666666663,66.80555555555556,95.33333333333336,151.4388888888889,0.0,0.1361111111111111,0.7666666666666669,1.3972222222222224,0.0,0.2777777777777777,1.6666666666666667,3.055555555555556,0.0,0.0,0.0,0.0,0.0,0.0,-1.111111111111111,-2.222222222222222,0.0,-0.0055555555555555,-0.0333333333333333,-0.0611111111111111,0.0,-1.0833333333333333,-5.500000000000001,-9.916666666666666,2283.85,1.66813,0.0,0.0,0.0,133.19,583.183,349.603,0.0,0.0,0.0,59.3343,0.02598,0.0155743,0.0,0.0,0.0,444.208,0.1945,0.116598,6.52202,2.12478,6.2648
DB1-Uio66Zr-irmof6_A-irmof7_A_No16,0.15,225.45468,486.6785999999998,920.8192000000008,4251.559199999997,4714.176000000006,12084.0,33088.0,72384.0,91776.0,54.0,152.0,432.0,672.0,632.0,2336.0,4812.0,6360.0,38.9448,137.06480000000005,306.5664,470.58720000000017,1.7689,36.60160000000001,26.493600000000004,105.06999999999998,1600.0,2560.0,7440.0,7360.0,1.0,8.0,10.0,24.0,64.0,176.0,368.0,464.0,2.3716000000000004,8.9936,15.369200000000005,27.22720000000001,0.0,-16.88,-6.619999999999998,-47.07999999999999,0.0,256.0,214.0,776.0,0.0,0.0,0.0,0.0,0.0,42.0,34.0,134.0,0.0,6.480000000000003,5.420000000000001,19.28,190.3482333333333,361.7433333333333,571.2290666666667,673.5771666666667,927.3333333333334,1765.3333333333333,2616.6666666666665,3025.6666666666665,23.666666666666668,49.333333333333336,78.66666666666667,95.33333333333331,131.33333333333334,332.3333333333333,457.3333333333333,536.0,11.5653,25.980000000000008,38.7884,46.01766666666668,11.8336,8.771999999999998,20.605599999999995,17.543999999999997,64.0,48.0,112.0,96.0,1.0,1.0,2.0,2.0,1.0,3.0,4.0,6.0,0.5328999999999998,0.5621,1.095,1.1242,28.09,59.88999999999999,87.98,119.78,0.0,0.8900000000000002,0.8900000000000002,1.7800000000000005,0.0,2.0,2.0,4.0,0.0,0.0,0.0,0.0,0.0,-2.0,-2.0,-4.0,0.0,-0.04,-0.04,-0.08,0.0,-6.000000000000001,-6.000000000000001,-12.000000000000002,9.141333333333334,13.772888888888888,15.754222222222223,18.773777777777777,49.16666666666666,73.8888888888889,85.55555555555556,101.94444444444444,0.8333333333333334,1.388888888888889,1.6666666666666667,2.222222222222222,3.055555555555556,5.833333333333333,7.222222222222221,13.333333333333334,0.4523055555555555,0.7687499999999999,0.9291666666666668,1.2620555555555557,30.816666666666663,66.80555555555556,95.33333333333336,151.4388888888889,0.0,0.1361111111111111,0.7666666666666669,1.3972222222222224,0.0,0.2777777777777777,1.6666666666666667,3.055555555555556,0.0,0.0,0.0,0.0,0.0,0.0,-1.111111111111111,-2.222222222222222,0.0,-0.0055555555555555,-0.0333333333333333,-0.0611111111111111,0.0,-1.0833333333333333,-5.500000000000001,-9.916666666666666,2283.85,1.66813,0.0,0.0,0.0,133.19,583.183,349.603,0.0,0.0,0.0,59.3343,0.02598,0.0155743,0.0,0.0,0.0,444.208,0.1945,0.116598,6.52202,2.12478,6.2648
DB1-Uio66Zr-irmof10_A-irmof14_A_No501,0.015,6.354115,486.6785999999998,920.8191999999996,4251.5592000000015,4714.176000000001,12084.0,33088.0,72384.0,91776.0,54.0,152.0,432.0,672.0,632.0,2336.0,4812.0,6360.0,38.94480000000005,137.06480000000013,306.56640000000016,470.5872000000002,1.7689,36.60160000000001,26.493600000000004,105.06999999999998,1600.0,2560.0,7440.0,7360.0,1.0,8.0,10.0,24.0,64.0,176.0,368.0,464.0,2.3716000000000004,8.9936,15.369200000000005,27.22720000000001,0.0,-16.88,-6.619999999999998,-47.07999999999999,0.0,256.0,214.0,776.0,0.0,0.0,0.0,0.0,0.0,42.0,34.0,134.0,0.0,6.480000000000003,5.420000000000001,19.28,210.5348,424.4733333333333,650.0457333333334,840.9110666666669,932.0,1865.3333333333333,2829.333333333333,3250.6666666666665,29.666666666666668,62.0,95.33333333333331,126.0,157.33333333333334,392.6666666666667,575.3333333333334,674.0,13.277100000000004,30.98246666666667,46.35300000000001,56.648066666666686,11.8336,8.771999999999998,20.605599999999995,17.543999999999997,64.0,48.0,112.0,96.0,1.0,1.0,2.0,2.0,1.0,3.0,4.0,6.0,0.5328999999999998,0.5621,1.095,1.1242,28.09,59.88999999999999,87.98,119.78,0.0,0.8900000000000002,0.8900000000000002,1.7800000000000005,0.0,2.0,2.0,4.0,0.0,0.0,0.0,0.0,0.0,-2.0,-2.0,-4.0,0.0,-0.04,-0.04,-0.08,0.0,-6.000000000000001,-6.000000000000001,-12.000000000000002,11.4016,17.138,17.203999999999997,33.65293333333333,61.5,56.0,94.0,155.83333333333334,1.0,2.1666666666666665,2.0,4.0,4.833333333333333,9.166666666666666,13.0,22.666666666666668,0.5378333333333333,0.88225,1.1293333333333335,2.012833333333333,32.535000000000004,94.8689405,127.69,220.56806916666665,0.0,2.1366666666666667,1.6466666666666672,3.5033333333333334,0.0,9.666666666666666,3.6666666666666665,11.333333333333334,0.0,0.0,0.0,0.0,0.0,0.6666666666666666,-1.6666666666666667,-1.6666666666666667,0.0,0.3899999999999999,-0.0733333333333334,0.1899999999999998,0.0,-4.024961666666667,-11.300000000000002,-16.289258333333336,4791.32,0.827874,971.385,2027.39,2448.91,0.0,0.0,0.0,849.501,0.1773,0.214163,0.0,0.0,0.0,2424.41,0.506,0.611204,0.0,0.0,0.0,10.06126,5.10407,10.06126
DB1-Uio66Zr-irmof10_A-irmof14_A_No501,0.15,41.726705,486.6785999999998,920.8191999999996,4251.5592000000015,4714.176000000001,12084.0,33088.0,72384.0,91776.0,54.0,152.0,432.0,672.0,632.0,2336.0,4812.0,6360.0,38.94480000000005,137.06480000000013,306.56640000000016,470.5872000000002,1.7689,36.60160000000001,26.493600000000004,105.06999999999998,1600.0,2560.0,7440.0,7360.0,1.0,8.0,10.0,24.0,64.0,176.0,368.0,464.0,2.3716000000000004,8.9936,15.369200000000005,27.22720000000001,0.0,-16.88,-6.619999999999998,-47.07999999999999,0.0,256.0,214.0,776.0,0.0,0.0,0.0,0.0,0.0,42.0,34.0,134.0,0.0,6.480000000000003,5.420000000000001,19.28,210.5348,424.4733333333333,650.0457333333334,840.9110666666669,932.0,1865.3333333333333,2829.333333333333,3250.6666666666665,29.666666666666668,62.0,95.33333333333331,126.0,157.33333333333334,392.6666666666667,575.3333333333334,674.0,13.277100000000004,30.98246666666667,46.35300000000001,56.648066666666686,11.8336,8.771999999999998,20.605599999999995,17.543999999999997,64.0,48.0,112.0,96.0,1.0,1.0,2.0,2.0,1.0,3.0,4.0,6.0,0.5328999999999998,0.5621,1.095,1.1242,28.09,59.88999999999999,87.98,119.78,0.0,0.8900000000000002,0.8900000000000002,1.7800000000000005,0.0,2.0,2.0,4.0,0.0,0.0,0.0,0.0,0.0,-2.0,-2.0,-4.0,0.0,-0.04,-0.04,-0.08,0.0,-6.000000000000001,-6.000000000000001,-12.000000000000002,11.4016,17.138,17.203999999999997,33.65293333333333,61.5,56.0,94.0,155.83333333333334,1.0,2.1666666666666665,2.0,4.0,4.833333333333333,9.166666666666666,13.0,22.666666666666668,0.5378333333333333,0.88225,1.1293333333333335,2.012833333333333,32.535000000000004,94.8689405,127.69,220.56806916666665,0.0,2.1366666666666667,1.6466666666666672,3.5033333333333334,0.0,9.666666666666666,3.6666666666666665,11.333333333333334,0.0,0.0,0.0,0.0,0.0,0.6666666666666666,-1.6666666666666667,-1.6666666666666667,0.0,0.3899999999999999,-0.0733333333333334,0.1899999999999998,0.0,-4.024961666666667,-11.300000000000002,-16.289258333333336,4791.32,0.827874,971.385,2027.39,2448.91,0.0,0.0,0.0,849.501,0.1773,0.214163,0.0,0.0,0.0,2424.41,0.506,0.611204,0.0,0.0,0.0,10.06126,5.10407,10.06126
DB1-Uio66Zr-irmof10_A-irmof14_A_No326,0.015,229.56879,61.7857818181818,105.7893818181818,391.0490181818183,428.5614545454546,1197.6363636363635,3138.909090909091,6613.090909090909,8343.272727272728,7.636363636363637,17.454545454545453,41.09090909090909,61.09090909090909,62.90909090909091,219.63636363636363,439.27272727272725,578.1818181818181,6.171981818181823,15.247709090909105,29.731672727272745,42.78065454545457,1.2635875,15.832600000000012,11.496975000000004,42.524999999999984,605.625,975.0,2801.25,2782.5,1.0,3.625,4.375,10.25,24.625,67.25,139.875,177.75,1.9949125000000003,3.979412500000002,6.403512500000004,11.490325000000007,0.0,-7.867499999999998,-3.463749999999998,-19.6175,0.0,92.875,78.375,287.25,0.0,0.0,0.0,0.0,0.0,15.125,11.5,47.75,0.0,2.805,2.3825000000000003,7.9300000000000015,213.1935333333333,413.2286666666666,653.2505333333332,831.1216666666666,1006.3333333333334,1950.6666666666667,2997.333333333333,3420.6666666666665,28.666666666666668,60.0,93.33333333333331,122.0,153.33333333333334,382.6666666666667,554.6666666666666,634.0,13.68846666666667,31.221733333333344,47.09146666666667,57.04900000000003,11.833599999999995,8.771999999999995,19.64884999999999,22.65025,64.0,48.0,107.0,113.50000000000004,1.0,1.0,2.0,2.625,1.0,3.0,4.625,7.249999999999998,0.5328999999999998,0.5621,1.1041250000000002,1.3842625000000006,28.08999999999999,59.88999999999999,97.9175,145.96052593750002,0.0,0.8900000000000005,1.1681250000000003,2.445625000000001,0.0,2.0,2.625,6.8125,0.0,0.0,0.0,0.0,0.0,-2.0,-2.625,-4.625,0.0,-0.04,-0.0525,0.0199999999999999,0.0,-6.000000000000001,-7.875000000000001,-13.627221875000002,0.7396,0.7847499999999998,1.2878499999999995,1.3329999999999995,4.0,3.25,7.0,6.25,0.0625,0.09375,0.125,0.15625,0.15625,0.34375,0.40625,0.59375,0.0333062499999999,0.043571875,0.0684375,0.078703125,1.755625,4.48961509375,5.49875,8.23274009375,0.0,0.094375,0.055625,0.15,0.0,0.34375,0.125,0.46875,0.0,0.0,0.0,0.0,0.0,-0.0625,-0.09375,-0.1875,0.0,0.0087499999999999,-0.0025,0.0062499999999999,0.0,-0.3502221875,-0.375,-0.7252221875000001,4791.32,0.88863,0.0,0.0,0.0,596.359,1244.67,1400.66,0.0,0.0,0.0,579.654,0.12098,0.136142,0.0,0.0,0.0,1894.97,0.3955,0.445067,10.06126,3.23877,10.06126
DB1-Uio66Zr-irmof10_A-irmof14_A_No326,0.15,197.99991,61.7857818181818,105.7893818181818,391.0490181818183,428.5614545454546,1197.6363636363635,3138.909090909091,6613.090909090909,8343.272727272728,7.636363636363637,17.454545454545453,41.09090909090909,61.09090909090909,62.90909090909091,219.63636363636363,439.27272727272725,578.1818181818181,6.171981818181823,15.247709090909105,29.731672727272745,42.78065454545457,1.2635875,15.832600000000012,11.496975000000004,42.524999999999984,605.625,975.0,2801.25,2782.5,1.0,3.625,4.375,10.25,24.625,67.25,139.875,177.75,1.9949125000000003,3.979412500000002,6.403512500000004,11.490325000000007,0.0,-7.867499999999998,-3.463749999999998,-19.6175,0.0,92.875,78.375,287.25,0.0,0.0,0.0,0.0,0.0,15.125,11.5,47.75,0.0,2.805,2.3825000000000003,7.9300000000000015,213.1935333333333,413.2286666666666,653.2505333333332,831.1216666666666,1006.3333333333334,1950.6666666666667,2997.333333333333,3420.6666666666665,28.666666666666668,60.0,93.33333333333331,122.0,153.33333333333334,382.6666666666667,554.6666666666666,634.0,13.68846666666667,31.221733333333344,47.09146666666667,57.04900000000003,11.833599999999995,8.771999999999995,19.64884999999999,22.65025,64.0,48.0,107.0,113.50000000000004,1.0,1.0,2.0,2.625,1.0,3.0,4.625,7.249999999999998,0.5328999999999998,0.5621,1.1041250000000002,1.3842625000000006,28.08999999999999,59.88999999999999,97.9175,145.96052593750002,0.0,0.8900000000000005,1.1681250000000003,2.445625000000001,0.0,2.0,2.625,6.8125,0.0,0.0,0.0,0.0,0.0,-2.0,-2.625,-4.625,0.0,-0.04,-0.0525,0.0199999999999999,0.0,-6.000000000000001,-7.875000000000001,-13.627221875000002,0.7396,0.7847499999999998,1.2878499999999995,1.3329999999999995,4.0,3.25,7.0,6.25,0.0625,0.09375,0.125,0.15625,0.15625,0.34375,0.40625,0.59375,0.0333062499999999,0.043571875,0.0684375,0.078703125,1.755625,4.48961509375,5.49875,8.23274009375,0.0,0.094375,0.055625,0.15,0.0,0.34375,0.125,0.46875,0.0,0.0,0.0,0.0,0.0,-0.0625,-0.09375,-0.1875,0.0,0.0087499999999999,-0.0025,0.0062499999999999,0.0,-0.3502221875,-0.375,-0.7252221875000001,4791.32,0.88863,0.0,0.0,0.0,596.359,1244.67,1400.66,0.0,0.0,0.0,579.654,0.12098,0.136142,0.0,0.0,0.0,1894.97,0.3955,0.445067,10.06126,3.23877,10.06126
DB1-Uio66Zr-irmof6_A-NiC4_No13,0.015,253.94922,486.6785999999997,920.8192,4251.5592,4714.176000000001,12084.0,33088.0,72384.0,91776.0,54.0,152.0,432.0,672.0,632.0,2336.0,4812.0,6360.0,38.94480000000003,137.0648000000001,306.56640000000016,470.58720000000017,1.7688999999999997,36.60160000000001,26.49360000000001,105.06999999999996,1600.0,2560.0,7440.0,7360.0,1.0,8.0,10.0,24.0,64.0,176.0,368.0,464.0,2.3716000000000004,8.9936,15.369200000000005,27.22720000000002,0.0,-16.88,-6.62,-47.07999999999999,0.0,256.0,214.0,776.0,0.0,0.0,0.0,0.0,0.0,42.0,34.0,134.0,0.0,6.480000000000003,5.420000000000001,19.28,169.5626,342.623,534.9564,639.1642,722.0,1448.0,2136.0,2506.0,24.0,50.0,80.0,96.0,134.0,340.0,464.0,548.0,10.2808,24.349800000000005,35.7824,42.676,11.833599999999995,8.771999999999995,20.60559999999999,17.54399999999999,64.0,48.0,112.0,96.0,1.0,1.0,2.0,2.0,1.0,3.0,4.0,6.0,0.5328999999999998,0.5621000000000003,1.095,1.1242000000000003,28.09,59.89000000000001,87.98,119.78000000000002,0.0,0.8900000000000003,0.8900000000000003,1.7800000000000007,0.0,2.0,2.0,4.0,0.0,0.0,0.0,0.0,0.0,-2.0,-2.0,-4.0,0.0,-0.04,-0.04,-0.08,0.0,-6.000000000000001,-6.000000000000001,-12.000000000000002,9.241600000000002,21.128,15.504,32.4976,49.0,56.0,84.0,175.0,1.0,3.0,2.0,4.0,9.0,15.0,18.0,36.0,0.5625,1.1325,1.1550000000000002,2.295000000000001,54.760000000000005,150.32522800000004,167.23999999999992,305.61999999999995,0.0,2.170000000000001,0.9800000000000004,1.47,0.0,13.0,2.0,3.0,0.0,0.0,0.0,0.0,0.0,4.0,0.0,0.0,0.0,0.7400000000000001,-0.04,-0.06,0.0,1.88578,-7.8,-11.699999999999996,4567.71,1.4545,0.0,0.0,0.0,358.596,785.067,539.751,0.0,0.0,0.0,191.57,0.04194,0.0288347,0.0,0.0,0.0,899.839,0.197,0.135442,7.35916,2.10672,6.37131
DB1-Uio66Zr-irmof6_A-NiC4_No13,0.15,240.18276,486.6785999999997,920.8192,4251.5592,4714.176000000001,12084.0,33088.0,72384.0,91776.0,54.0,152.0,432.0,672.0,632.0,2336.0,4812.0,6360.0,38.94480000000003,137.0648000000001,306.56640000000016,470.58720000000017,1.7688999999999997,36.60160000000001,26.49360000000001,105.06999999999996,1600.0,2560.0,7440.0,7360.0,1.0,8.0,10.0,24.0,64.0,176.0,368.0,464.0,2.3716000000000004,8.9936,15.369200000000005,27.22720000000002,0.0,-16.88,-6.62,-47.07999999999999,0.0,256.0,214.0,776.0,0.0,0.0,0.0,0.0,0.0,42.0,34.0,134.0,0.0,6.480000000000003,5.420000000000001,19.28,169.5626,342.623,534.9564,639.1642,722.0,1448.0,2136.0,2506.0,24.0,50.0,80.0,96.0,134.0,340.0,464.0,548.0,10.2808,24.349800000000005,35.7824,42.676,11.833599999999995,8.771999999999995,20.60559999999999,17.54399999999999,64.0,48.0,112.0,96.0,1.0,1.0,2.0,2.0,1.0,3.0,4.0,6.0,0.5328999999999998,0.5621000000000003,1.095,1.1242000000000003,28.09,59.89000000000001,87.98,119.78000000000002,0.0,0.8900000000000003,0.8900000000000003,1.7800000000000007,0.0,2.0,2.0,4.0,0.0,0.0,0.0,0.0,0.0,-2.0,-2.0,-4.0,0.0,-0.04,-0.04,-0.08,0.0,-6.000000000000001,-6.000000000000001,-12.000000000000002,9.241600000000002,21.128,15.504,32.4976,49.0,56.0,84.0,175.0,1.0,3.0,2.0,4.0,9.0,15.0,18.0,36.0,0.5625,1.1325,1.1550000000000002,2.295000000000001,54.760000000000005,150.32522800000004,167.23999999999992,305.61999999999995,0.0,2.170000000000001,0.9800000000000004,1.47,0.0,13.0,2.0,3.0,0.0,0.0,0.0,0.0,0.0,4.0,0.0,0.0,0.0,0.7400000000000001,-0.04,-0.06,0.0,1.88578,-7.8,-11.699999999999996,4567.71,1.4545,0.0,0.0,0.0,358.596,785.067,539.751,0.0,0.0,0.0,191.57,0.04194,0.0288347,0.0,0.0,0.0,899.839,0.197,0.135442,7.35916,2.10672,6.37131
DB1-Uio66Zr-BDC_A-irmof6_A_No144,0.015,118.539165,486.6785999999997,920.8192000000006,4251.559199999997,4714.176000000003,12084.0,33088.0,72384.0,91776.0,54.0,152.0,432.0,672.0,632.0,2336.0,4812.0,6360.0,38.94480000000001,137.06480000000013,306.56640000000027,470.5872000000002,1.7689,36.60160000000001,26.493600000000004,105.06999999999998,1600.0,2560.0,7440.0,7360.0,1.0,8.0,10.0,24.0,64.0,176.0,368.0,464.0,2.3716000000000004,8.9936,15.369200000000005,27.22720000000001,0.0,-16.88,-6.619999999999998,-47.07999999999999,0.0,256.0,214.0,776.0,0.0,0.0,0.0,0.0,0.0,42.0,34.0,134.0,0.0,6.480000000000003,5.420000000000001,19.28,131.72483333333332,238.1445,374.3090666666665,440.98733333333325,1244.3333333333333,1436.0,2288.6666666666665,2725.6666666666665,16.666666666666668,33.666666666666664,51.333333333333336,61.66666666666666,85.66666666666667,208.66666666666663,278.0,277.0,9.264783333333334,18.834200000000003,27.8844,32.41856666666667,11.8336,8.771999999999998,20.605599999999995,17.543999999999997,64.0,48.0,112.0,96.0,1.0,1.0,2.0,2.0,1.0,3.0,4.0,6.0,0.5328999999999998,0.5621,1.095,1.1242,28.09,59.88999999999999,87.98,119.78,0.0,0.8900000000000002,0.8900000000000002,1.7800000000000005,0.0,2.0,2.0,4.0,0.0,0.0,0.0,0.0,0.0,-2.0,-2.0,-4.0,0.0,-0.04,-0.04,-0.08,0.0,-6.000000000000001,-6.000000000000001,-12.000000000000002,9.781600000000005,7.973,15.946,30.797666666666668,445.0,120.0,240.0,380.0,1.0,1.0,2.0,4.0,1.0,3.0,6.0,10.0,1.03335,0.7815499999999999,1.5630999999999995,2.7202,251.13333333333333,177.03333333333333,354.06666666666666,601.71139,0.0,0.576666666666667,1.153333333333334,2.656666666666668,0.0,14.0,28.0,61.0,0.0,0.0,0.0,0.0,0.0,-2.0,-4.0,-6.0,0.0,0.2449999999999999,0.4899999999999999,1.3799999999999997,0.0,4.366666666666666,8.733333333333333,24.259556666666665,2235.84,1.56964,0.0,0.0,0.0,173.585,776.373,494.62,0.0,0.0,0.0,87.5556,0.03916,0.0249484,0.0,0.0,0.0,544.428,0.2435,0.155131,7.31796,2.73576,7.31327
DB1-Uio66Zr-BDC_A-irmof6_A_No144,0.15,126.82285,486.6785999999997,920.8192000000006,4251.559199999997,4714.176000000003,12084.0,33088.0,72384.0,91776.0,54.0,152.0,432.0,672.0,632.0,2336.0,4812.0,6360.0,38.94480000000001,137.06480000000013,306.56640000000027,470.5872000000002,1.7689,36.60160000000001,26.493600000000004,105.06999999999998,1600.0,2560.0,7440.0,7360.0,1.0,8.0,10.0,24.0,64.0,176.0,368.0,464.0,2.3716000000000004,8.9936,15.369200000000005,27.22720000000001,0.0,-16.88,-6.619999999999998,-47.07999999999999,0.0,256.0,214.0,776.0,0.0,0.0,0.0,0.0,0.0,42.0,34.0,134.0,0.0,6.480000000000003,5.420000000000001,19.28,131.72483333333332,238.1445,374.3090666666665,440.98733333333325,1244.3333333333333,1436.0,2288.6666666666665,2725.6666666666665,16.666666666666668,33.666666666666664,51.333333333333336,61.66666666666666,85.66666666666667,208.66666666666663,278.0,277.0,9.264783333333334,18.834200000000003,27.8844,32.41856666666667,11.8336,8.771999999999998,20.605599999999995,17.543999999999997,64.0,48.0,112.0,96.0,1.0,1.0,2.0,2.0,1.0,3.0,4.0,6.0,0.5328999999999998,0.5621,1.095,1.1242,28.09,59.88999999999999,87.98,119.78,0.0,0.8900000000000002,0.8900000000000002,1.7800000000000005,0.0,2.0,2.0,4.0,0.0,0.0,0.0,0.0,0.0,-2.0,-2.0,-4.0,0.0,-0.04,-0.04,-0.08,0.0,-6.000000000000001,-6.000000000000001,-12.000000000000002,9.781600000000005,7.973,15.946,30.797666666666668,445.0,120.0,240.0,380.0,1.0,1.0,2.0,4.0,1.0,3.0,6.0,10.0,1.03335,0.7815499999999999,1.5630999999999995,2.7202,251.13333333333333,177.03333333333333,354.06666666666666,601.71139,0.0,0.576666666666667,1.153333333333334,2.656666666666668,0.0,14.0,28.0,61.0,0.0,0.0,0.0,0.0,0.0,-2.0,-4.0,-6.0,0.0,0.2449999999999999,0.4899999999999999,1.3799999999999997,0.0,4.366666666666666,8.733333333333333,24.259556666666665,2235.84,1.56964,0.0,0.0,0.0,173.585,776.373,494.62,0.0,0.0,0.0,87.5556,0.03916,0.0249484,0.0,0.0,0.0,544.428,0.2435,0.155131,7.31796,2.73576,7.31327
DB1-Uio66Zr-BDC_A-irmof6_A_No476,0.015,447.96531,486.6785999999997,920.8192000000006,4251.559199999997,4714.176000000003,12084.0,33088.0,72384.0,91776.0,54.0,152.0,432.0,672.0,632.0,2336.0,4812.0,6360.0,38.94480000000001,137.06480000000013,306.56640000000027,470.5872000000002,1.7689,36.60160000000001,26.493600000000004,105.06999999999998,1600.0,2560.0,7440.0,7360.0,1.0,8.0,10.0,24.0,64.0,176.0,368.0,464.0,2.3716000000000004,8.9936,15.369200000000005,27.22720000000001,0.0,-16.88,-6.619999999999998,-47.07999999999999,0.0,256.0,214.0,776.0,0.0,0.0,0.0,0.0,0.0,42.0,34.0,134.0,0.0,6.480000000000003,5.420000000000001,19.28,168.96676666666667,312.5926999999999,459.4006666666665,594.031,848.3333333333334,1542.0,2290.0,2825.333333333333,20.666666666666668,41.66666666666666,60.333333333333336,78.0,102.66666666666669,251.0,351.0,406.6666666666667,9.88185,21.695366666666672,31.456266666666664,38.8346,11.8336,8.771999999999998,20.605599999999995,17.543999999999997,64.0,48.0,112.0,96.0,1.0,1.0,2.0,2.0,1.0,3.0,4.0,6.0,0.5328999999999998,0.5621,1.095,1.1242,28.09,59.88999999999999,87.98,119.78,0.0,0.8900000000000002,0.8900000000000002,1.7800000000000005,0.0,2.0,2.0,4.0,0.0,0.0,0.0,0.0,0.0,-2.0,-2.0,-4.0,0.0,-0.04,-0.04,-0.08,0.0,-6.000000000000001,-6.000000000000001,-12.000000000000002,11.617883333333332,16.424925,19.45965,35.67387499999999,72.0,83.0,110.66666666666669,198.66666666666663,1.0,2.0,2.1666666666666665,3.8333333333333335,4.25,8.583333333333334,12.083333333333334,21.08333333333333,0.5540458333333332,0.9236291666666668,1.2214958333333332,2.1262666666666665,42.60125,105.649222625,136.23699724999997,221.1422208333333,0.0,1.8279166666666664,1.612916666666667,2.570416666666667,0.0,8.208333333333334,5.041666666666667,7.958333333333333,0.0,0.0,0.0,0.0,0.0,0.0833333333333333,-1.6666666666666667,-2.6666666666666665,0.0,0.2920833333333332,-0.02375,-0.0216666666666667,0.0,-3.968721250000001,-9.454462916666667,-14.80088875,2235.84,1.55233,0.0,0.0,0.0,181.668,812.524,523.422,0.0,0.0,0.0,90.5516,0.0405,0.0260898,0.0,0.0,0.0,558.961,0.25,0.161048,7.31796,3.25594,7.31796
DB1-Uio66Zr-BDC_A-irmof6_A_No476,0.15,344.564515,486.6785999999997,920.8192000000006,4251.559199999997,4714.176000000003,12084.0,33088.0,72384.0,91776.0,54.0,152.0,432.0,672.0,632.0,2336.0,4812.0,6360.0,38.94480000000001,137.06480000000013,306.56640000000027,470.5872000000002,1.7689,36.60160000000001,26.493600000000004,105.06999999999998,1600.0,2560.0,7440.0,7360.0,1.0,8.0,10.0,24.0,64.0,176.0,368.0,464.0,2.3716000000000004,8.9936,15.369200000000005,27.22720000000001,0.0,-16.88,-6.619999999999998,-47.07999999999999,0.0,256.0,214.0,776.0,0.0,0.0,0.0,0.0,0.0,42.0,34.0,134.0,0.0,6.480000000000003,5.420000000000001,19.28,168.96676666666667,312.5926999999999,459.4006666666665,594.031,848.3333333333334,1542.0,2290.0,2825.333333333333,20.666666666666668,41.66666666666666,60.333333333333336,78.0,102.66666666666669,251.0,351.0,406.6666666666667,9.88185,21.695366666666672,31.456266666666664,38.8346,11.8336,8.771999999999998,20.605599999999995,17.543999999999997,64.0,48.0,112.0,96.0,1.0,1.0,2.0,2.0,1.0,3.0,4.0,6.0,0.5328999999999998,0.5621,1.095,1.1242,28.09,59.88999999999999,87.98,119.78,0.0,0.8900000000000002,0.8900000000000002,1.7800000000000005,0.0,2.0,2.0,4.0,0.0,0.0,0.0,0.0,0.0,-2.0,-2.0,-4.0,0.0,-0.04,-0.04,-0.08,0.0,-6.000000000000001,-6.000000000000001,-12.000000000000002,11.617883333333332,16.424925,19.45965,35.67387499999999,72.0,83.0,110.66666666666669,198.66666666666663,1.0,2.0,2.1666666666666665,3.8333333333333335,4.25,8.583333333333334,12.083333333333334,21.08333333333333,0.5540458333333332,0.9236291666666668,1.2214958333333332,2.1262666666666665,42.60125,105.649222625,136.23699724999997,221.1422208333333,0.0,1.8279166666666664,1.612916666666667,2.570416666666667,0.0,8.208333333333334,5.041666666666667,7.958333333333333,0.0,0.0,0.0,0.0,0.0,0.0833333333333333,-1.6666666666666667,-2.6666666666666665,0.0,0.2920833333333332,-0.02375,-0.0216666666666667,0.0,-3.968721250000001,-9.454462916666667,-14.80088875,2235.84,1.55233,0.0,0.0,0.0,181.668,812.524,523.422,0.0,0.0,0.0,90.5516,0.0405,0.0260898,0.0,0.0,0.0,558.961,0.25,0.161048,7.31796,3.25594,7.31796
DB1-Uio66Zr-irmof10_A-irmof14_A_No161,0.015,4.586475,486.6785999999998,920.8191999999996,4251.559199999999,4714.176000000001,12084.0,33088.0,72384.0,91776.0,54.0,152.0,432.0,672.0,632.0,2336.0,4812.0,6360.0,38.94480000000004,137.06480000000013,306.56640000000016,470.5872000000002,1.7689,36.60160000000001,26.493600000000004,105.06999999999996,1600.0,2560.0,7440.0,7360.0,1.0,8.0,10.0,24.0,64.0,176.0,368.0,464.0,2.3716000000000004,8.9936,15.369200000000005,27.22720000000001,0.0,-16.88,-6.619999999999998,-47.07999999999999,0.0,256.0,214.0,776.0,0.0,0.0,0.0,0.0,0.0,42.0,34.0,134.0,0.0,6.480000000000003,5.420000000000001,19.280000000000005,200.05696666666668,393.5123333333333,623.9754666666666,787.371,1326.6666666666667,2041.3333333333333,3206.6666666666665,3773.3333333333335,27.666666666666668,58.0,90.66666666666669,118.0,148.66666666666666,371.3333333333333,537.3333333333334,603.3333333333334,13.880900000000002,30.754200000000008,46.72080000000002,56.6814,11.8336,8.771999999999998,20.605599999999995,17.543999999999997,64.0,48.0,112.0,96.0,1.0,1.0,2.0,2.0,1.0,3.0,4.0,6.0,0.5328999999999998,0.5621,1.095,1.1242,28.09,59.88999999999999,87.98,119.78,0.0,0.8900000000000002,0.8900000000000002,1.7800000000000005,0.0,2.0,2.0,4.0,0.0,0.0,0.0,0.0,0.0,-2.0,-2.0,-4.0,0.0,-0.04,-0.04,-0.08,0.0,-6.000000000000001,-6.000000000000001,-12.000000000000002,10.2936,8.807666666666666,16.864266666666666,29.493,251.5,93.66666666666669,188.66666666666663,285.8333333333333,1.0,1.0833333333333333,2.0,3.75,1.25,3.4166666666666665,6.083333333333333,9.916666666666666,0.9055666666666666,0.7514416666666666,1.453,2.420875,182.315,149.45564025000002,289.63000000000005,489.2404785833334,0.0,0.7600000000000003,1.1650000000000007,2.725000000000001,0.0,10.083333333333334,18.666666666666668,42.083333333333336,0.0,0.0,0.0,0.0,0.0,-1.8333333333333333,-3.583333333333333,-5.5,0.0,0.2066666666666666,0.3599999999999999,1.083333333333333,0.0,1.816074166666665,4.499999999999997,14.726815833333328,4791.32,0.901492,918.525,1917.06,2126.54,0.0,0.0,0.0,992.665,0.20718,0.229819,0.0,0.0,0.0,2616.06,0.546,0.605663,0.0,0.0,0.0,10.06126,6.56005,10.06126
DB1-Uio66Zr-irmof10_A-irmof14_A_No161,0.15,34.504895,486.6785999999998,920.8191999999996,4251.559199999999,4714.176000000001,12084.0,33088.0,72384.0,91776.0,54.0,152.0,432.0,672.0,632.0,2336.0,4812.0,6360.0,38.94480000000004,137.06480000000013,306.56640000000016,470.5872000000002,1.7689,36.60160000000001,26.493600000000004,105.06999999999996,1600.0,2560.0,7440.0,7360.0,1.0,8.0,10.0,24.0,64.0,176.0,368.0,464.0,2.3716000000000004,8.9936,15.369200000000005,27.22720000000001,0.0,-16.88,-6.619999999999998,-47.07999999999999,0.0,256.0,214.0,776.0,0.0,0.0,0.0,0.0,0.0,42.0,34.0,134.0,0.0,6.480000000000003,5.420000000000001,19.280000000000005,200.05696666666668,393.5123333333333,623.9754666666666,787.371,1326.6666666666667,2041.3333333333333,3206.6666666666665,3773.3333333333335,27.666666666666668,58.0,90.66666666666669,118.0,148.66666666666666,371.3333333333333,537.3333333333334,603.3333333333334,13.880900000000002,30.754200000000008,46.72080000000002,56.6814,11.8336,8.771999999999998,20.605599999999995,17.543999999999997,64.0,48.0,112.0,96.0,1.0,1.0,2.0,2.0,1.0,3.0,4.0,6.0,0.5328999999999998,0.5621,1.095,1.1242,28.09,59.88999999999999,87.98,119.78,0.0,0.8900000000000002,0.8900000000000002,1.7800000000000005,0.0,2.0,2.0,4.0,0.0,0.0,0.0,0.0,0.0,-2.0,-2.0,-4.0,0.0,-0.04,-0.04,-0.08,0.0,-6.000000000000001,-6.000000000000001,-12.000000000000002,10.2936,8.807666666666666,16.864266666666666,29.493,251.5,93.66666666666669,188.66666666666663,285.8333333333333,1.0,1.0833333333333333,2.0,3.75,1.25,3.4166666666666665,6.083333333333333,9.916666666666666,0.9055666666666666,0.7514416666666666,1.453,2.420875,182.315,149.45564025000002,289.63000000000005,489.2404785833334,0.0,0.7600000000000003,1.1650000000000007,2.725000000000001,0.0,10.083333333333334,18.666666666666668,42.083333333333336,0.0,0.0,0.0,0.0,0.0,-1.8333333333333333,-3.583333333333333,-5.5,0.0,0.2066666666666666,0.3599999999999999,1.083333333333333,0.0,1.816074166666665,4.499999999999997,14.726815833333328,4791.32,0.901492,918.525,1917.06,2126.54,0.0,0.0,0.0,992.665,0.20718,0.229819,0.0,0.0,0.0,2616.06,0.546,0.605663,0.0,0.0,0.0,10.06126,6.56005,10.06126
DB1-Uio66Zr-irmof8_A_No20,0.015,153.570285,486.6785999999998,920.8192,4251.559199999997,4714.176000000001,12084.0,33088.0,72384.0,91776.0,54.0,152.0,432.0,672.0,632.0,2336.0,4812.0,6360.0,38.94480000000003,137.06480000000005,306.5664,470.5872000000002,1.7689,36.60160000000001,26.493600000000004,105.06999999999996,1600.0,2560.0,7440.0,7360.0,1.0,8.0,10.0,24.0,64.0,176.0,368.0,464.0,2.3716000000000004,8.9936,15.369200000000005,27.22720000000001,0.0,-16.88,-6.619999999999998,-47.07999999999999,0.0,256.0,214.0,776.0,0.0,0.0,0.0,0.0,0.0,42.0,34.0,134.0,0.0,6.480000000000003,5.420000000000001,19.280000000000005,238.7188,447.2114000000001,763.9635999999999,900.6759999999998,1590.0,3320.0,4208.0,4544.0,30.0,62.0,100.0,128.0,162.0,402.0,580.0,696.0,15.345999999999998,35.348600000000005,53.464000000000006,63.66880000000001,11.8336,8.771999999999998,20.605599999999995,17.543999999999997,64.0,48.0,112.0,96.0,1.0,1.0,2.0,2.0,1.0,3.0,4.0,6.0,0.5328999999999998,0.5621,1.095,1.1242,28.09,59.88999999999999,87.98,119.78,0.0,0.8900000000000002,0.8900000000000002,1.7800000000000005,0.0,2.0,2.0,4.0,0.0,0.0,0.0,0.0,0.0,-2.0,-2.0,-4.0,0.0,-0.04,-0.04,-0.08,0.0,-6.000000000000001,-6.000000000000001,-12.000000000000002,10.5393,16.849549999999997,29.0379,23.29525,112.0,218.0,184.0,152.0,1.0,2.0,3.0,3.0,5.5,11.5,12.5,16.5,0.6597749999999999,1.380775,1.707975,1.6616,115.1575,215.00692075,218.52198350000003,288.05332500000003,0.0,0.3175,0.7775000000000003,2.0725,0.0,4.25,10.25,17.75,0.0,0.0,0.0,0.0,0.0,0.5,0.0,-1.0,0.0,0.1525,0.2574999999999999,0.4699999999999999,0.0,2.2232225000000008,3.273222499999998,1.1946674999999962,3454.13,1.40625,0.0,0.0,0.0,272.217,788.093,560.421,0.0,0.0,0.0,217.472,0.06296,0.0447715,0.0,0.0,0.0,930.888,0.2695,0.191644,8.68561,2.05539,8.68561
DB1-Uio66Zr-irmof8_A_No20,0.15,254.450815,486.6785999999998,920.8192,4251.559199999997,4714.176000000001,12084.0,33088.0,72384.0,91776.0,54.0,152.0,432.0,672.0,632.0,2336.0,4812.0,6360.0,38.94480000000003,137.06480000000005,306.5664,470.5872000000002,1.7689,36.60160000000001,26.493600000000004,105.06999999999996,1600.0,2560.0,7440.0,7360.0,1.0,8.0,10.0,24.0,64.0,176.0,368.0,464.0,2.3716000000000004,8.9936,15.369200000000005,27.22720000000001,0.0,-16.88,-6.619999999999998,-47.07999999999999,0.0,256.0,214.0,776.0,0.0,0.0,0.0,0.0,0.0,42.0,34.0,134.0,0.0,6.480000000000003,5.420000000000001,19.280000000000005,238.7188,447.2114000000001,763.9635999999999,900.6759999999998,1590.0,3320.0,4208.0,4544.0,30.0,62.0,100.0,128.0,162.0,402.0,580.0,696.0,15.345999999999998,35.348600000000005,53.464000000000006,63.66880000000001,11.8336,8.771999999999998,20.605599999999995,17.543999999999997,64.0,48.0,112.0,96.0,1.0,1.0,2.0,2.0,1.0,3.0,4.0,6.0,0.5328999999999998,0.5621,1.095,1.1242,28.09,59.88999999999999,87.98,119.78,0.0,0.8900000000000002,0.8900000000000002,1.7800000000000005,0.0,2.0,2.0,4.0,0.0,0.0,0.0,0.0,0.0,-2.0,-2.0,-4.0,0.0,-0.04,-0.04,-0.08,0.0,-6.000000000000001,-6.000000000000001,-12.000000000000002,10.5393,16.849549999999997,29.0379,23.29525,112.0,218.0,184.0,152.0,1.0,2.0,3.0,3.0,5.5,11.5,12.5,16.5,0.6597749999999999,1.380775,1.707975,1.6616,115.1575,215.00692075,218.52198350000003,288.05332500000003,0.0,0.3175,0.7775000000000003,2.0725,0.0,4.25,10.25,17.75,0.0,0.0,0.0,0.0,0.0,0.5,0.0,-1.0,0.0,0.1525,0.2574999999999999,0.4699999999999999,0.0,2.2232225000000008,3.273222499999998,1.1946674999999962,3454.13,1.40625,0.0,0.0,0.0,272.217,788.093,560.421,0.0,0.0,0.0,217.472,0.06296,0.0447715,0.0,0.0,0.0,930.888,0.2695,0.191644,8.68561,2.05539,8.68561
DB1-Uio66Zr-BDC_A-irmof7_A_No40,0.015,98.89962,486.6785999999997,920.8192000000006,4251.559199999997,4714.176000000003,12084.0,33088.0,72384.0,91776.0,54.0,152.0,432.0,672.0,632.0,2336.0,4812.0,6360.0,38.94480000000001,137.06480000000013,306.56640000000027,470.5872000000002,1.7689,36.60160000000001,26.493600000000004,105.06999999999998,1600.0,2560.0,7440.0,7360.0,1.0,8.0,10.0,24.0,64.0,176.0,368.0,464.0,2.3716000000000004,8.9936,15.369200000000005,27.22720000000001,0.0,-16.88,-6.619999999999998,-47.07999999999999,0.0,256.0,214.0,776.0,0.0,0.0,0.0,0.0,0.0,42.0,34.0,134.0,0.0,6.480000000000003,5.420000000000001,19.28,132.5518,247.98016666666663,378.0524,451.9172333333333,615.0,1138.6666666666667,1680.0,1763.3333333333333,17.666666666666668,35.666666666666664,53.333333333333336,66.33333333333333,89.0,215.66666666666663,296.0,308.3333333333333,8.218566666666666,18.17023333333334,26.124800000000004,29.36103333333333,11.8336,8.771999999999998,20.605599999999995,17.543999999999997,64.0,48.0,112.0,96.0,1.0,1.0,2.0,2.0,1.0,3.0,4.0,6.0,0.5328999999999998,0.5621,1.095,1.1242,28.09,59.88999999999999,87.98,119.78,0.0,0.8900000000000002,0.8900000000000002,1.7800000000000005,0.0,2.0,2.0,4.0,0.0,0.0,0.0,0.0,0.0,-2.0,-2.0,-4.0,0.0,-0.04,-0.04,-0.08,0.0,-6.000000000000001,-6.000000000000001,-12.000000000000002,1.9722666666666664,2.723333333333333,2.9239999999999995,6.257933333333333,10.666666666666666,9.333333333333334,16.0,31.33333333333333,0.1666666666666666,0.3333333333333333,0.3333333333333333,0.6666666666666666,0.6666666666666666,1.3333333333333333,2.0,3.333333333333333,0.0888166666666666,0.1387,0.1873666666666666,0.3455333333333333,4.681666666666667,13.962947166666666,19.96333333333333,31.626473583333336,0.0,0.355,0.2966666666666667,0.4741666666666667,0.0,1.5,0.6666666666666666,1.4166666666666667,0.0,0.0,0.0,0.0,0.0,0.0,-0.3333333333333333,-0.3333333333333333,0.0,0.0533333333333333,-0.0133333333333333,0.0133333333333333,0.0,-0.8678516666666668,-2.0000000000000004,-2.433925833333334,2235.84,1.32059,263.554,1178.77,892.604,0.0,0.0,0.0,151.635,0.06782,0.0513557,0.0,0.0,0.0,768.012,0.3435,0.260111,0.0,0.0,0.0,8.20991,3.85252,8.20804
DB1-Uio66Zr-BDC_A-irmof7_A_No40,0.15,107.626135,486.6785999999997,920.8192000000006,4251.559199999997,4714.176000000003,12084.0,33088.0,72384.0,91776.0,54.0,152.0,432.0,672.0,632.0,2336.0,4812.0,6360.0,38.94480000000001,137.06480000000013,306.56640000000027,470.5872000000002,1.7689,36.60160000000001,26.493600000000004,105.06999999999998,1600.0,2560.0,7440.0,7360.0,1.0,8.0,10.0,24.0,64.0,176.0,368.0,464.0,2.3716000000000004,8.9936,15.369200000000005,27.22720000000001,0.0,-16.88,-6.619999999999998,-47.07999999999999,0.0,256.0,214.0,776.0,0.0,0.0,0.0,0.0,0.0,42.0,34.0,134.0,0.0,6.480000000000003,5.420000000000001,19.28,132.5518,247.98016666666663,378.0524,451.9172333333333,615.0,1138.6666666666667,1680.0,1763.3333333333333,17.666666666666668,35.666666666666664,53.333333333333336,66.33333333333333,89.0,215.66666666666663,296.0,308.3333333333333,8.218566666666666,18.17023333333334,26.124800000000004,29.36103333333333,11.8336,8.771999999999998,20.605599999999995,17.543999999999997,64.0,48.0,112.0,96.0,1.0,1.0,2.0,2.0,1.0,3.0,4.0,6.0,0.5328999999999998,0.5621,1.095,1.1242,28.09,59.88999999999999,87.98,119.78,0.0,0.8900000000000002,0.8900000000000002,1.7800000000000005,0.0,2.0,2.0,4.0,0.0,0.0,0.0,0.0,0.0,-2.0,-2.0,-4.0,0.0,-0.04,-0.04,-0.08,0.0,-6.000000000000001,-6.000000000000001,-12.000000000000002,1.9722666666666664,2.723333333333333,2.9239999999999995,6.257933333333333,10.666666666666666,9.333333333333334,16.0,31.33333333333333,0.1666666666666666,0.3333333333333333,0.3333333333333333,0.6666666666666666,0.6666666666666666,1.3333333333333333,2.0,3.333333333333333,0.0888166666666666,0.1387,0.1873666666666666,0.3455333333333333,4.681666666666667,13.962947166666666,19.96333333333333,31.626473583333336,0.0,0.355,0.2966666666666667,0.4741666666666667,0.0,1.5,0.6666666666666666,1.4166666666666667,0.0,0.0,0.0,0.0,0.0,0.0,-0.3333333333333333,-0.3333333333333333,0.0,0.0533333333333333,-0.0133333333333333,0.0133333333333333,0.0,-0.8678516666666668,-2.0000000000000004,-2.433925833333334,2235.84,1.32059,263.554,1178.77,892.604,0.0,0.0,0.0,151.635,0.06782,0.0513557,0.0,0.0,0.0,768.012,0.3435,0.260111,0.0,0.0,0.0,8.20991,3.85252,8.20804
DB1-Uio66Zr-BDC_A-irmof6_A_No355,0.015,132.478325,486.6785999999997,920.8192000000008,4251.559199999997,4714.176000000004,12084.0,33088.0,72384.0,91776.0,54.0,152.0,432.0,672.0,632.0,2336.0,4812.0,6360.0,38.9448,137.0648000000001,306.56640000000027,470.58720000000017,1.7689,36.60160000000001,26.493600000000004,105.06999999999998,1600.0,2560.0,7440.0,7360.0,1.0,8.0,10.0,24.0,64.0,176.0,368.0,464.0,2.3716000000000004,8.9936,15.369200000000005,27.22720000000001,0.0,-16.88,-6.619999999999998,-47.07999999999999,0.0,256.0,214.0,776.0,0.0,0.0,0.0,0.0,0.0,42.0,34.0,134.0,0.0,6.480000000000003,5.420000000000001,19.28,144.28646666666666,272.53816666666665,415.1188,492.6785,656.6666666666666,1220.6666666666667,1805.0,1936.0,19.33333333333333,39.0,59.0,72.33333333333333,98.66666666666669,240.0,327.0,359.6666666666667,8.8014,19.59276666666668,28.16496666666667,32.42563333333334,11.8336,8.771999999999998,20.605599999999995,17.543999999999997,64.0,48.0,112.0,96.0,1.0,1.0,2.0,2.0,1.0,3.0,4.0,6.0,0.5328999999999998,0.5621,1.095,1.1242,28.09,59.88999999999999,87.98,119.78,0.0,0.8900000000000002,0.8900000000000002,1.7800000000000005,0.0,2.0,2.0,4.0,0.0,0.0,0.0,0.0,0.0,-2.0,-2.0,-4.0,0.0,-0.04,-0.04,-0.08,0.0,-6.000000000000001,-6.000000000000001,-12.000000000000002,9.6736,19.69933333333333,16.354266666666668,28.508,51.5,55.333333333333336,88.66666666666667,127.5,1.0,2.75,2.0,3.75,7.916666666666667,13.416666666666666,16.083333333333332,26.58333333333333,0.5575666666666667,1.0599416666666663,1.145,1.884875,50.315000000000005,137.24333025,154.03,258.79781858333337,0.0,2.06,0.9650000000000004,2.3250000000000006,0.0,11.75,2.0,8.75,0.0,0.0,0.0,0.0,0.0,3.1666666666666665,-0.25,1.1666666666666667,0.0,0.64,-0.04,0.2833333333333332,0.0,0.6375575000000002,-7.5,-9.273184166666669,2235.84,1.37635,0.0,0.0,0.0,205.466,918.965,667.683,0.0,0.0,0.0,101.373,0.04534,0.0329422,0.0,0.0,0.0,624.918,0.2795,0.203073,7.31796,3.52783,7.30984
DB1-Uio66Zr-BDC_A-irmof6_A_No355,0.15,171.129495,486.6785999999997,920.8192000000008,4251.559199999997,4714.176000000004,12084.0,33088.0,72384.0,91776.0,54.0,152.0,432.0,672.0,632.0,2336.0,4812.0,6360.0,38.9448,137.0648000000001,306.56640000000027,470.58720000000017,1.7689,36.60160000000001,26.493600000000004,105.06999999999998,1600.0,2560.0,7440.0,7360.0,1.0,8.0,10.0,24.0,64.0,176.0,368.0,464.0,2.3716000000000004,8.9936,15.369200000000005,27.22720000000001,0.0,-16.88,-6.619999999999998,-47.07999999999999,0.0,256.0,214.0,776.0,0.0,0.0,0.0,0.0,0.0,42.0,34.0,134.0,0.0,6.480000000000003,5.420000000000001,19.28,144.28646666666666,272.53816666666665,415.1188,492.6785,656.6666666666666,1220.6666666666667,1805.0,1936.0,19.33333333333333,39.0,59.0,72.33333333333333,98.66666666666669,240.0,327.0,359.6666666666667,8.8014,19.59276666666668,28.16496666666667,32.42563333333334,11.8336,8.771999999999998,20.605599999999995,17.543999999999997,64.0,48.0,112.0,96.0,1.0,1.0,2.0,2.0,1.0,3.0,4.0,6.0,0.5328999999999998,0.5621,1.095,1.1242,28.09,59.88999999999999,87.98,119.78,0.0,0.8900000000000002,0.8900000000000002,1.7800000000000005,0.0,2.0,2.0,4.0,0.0,0.0,0.0,0.0,0.0,-2.0,-2.0,-4.0,0.0,-0.04,-0.04,-0.08,0.0,-6.000000000000001,-6.000000000000001,-12.000000000000002,9.6736,19.69933333333333,16.354266666666668,28.508,51.5,55.333333333333336,88.66666666666667,127.5,1.0,2.75,2.0,3.75,7.916666666666667,13.416666666666666,16.083333333333332,26.58333333333333,0.5575666666666667,1.0599416666666663,1.145,1.884875,50.315000000000005,137.24333025,154.03,258.79781858333337,0.0,2.06,0.9650000000000004,2.3250000000000006,0.0,11.75,2.0,8.75,0.0,0.0,0.0,0.0,0.0,3.1666666666666665,-0.25,1.1666666666666667,0.0,0.64,-0.04,0.2833333333333332,0.0,0.6375575000000002,-7.5,-9.273184166666669,2235.84,1.37635,0.0,0.0,0.0,205.466,918.965,667.683,0.0,0.0,0.0,101.373,0.04534,0.0329422,0.0,0.0,0.0,624.918,0.2795,0.203073,7.31796,3.52783,7.30984
DB1-Uio66Zr-BDC_A-irmof6_A_No173,0.015,208.88477,252.98754999999983,472.5528000000003,2128.2785999999983,2357.0880000000016,6096.5,16616.0,36210.0,45888.0,28.5,78.0,217.0,336.0,319.0,1172.0,2407.0,3180.0,20.919750000000004,70.06540000000007,154.30730000000014,235.2936000000001,1.6534000000000002,31.854400000000016,23.065800000000003,90.774,1372.7142857142858,2197.714285714286,6379.714285714285,6313.714285714285,1.0,7.0,8.714285714285714,20.857142857142858,55.0,151.14285714285714,315.85714285714283,398.57142857142856,2.2855000000000003,7.847500000000001,13.319900000000004,23.630200000000013,0.0,-14.819999999999997,-5.898571428571428,-40.802857142857135,0.0,218.7142857142857,183.0,664.2857142857143,0.0,0.0,0.0,0.0,0.0,35.857142857142854,28.857142857142858,114.28571428571428,0.0,5.640000000000002,4.725714285714287,16.685714285714287,132.23683333333335,238.5525,375.12506666666656,442.5633333333332,1050.8333333333333,1382.0,2180.6666666666665,2554.6666666666665,16.666666666666668,33.666666666666664,51.333333333333336,61.66666666666666,85.66666666666667,208.66666666666663,278.0,277.0,9.137,18.72896666666667,27.67393333333333,32.052299999999995,11.8336,8.771999999999998,20.430651428571423,18.477714285714285,64.0,48.0,111.08571428571427,99.2,1.0,1.0,2.0,2.1142857142857143,1.0,3.0,4.114285714285714,6.228571428571429,0.5328999999999998,0.5621,1.096668571428571,1.1717542857142855,28.09,59.88999999999999,89.79714285714286,124.56729617142857,0.0,0.8900000000000003,0.9408571428571432,1.901714285714286,0.0,2.0,2.1142857142857143,4.514285714285714,0.0,0.0,0.0,0.0,0.0,-2.0,-2.1142857142857143,-4.114285714285714,0.0,-0.04,-0.0422857142857143,-0.0617142857142857,0.0,-6.000000000000001,-6.342857142857143,-12.297549142857145,7.13257142857143,5.755714285714285,11.51142857142857,22.232857142857146,206.42857142857144,72.85714285714286,145.71428571428572,230.7142857142857,0.7142857142857143,0.7142857142857143,1.4285714285714286,2.857142857142857,0.7142857142857143,2.142857142857143,4.285714285714286,7.142857142857143,0.7000714285714286,0.5445,1.089,1.8951428571428568,152.25714285714284,117.84285714285716,235.6857142857143,400.53129,0.0,0.4357142857142859,0.8714285714285719,1.9928571428571435,0.0,7.857142857142857,15.714285714285714,35.0,0.0,0.0,0.0,0.0,0.0,-1.4285714285714286,-2.857142857142857,-4.285714285714286,0.0,0.1571428571428571,0.3142857142857142,0.9142857142857144,0.0,2.3571428571428563,4.714285714285713,14.28063571428571,2235.84,1.52733,0.0,0.0,0.0,165.581,740.575,484.882,0.0,0.0,0.0,81.966,0.03666,0.0240027,0.0,0.0,0.0,526.541,0.2355,0.154191,7.31796,2.72463,7.31339
DB1-Uio66Zr-BDC_A-irmof6_A_No173,0.15,227.58719,252.98754999999983,472.5528000000003,2128.2785999999983,2357.0880000000016,6096.5,16616.0,36210.0,45888.0,28.5,78.0,217.0,336.0,319.0,1172.0,2407.0,3180.0,20.919750000000004,70.06540000000007,154.30730000000014,235.2936000000001,1.6534000000000002,31.854400000000016,23.065800000000003,90.774,1372.7142857142858,2197.714285714286,6379.714285714285,6313.714285714285,1.0,7.0,8.714285714285714,20.857142857142858,55.0,151.14285714285714,315.85714285714283,398.57142857142856,2.2855000000000003,7.847500000000001,13.319900000000004,23.630200000000013,0.0,-14.819999999999997,-5.898571428571428,-40.802857142857135,0.0,218.7142857142857,183.0,664.2857142857143,0.0,0.0,0.0,0.0,0.0,35.857142857142854,28.857142857142858,114.28571428571428,0.0,5.640000000000002,4.725714285714287,16.685714285714287,132.23683333333335,238.5525,375.12506666666656,442.5633333333332,1050.8333333333333,1382.0,2180.6666666666665,2554.6666666666665,16.666666666666668,33.666666666666664,51.333333333333336,61.66666666666666,85.66666666666667,208.66666666666663,278.0,277.0,9.137,18.72896666666667,27.67393333333333,32.052299999999995,11.8336,8.771999999999998,20.430651428571423,18.477714285714285,64.0,48.0,111.08571428571427,99.2,1.0,1.0,2.0,2.1142857142857143,1.0,3.0,4.114285714285714,6.228571428571429,0.5328999999999998,0.5621,1.096668571428571,1.1717542857142855,28.09,59.88999999999999,89.79714285714286,124.56729617142857,0.0,0.8900000000000003,0.9408571428571432,1.901714285714286,0.0,2.0,2.1142857142857143,4.514285714285714,0.0,0.0,0.0,0.0,0.0,-2.0,-2.1142857142857143,-4.114285714285714,0.0,-0.04,-0.0422857142857143,-0.0617142857142857,0.0,-6.000000000000001,-6.342857142857143,-12.297549142857145,7.13257142857143,5.755714285714285,11.51142857142857,22.232857142857146,206.42857142857144,72.85714285714286,145.71428571428572,230.7142857142857,0.7142857142857143,0.7142857142857143,1.4285714285714286,2.857142857142857,0.7142857142857143,2.142857142857143,4.285714285714286,7.142857142857143,0.7000714285714286,0.5445,1.089,1.8951428571428568,152.25714285714284,117.84285714285716,235.6857142857143,400.53129,0.0,0.4357142857142859,0.8714285714285719,1.9928571428571435,0.0,7.857142857142857,15.714285714285714,35.0,0.0,0.0,0.0,0.0,0.0,-1.4285714285714286,-2.857142857142857,-4.285714285714286,0.0,0.1571428571428571,0.3142857142857142,0.9142857142857144,0.0,2.3571428571428563,4.714285714285713,14.28063571428571,2235.84,1.52733,0.0,0.0,0.0,165.581,740.575,484.882,0.0,0.0,0.0,81.966,0.03666,0.0240027,0.0,0.0,0.0,526.541,0.2355,0.154191,7.31796,2.72463,7.31339
DB1-Uio66Zr-BDC_A-imd_No22,0.015,317.579515,486.6785999999997,920.8192000000006,4251.559199999997,4714.176000000003,12084.0,33088.0,72384.0,91776.0,54.0,152.0,432.0,672.0,632.0,2336.0,4812.0,6360.0,38.94480000000001,137.0648000000001,306.56640000000027,470.58720000000017,1.7689,36.60160000000001,26.493600000000004,105.06999999999998,1600.0,2560.0,7440.0,7360.0,1.0,8.0,10.0,24.0,64.0,176.0,368.0,464.0,2.3716000000000004,8.9936,15.369200000000005,27.22720000000001,0.0,-16.88,-6.619999999999998,-47.07999999999999,0.0,256.0,214.0,776.0,0.0,0.0,0.0,0.0,0.0,42.0,34.0,134.0,0.0,6.480000000000003,5.420000000000001,19.28,166.0488,304.93599999999986,432.7923999999999,579.0093999999999,804.0,1408.0,2176.0,2776.0,20.0,40.0,56.0,74.0,96.0,232.0,328.0,382.0,9.554,20.6408,29.759200000000003,37.47460000000001,11.8336,8.771999999999998,20.605599999999995,17.543999999999997,64.0,48.0,112.0,96.0,1.0,1.0,2.0,2.0,1.0,3.0,4.0,6.0,0.5328999999999998,0.5621,1.095,1.1242,28.09,59.88999999999999,87.98,119.78,0.0,0.8900000000000002,0.8900000000000002,1.7800000000000005,0.0,2.0,2.0,4.0,0.0,0.0,0.0,0.0,0.0,-2.0,-2.0,-4.0,0.0,-0.04,-0.04,-0.08,0.0,-6.000000000000001,-6.000000000000001,-12.000000000000002,11.8336,16.34,17.543999999999997,38.14959999999999,64.0,56.0,96.0,208.0,1.0,2.0,2.0,4.0,4.0,8.0,12.0,22.0,0.5328999999999998,0.8322000000000002,1.1242,2.2192000000000003,28.09,83.77768300000001,119.78,207.76,0.0,2.1299999999999994,1.7800000000000005,2.6700000000000004,0.0,9.0,4.0,6.0,0.0,0.0,0.0,0.0,0.0,0.0,-2.0,-3.0,0.0,0.3199999999999999,-0.08,-0.1200000000000001,0.0,-5.207110000000001,-12.000000000000002,-18.000000000000004,4471.7,1.52105,0.0,0.0,0.0,392.922,878.686,577.683,0.0,0.0,0.0,206.324,0.04614,0.0303342,0.0,0.0,0.0,1015.08,0.227,0.149239,7.33179,3.27173,7.32576
DB1-Uio66Zr-BDC_A-imd_No22,0.15,343.23607,486.6785999999997,920.8192000000006,4251.559199999997,4714.176000000003,12084.0,33088.0,72384.0,91776.0,54.0,152.0,432.0,672.0,632.0,2336.0,4812.0,6360.0,38.94480000000001,137.0648000000001,306.56640000000027,470.58720000000017,1.7689,36.60160000000001,26.493600000000004,105.06999999999998,1600.0,2560.0,7440.0,7360.0,1.0,8.0,10.0,24.0,64.0,176.0,368.0,464.0,2.3716000000000004,8.9936,15.369200000000005,27.22720000000001,0.0,-16.88,-6.619999999999998,-47.07999999999999,0.0,256.0,214.0,776.0,0.0,0.0,0.0,0.0,0.0,42.0,34.0,134.0,0.0,6.480000000000003,5.420000000000001,19.28,166.0488,304.93599999999986,432.7923999999999,579.0093999999999,804.0,1408.0,2176.0,2776.0,20.0,40.0,56.0,74.0,96.0,232.0,328.0,382.0,9.554,20.6408,29.759200000000003,37.47460000000001,11.8336,8.771999999999998,20.605599999999995,17.543999999999997,64.0,48.0,112.0,96.0,1.0,1.0,2.0,2.0,1.0,3.0,4.0,6.0,0.5328999999999998,0.5621,1.095,1.1242,28.09,59.88999999999999,87.98,119.78,0.0,0.8900000000000002,0.8900000000000002,1.7800000000000005,0.0,2.0,2.0,4.0,0.0,0.0,0.0,0.0,0.0,-2.0,-2.0,-4.0,0.0,-0.04,-0.04,-0.08,0.0,-6.000000000000001,-6.000000000000001,-12.000000000000002,11.8336,16.34,17.543999999999997,38.14959999999999,64.0,56.0,96.0,208.0,1.0,2.0,2.0,4.0,4.0,8.0,12.0,22.0,0.5328999999999998,0.8322000000000002,1.1242,2.2192000000000003,28.09,83.77768300000001,119.78,207.76,0.0,2.1299999999999994,1.7800000000000005,2.6700000000000004,0.0,9.0,4.0,6.0,0.0,0.0,0.0,0.0,0.0,0.0,-2.0,-3.0,0.0,0.3199999999999999,-0.08,-0.1200000000000001,0.0,-5.207110000000001,-12.000000000000002,-18.000000000000004,4471.7,1.52105,0.0,0.0,0.0,392.922,878.686,577.683,0.0,0.0,0.0,206.324,0.04614,0.0303342,0.0,0.0,0.0,1015.08,0.227,0.149239,7.33179,3.27173,7.32576
DB1-Uio66Zr-irmof6_A-irmof7_A_No4,0.015,276.108195,486.6785999999998,920.8192000000004,4251.559199999997,4714.176000000003,12084.0,33088.0,72384.0,91776.0,54.0,152.0,432.0,672.0,632.0,2336.0,4812.0,6360.0,38.944800000000015,137.06480000000005,306.5663999999999,470.5872000000002,1.7689,36.60160000000001,26.493600000000004,105.06999999999996,1600.0,2560.0,7440.0,7360.0,1.0,8.0,10.0,24.0,64.0,176.0,368.0,464.0,2.3716000000000004,8.9936,15.369200000000005,27.22720000000001,0.0,-16.88,-6.619999999999998,-47.07999999999999,0.0,256.0,214.0,776.0,0.0,0.0,0.0,0.0,0.0,42.0,34.0,134.0,0.0,6.480000000000003,5.420000000000001,19.28,157.05231666666666,314.42350000000005,514.2487333333333,589.707,665.6666666666666,1352.0,1978.3333333333333,2164.0,22.83333333333333,47.66666666666666,78.66666666666667,92.0,129.66666666666666,327.3333333333333,444.0,502.6666666666667,9.801883333333333,23.292500000000008,34.449733333333334,39.52333333333334,11.8336,8.771999999999998,20.605599999999995,17.543999999999997,64.0,48.0,112.0,96.0,1.0,1.0,2.0,2.0,1.0,3.0,4.0,6.0,0.5328999999999998,0.5621,1.095,1.1242,28.09,59.88999999999999,87.98,119.78,0.0,0.8900000000000002,0.8900000000000002,1.7800000000000005,0.0,2.0,2.0,4.0,0.0,0.0,0.0,0.0,0.0,-2.0,-2.0,-4.0,0.0,-0.04,-0.04,-0.08,0.0,-6.000000000000001,-6.000000000000001,-12.000000000000002,0.0,0.0,0.0,0.0,0.0,0.0,0.0,0.0,0.0,0.0,0.0,0.0,0.0,0.0,0.0,0.0,0.0,0.0,0.0,0.0,0.0,0.0,0.0,0.0,0.0,0.0,0.0,0.0,0.0,0.0,0.0,0.0,0.0,0.0,0.0,0.0,0.0,0.0,0.0,0.0,0.0,0.0,0.0,0.0,0.0,0.0,0.0,0.0,2283.85,1.39196,0.0,0.0,0.0,179.065,784.048,563.271,0.0,0.0,0.0,80.7111,0.03534,0.0253887,0.0,0.0,0.0,562.968,0.2465,0.177089,6.52202,2.40054,6.35092
DB1-Uio66Zr-irmof6_A-irmof7_A_No4,0.15,239.22314,486.6785999999998,920.8192000000004,4251.559199999997,4714.176000000003,12084.0,33088.0,72384.0,91776.0,54.0,152.0,432.0,672.0,632.0,2336.0,4812.0,6360.0,38.944800000000015,137.06480000000005,306.5663999999999,470.5872000000002,1.7689,36.60160000000001,26.493600000000004,105.06999999999996,1600.0,2560.0,7440.0,7360.0,1.0,8.0,10.0,24.0,64.0,176.0,368.0,464.0,2.3716000000000004,8.9936,15.369200000000005,27.22720000000001,0.0,-16.88,-6.619999999999998,-47.07999999999999,0.0,256.0,214.0,776.0,0.0,0.0,0.0,0.0,0.0,42.0,34.0,134.0,0.0,6.480000000000003,5.420000000000001,19.28,157.05231666666666,314.42350000000005,514.2487333333333,589.707,665.6666666666666,1352.0,1978.3333333333333,2164.0,22.83333333333333,47.66666666666666,78.66666666666667,92.0,129.66666666666666,327.3333333333333,444.0,502.6666666666667,9.801883333333333,23.292500000000008,34.449733333333334,39.52333333333334,11.8336,8.771999999999998,20.605599999999995,17.543999999999997,64.0,48.0,112.0,96.0,1.0,1.0,2.0,2.0,1.0,3.0,4.0,6.0,0.5328999999999998,0.5621,1.095,1.1242,28.09,59.88999999999999,87.98,119.78,0.0,0.8900000000000002,0.8900000000000002,1.7800000000000005,0.0,2.0,2.0,4.0,0.0,0.0,0.0,0.0,0.0,-2.0,-2.0,-4.0,0.0,-0.04,-0.04,-0.08,0.0,-6.000000000000001,-6.000000000000001,-12.000000000000002,0.0,0.0,0.0,0.0,0.0,0.0,0.0,0.0,0.0,0.0,0.0,0.0,0.0,0.0,0.0,0.0,0.0,0.0,0.0,0.0,0.0,0.0,0.0,0.0,0.0,0.0,0.0,0.0,0.0,0.0,0.0,0.0,0.0,0.0,0.0,0.0,0.0,0.0,0.0,0.0,0.0,0.0,0.0,0.0,0.0,0.0,0.0,0.0,2283.85,1.39196,0.0,0.0,0.0,179.065,784.048,563.271,0.0,0.0,0.0,80.7111,0.03534,0.0253887,0.0,0.0,0.0,562.968,0.2465,0.177089,6.52202,2.40054,6.35092
DB1-Uio66Zr-BDC_A-irmof6_A_No95,0.015,623.15497,486.6785999999998,920.8191999999996,4251.5592000000015,4714.176000000001,12084.0,33088.0,72384.0,91776.0,54.0,152.0,432.0,672.0,632.0,2336.0,4812.0,6360.0,38.94480000000005,137.06480000000013,306.56640000000016,470.5872000000002,1.7689,36.60160000000001,26.493600000000004,105.06999999999996,1600.0,2560.0,7440.0,7360.0,1.0,8.0,10.0,24.0,64.0,176.0,368.0,464.0,2.3716000000000004,8.9936,15.369200000000005,27.22720000000001,0.0,-16.88,-6.619999999999998,-47.07999999999999,0.0,256.0,214.0,776.0,0.0,0.0,0.0,0.0,0.0,42.0,34.0,134.0,0.0,6.480000000000003,5.420000000000001,19.280000000000005,177.0905,348.13450000000006,578.8890666666666,657.2589999999999,891.0,1436.0,2188.6666666666665,2669.0,26.666666666666668,53.66666666666666,91.33333333333331,101.66666666666669,145.66666666666666,348.6666666666667,478.0,627.0,10.748449999999998,24.994200000000006,37.244400000000006,45.95590000000001,11.8336,8.771999999999998,20.605599999999995,17.543999999999997,64.0,48.0,112.0,96.0,1.0,1.0,2.0,2.0,1.0,3.0,4.0,6.0,0.5328999999999998,0.5621,1.095,1.1242,28.09,59.88999999999999,87.98,119.78,0.0,0.8900000000000002,0.8900000000000002,1.7800000000000005,0.0,2.0,2.0,4.0,0.0,0.0,0.0,0.0,0.0,-2.0,-2.0,-4.0,0.0,-0.04,-0.04,-0.08,0.0,-6.000000000000001,-6.000000000000001,-12.000000000000002,1.4602666666666666,1.2579999999999998,2.516,4.859333333333333,204.16666666666663,35.0,70.0,110.83333333333331,0.1666666666666666,0.1666666666666666,0.3333333333333333,0.6666666666666666,0.1666666666666666,0.5,1.0,1.6666666666666667,0.2166,0.1462999999999999,0.2925999999999999,0.5091999999999999,73.5,39.55,79.10000000000001,134.42488500000002,0.0,0.0683333333333333,0.1366666666666667,0.3316666666666667,0.0,4.833333333333333,9.666666666666666,20.166666666666668,0.0,0.0,0.0,0.0,0.0,-0.3333333333333333,-0.6666666666666666,-1.0,0.0,0.0616666666666666,0.1233333333333333,0.3133333333333332,0.0,1.6166666666666665,3.233333333333333,7.598814999999999,2235.84,1.52217,0.0,0.0,0.0,170.756,763.721,501.731,0.0,0.0,0.0,90.0597,0.04028,0.0264622,0.0,0.0,0.0,564.55,0.2525,0.165881,7.31796,2.25052,7.30984
DB1-Uio66Zr-BDC_A-irmof6_A_No95,0.15,341.948245,486.6785999999998,920.8191999999996,4251.5592000000015,4714.176000000001,12084.0,33088.0,72384.0,91776.0,54.0,152.0,432.0,672.0,632.0,2336.0,4812.0,6360.0,38.94480000000005,137.06480000000013,306.56640000000016,470.5872000000002,1.7689,36.60160000000001,26.493600000000004,105.06999999999996,1600.0,2560.0,7440.0,7360.0,1.0,8.0,10.0,24.0,64.0,176.0,368.0,464.0,2.3716000000000004,8.9936,15.369200000000005,27.22720000000001,0.0,-16.88,-6.619999999999998,-47.07999999999999,0.0,256.0,214.0,776.0,0.0,0.0,0.0,0.0,0.0,42.0,34.0,134.0,0.0,6.480000000000003,5.420000000000001,19.280000000000005,177.0905,348.13450000000006,578.8890666666666,657.2589999999999,891.0,1436.0,2188.6666666666665,2669.0,26.666666666666668,53.66666666666666,91.33333333333331,101.66666666666669,145.66666666666666,348.6666666666667,478.0,627.0,10.748449999999998,24.994200000000006,37.244400000000006,45.95590000000001,11.8336,8.771999999999998,20.605599999999995,17.543999999999997,64.0,48.0,112.0,96.0,1.0,1.0,2.0,2.0,1.0,3.0,4.0,6.0,0.5328999999999998,0.5621,1.095,1.1242,28.09,59.88999999999999,87.98,119.78,0.0,0.8900000000000002,0.8900000000000002,1.7800000000000005,0.0,2.0,2.0,4.0,0.0,0.0,0.0,0.0,0.0,-2.0,-2.0,-4.0,0.0,-0.04,-0.04,-0.08,0.0,-6.000000000000001,-6.000000000000001,-12.000000000000002,1.4602666666666666,1.2579999999999998,2.516,4.859333333333333,204.16666666666663,35.0,70.0,110.83333333333331,0.1666666666666666,0.1666666666666666,0.3333333333333333,0.6666666666666666,0.1666666666666666,0.5,1.0,1.6666666666666667,0.2166,0.1462999999999999,0.2925999999999999,0.5091999999999999,73.5,39.55,79.10000000000001,134.42488500000002,0.0,0.0683333333333333,0.1366666666666667,0.3316666666666667,0.0,4.833333333333333,9.666666666666666,20.166666666666668,0.0,0.0,0.0,0.0,0.0,-0.3333333333333333,-0.6666666666666666,-1.0,0.0,0.0616666666666666,0.1233333333333333,0.3133333333333332,0.0,1.6166666666666665,3.233333333333333,7.598814999999999,2235.84,1.52217,0.0,0.0,0.0,170.756,763.721,501.731,0.0,0.0,0.0,90.0597,0.04028,0.0264622,0.0,0.0,0.0,564.55,0.2525,0.165881,7.31796,2.25052,7.30984
DB1-Uio66Zr-BDC_A-irmof6_A_No395,0.015,156.013225,486.6785999999997,920.8192000000006,4251.559199999997,4714.176000000003,12084.0,33088.0,72384.0,91776.0,54.0,152.0,432.0,672.0,632.0,2336.0,4812.0,6360.0,38.94480000000001,137.06480000000013,306.56640000000027,470.5872000000002,1.7689,36.60160000000001,26.493600000000004,105.06999999999998,1600.0,2560.0,7440.0,7360.0,1.0,8.0,10.0,24.0,64.0,176.0,368.0,464.0,2.3716000000000004,8.9936,15.369200000000005,27.22720000000001,0.0,-16.88,-6.619999999999998,-47.07999999999999,0.0,256.0,214.0,776.0,0.0,0.0,0.0,0.0,0.0,42.0,34.0,134.0,0.0,6.480000000000003,5.420000000000001,19.28,170.13416666666663,307.0118333333333,470.53439999999983,554.6639999999999,901.6666666666666,1573.3333333333333,2350.0,2618.333333333333,20.0,40.333333333333336,61.333333333333336,75.0,102.33333333333331,248.66666666666663,341.3333333333333,383.6666666666667,10.291866666666666,21.829700000000003,32.099066666666666,37.63523333333334,11.8336,8.771999999999998,20.605599999999995,17.543999999999997,64.0,48.0,112.0,96.0,1.0,1.0,2.0,2.0,1.0,3.0,4.0,6.0,0.5328999999999998,0.5621,1.095,1.1242,28.09,59.88999999999999,87.98,119.78,0.0,0.8900000000000002,0.8900000000000002,1.7800000000000005,0.0,2.0,2.0,4.0,0.0,0.0,0.0,0.0,0.0,-2.0,-2.0,-4.0,0.0,-0.04,-0.04,-0.08,0.0,-6.000000000000001,-6.000000000000001,-12.000000000000002,10.8056,15.11588888888889,18.44022222222222,23.25211111111111,97.33333333333331,90.8888888888889,119.55555555555556,144.11111111111111,1.0,1.5555555555555556,2.0,2.888888888888889,3.222222222222222,6.333333333333333,8.222222222222221,13.333333333333334,0.6156555555555555,0.8957999999999999,1.183266666666667,1.6250888888888888,66.34333333333332,94.30222222222226,150.32666666666668,238.94969377777767,0.0,0.2377777777777779,0.9700000000000004,2.095555555555556,0.0,2.111111111111111,5.333333333333333,12.888888888888893,0.0,0.0,0.0,0.0,0.0,-0.3333333333333333,-1.7777777777777777,-2.6666666666666665,0.0,0.0311111111111111,0.0399999999999999,0.2577777777777777,0.0,-0.5333333333333335,-4.400000000000001,-5.780937777777781,2235.84,1.61499,0.0,0.0,0.0,147.501,659.712,408.492,0.0,0.0,0.0,76.4658,0.0342,0.0211766,0.0,0.0,0.0,489.65,0.219,0.135604,7.31796,3.04373,7.2784
DB1-Uio66Zr-BDC_A-irmof6_A_No395,0.15,156.74798,486.6785999999997,920.8192000000006,4251.559199999997,4714.176000000003,12084.0,33088.0,72384.0,91776.0,54.0,152.0,432.0,672.0,632.0,2336.0,4812.0,6360.0,38.94480000000001,137.06480000000013,306.56640000000027,470.5872000000002,1.7689,36.60160000000001,26.493600000000004,105.06999999999998,1600.0,2560.0,7440.0,7360.0,1.0,8.0,10.0,24.0,64.0,176.0,368.0,464.0,2.3716000000000004,8.9936,15.369200000000005,27.22720000000001,0.0,-16.88,-6.619999999999998,-47.07999999999999,0.0,256.0,214.0,776.0,0.0,0.0,0.0,0.0,0.0,42.0,34.0,134.0,0.0,6.480000000000003,5.420000000000001,19.28,170.13416666666663,307.0118333333333,470.53439999999983,554.6639999999999,901.6666666666666,1573.3333333333333,2350.0,2618.333333333333,20.0,40.333333333333336,61.333333333333336,75.0,102.33333333333331,248.66666666666663,341.3333333333333,383.6666666666667,10.291866666666666,21.829700000000003,32.099066666666666,37.63523333333334,11.8336,8.771999999999998,20.605599999999995,17.543999999999997,64.0,48.0,112.0,96.0,1.0,1.0,2.0,2.0,1.0,3.0,4.0,6.0,0.5328999999999998,0.5621,1.095,1.1242,28.09,59.88999999999999,87.98,119.78,0.0,0.8900000000000002,0.8900000000000002,1.7800000000000005,0.0,2.0,2.0,4.0,0.0,0.0,0.0,0.0,0.0,-2.0,-2.0,-4.0,0.0,-0.04,-0.04,-0.08,0.0,-6.000000000000001,-6.000000000000001,-12.000000000000002,10.8056,15.11588888888889,18.44022222222222,23.25211111111111,97.33333333333331,90.8888888888889,119.55555555555556,144.11111111111111,1.0,1.5555555555555556,2.0,2.888888888888889,3.222222222222222,6.333333333333333,8.222222222222221,13.333333333333334,0.6156555555555555,0.8957999999999999,1.183266666666667,1.6250888888888888,66.34333333333332,94.30222222222226,150.32666666666668,238.94969377777767,0.0,0.2377777777777779,0.9700000000000004,2.095555555555556,0.0,2.111111111111111,5.333333333333333,12.888888888888893,0.0,0.0,0.0,0.0,0.0,-0.3333333333333333,-1.7777777777777777,-2.6666666666666665,0.0,0.0311111111111111,0.0399999999999999,0.2577777777777777,0.0,-0.5333333333333335,-4.400000000000001,-5.780937777777781,2235.84,1.61499,0.0,0.0,0.0,147.501,659.712,408.492,0.0,0.0,0.0,76.4658,0.0342,0.0211766,0.0,0.0,0.0,489.65,0.219,0.135604,7.31796,3.04373,7.2784
DB1-Uio66Zr-BDC_A-NiC4_No1,0.015,16.71761,486.6785999999996,920.8191999999996,4251.559199999996,4714.176,12084.0,33088.0,72384.0,91776.0,54.0,152.0,432.0,672.0,632.0,2336.0,4812.0,6360.0,38.94480000000002,137.06480000000005,306.5663999999999,470.58720000000017,1.7689,36.60160000000001,26.493600000000004,105.06999999999998,1600.0,2560.0,7440.0,7360.0,1.0,8.0,10.0,24.0,64.0,176.0,368.0,464.0,2.3716000000000004,8.9936,15.369200000000005,27.22720000000001,0.0,-16.88,-6.619999999999998,-47.07999999999999,0.0,256.0,214.0,776.0,0.0,0.0,0.0,0.0,0.0,42.0,34.0,134.0,0.0,6.480000000000003,5.420000000000001,19.28,118.7144,219.096,337.3204,385.387,548.0,1008.0,1456.0,1420.0,16.0,32.0,48.0,58.0,80.0,192.0,256.0,250.0,7.422399999999999,16.262400000000003,23.04480000000001,24.6794,11.8336,8.771999999999998,20.605599999999995,17.543999999999997,64.0,48.0,112.0,96.0,1.0,1.0,2.0,2.0,1.0,3.0,4.0,6.0,0.5328999999999998,0.5621,1.095,1.1242,28.09,59.88999999999999,87.98,119.78,0.0,0.8900000000000002,0.8900000000000002,1.7800000000000005,0.0,2.0,2.0,4.0,0.0,0.0,0.0,0.0,0.0,-2.0,-2.0,-4.0,0.0,-0.04,-0.04,-0.08,0.0,-6.000000000000001,-6.000000000000001,-12.000000000000002,0.0,0.0,0.0,0.0,0.0,0.0,0.0,0.0,0.0,0.0,0.0,0.0,0.0,0.0,0.0,0.0,0.0,0.0,0.0,0.0,0.0,0.0,0.0,0.0,0.0,0.0,0.0,0.0,0.0,0.0,0.0,0.0,0.0,0.0,0.0,0.0,0.0,0.0,0.0,0.0,0.0,0.0,0.0,0.0,0.0,0.0,0.0,0.0,4471.7,1.23588,580.944,1299.16,1051.2,0.0,0.0,0.0,342.89,0.07668,0.0620449,0.0,0.0,0.0,1529.32,0.342,0.276726,0.0,0.0,0.0,8.69308,3.84796,8.69308
DB1-Uio66Zr-BDC_A-NiC4_No1,0.15,76.517435,486.6785999999996,920.8191999999996,4251.559199999996,4714.176,12084.0,33088.0,72384.0,91776.0,54.0,152.0,432.0,672.0,632.0,2336.0,4812.0,6360.0,38.94480000000002,137.06480000000005,306.5663999999999,470.58720000000017,1.7689,36.60160000000001,26.493600000000004,105.06999999999998,1600.0,2560.0,7440.0,7360.0,1.0,8.0,10.0,24.0,64.0,176.0,368.0,464.0,2.3716000000000004,8.9936,15.369200000000005,27.22720000000001,0.0,-16.88,-6.619999999999998,-47.07999999999999,0.0,256.0,214.0,776.0,0.0,0.0,0.0,0.0,0.0,42.0,34.0,134.0,0.0,6.480000000000003,5.420000000000001,19.28,118.7144,219.096,337.3204,385.387,548.0,1008.0,1456.0,1420.0,16.0,32.0,48.0,58.0,80.0,192.0,256.0,250.0,7.422399999999999,16.262400000000003,23.04480000000001,24.6794,11.8336,8.771999999999998,20.605599999999995,17.543999999999997,64.0,48.0,112.0,96.0,1.0,1.0,2.0,2.0,1.0,3.0,4.0,6.0,0.5328999999999998,0.5621,1.095,1.1242,28.09,59.88999999999999,87.98,119.78,0.0,0.8900000000000002,0.8900000000000002,1.7800000000000005,0.0,2.0,2.0,4.0,0.0,0.0,0.0,0.0,0.0,-2.0,-2.0,-4.0,0.0,-0.04,-0.04,-0.08,0.0,-6.000000000000001,-6.000000000000001,-12.000000000000002,0.0,0.0,0.0,0.0,0.0,0.0,0.0,0.0,0.0,0.0,0.0,0.0,0.0,0.0,0.0,0.0,0.0,0.0,0.0,0.0,0.0,0.0,0.0,0.0,0.0,0.0,0.0,0.0,0.0,0.0,0.0,0.0,0.0,0.0,0.0,0.0,0.0,0.0,0.0,0.0,0.0,0.0,0.0,0.0,0.0,0.0,0.0,0.0,4471.7,1.23588,580.944,1299.16,1051.2,0.0,0.0,0.0,342.89,0.07668,0.0620449,0.0,0.0,0.0,1529.32,0.342,0.276726,0.0,0.0,0.0,8.69308,3.84796,8.69308
DB1-Uio66Zr-irmof20_A_No19,0.015,6.49271,486.6785999999997,920.8192000000006,4251.559199999997,4714.176000000003,12084.0,33088.0,72384.0,91776.0,54.0,152.0,432.0,672.0,632.0,2336.0,4812.0,6360.0,38.94480000000001,137.06480000000013,306.56640000000027,470.5872000000002,1.7689,36.60160000000001,26.493600000000004,105.06999999999998,1600.0,2560.0,7440.0,7360.0,1.0,8.0,10.0,24.0,64.0,176.0,368.0,464.0,2.3716000000000004,8.9936,15.369200000000005,27.22720000000001,0.0,-16.88,-6.619999999999998,-47.07999999999999,0.0,256.0,214.0,776.0,0.0,0.0,0.0,0.0,0.0,42.0,34.0,134.0,0.0,6.480000000000003,5.420000000000001,19.28,146.0144,279.203,419.4303999999998,457.899,1186.0,1880.0,3160.0,4264.0,18.0,38.0,56.0,60.0,94.0,230.0,328.0,302.0,10.2952,22.4094,34.317600000000006,36.70940000000001,11.8336,8.771999999999998,20.605599999999995,17.647199999999998,64.0,48.0,112.0,176.0,1.0,1.0,2.0,2.0,1.0,3.0,4.0,5.0,0.5328999999999998,0.5621,1.095,1.3067000000000002,28.09,59.88999999999999,87.98,162.71,0.0,0.8900000000000002,0.8900000000000002,1.75,0.0,2.0,2.0,-6.0,0.0,0.0,0.0,0.0,0.0,-2.0,-2.0,-3.0,0.0,-0.04,-0.04,-0.33,0.0,-6.000000000000001,-6.000000000000001,-20.1,9.245,14.748999999999995,21.93,42.0153,160.0,124.0,240.0,608.0,1.0,2.0,3.0,5.0,4.0,10.0,18.0,21.0,0.7866499999999998,1.2015,2.1329,3.708800000000001,202.225,261.1088415,498.33,666.1399999999999,0.0,1.0950000000000004,0.9500000000000008,0.0450000000000003,0.0,14.5,22.0,15.0,0.0,0.0,0.0,0.0,0.0,-1.0,-3.0,-0.5,0.0,0.41,0.4599999999999999,0.375,0.0,5.496444999999998,10.199999999999996,12.149999999999991,3163.9,1.16974,465.447,1471.12,1257.65,0.0,0.0,0.0,306.708,0.09694,0.0828734,0.0,0.0,0.0,1189.62,0.376,0.32144,0.0,0.0,0.0,8.33703,3.97661,8.33597
DB1-Uio66Zr-irmof20_A_No19,0.15,66.65087,486.6785999999997,920.8192000000006,4251.559199999997,4714.176000000003,12084.0,33088.0,72384.0,91776.0,54.0,152.0,432.0,672.0,632.0,2336.0,4812.0,6360.0,38.94480000000001,137.06480000000013,306.56640000000027,470.5872000000002,1.7689,36.60160000000001,26.493600000000004,105.06999999999998,1600.0,2560.0,7440.0,7360.0,1.0,8.0,10.0,24.0,64.0,176.0,368.0,464.0,2.3716000000000004,8.9936,15.369200000000005,27.22720000000001,0.0,-16.88,-6.619999999999998,-47.07999999999999,0.0,256.0,214.0,776.0,0.0,0.0,0.0,0.0,0.0,42.0,34.0,134.0,0.0,6.480000000000003,5.420000000000001,19.28,146.0144,279.203,419.4303999999998,457.899,1186.0,1880.0,3160.0,4264.0,18.0,38.0,56.0,60.0,94.0,230.0,328.0,302.0,10.2952,22.4094,34.317600000000006,36.70940000000001,11.8336,8.771999999999998,20.605599999999995,17.647199999999998,64.0,48.0,112.0,176.0,1.0,1.0,2.0,2.0,1.0,3.0,4.0,5.0,0.5328999999999998,0.5621,1.095,1.3067000000000002,28.09,59.88999999999999,87.98,162.71,0.0,0.8900000000000002,0.8900000000000002,1.75,0.0,2.0,2.0,-6.0,0.0,0.0,0.0,0.0,0.0,-2.0,-2.0,-3.0,0.0,-0.04,-0.04,-0.33,0.0,-6.000000000000001,-6.000000000000001,-20.1,9.245,14.748999999999995,21.93,42.0153,160.0,124.0,240.0,608.0,1.0,2.0,3.0,5.0,4.0,10.0,18.0,21.0,0.7866499999999998,1.2015,2.1329,3.708800000000001,202.225,261.1088415,498.33,666.1399999999999,0.0,1.0950000000000004,0.9500000000000008,0.0450000000000003,0.0,14.5,22.0,15.0,0.0,0.0,0.0,0.0,0.0,-1.0,-3.0,-0.5,0.0,0.41,0.4599999999999999,0.375,0.0,5.496444999999998,10.199999999999996,12.149999999999991,3163.9,1.16974,465.447,1471.12,1257.65,0.0,0.0,0.0,306.708,0.09694,0.0828734,0.0,0.0,0.0,1189.62,0.376,0.32144,0.0,0.0,0.0,8.33703,3.97661,8.33597
DB1-Uio66Zr-BDC_A-irmof6_A_No18,0.015,95.30106,486.6785999999997,920.8192000000006,4251.559199999997,4714.176000000003,12084.0,33088.0,72384.0,91776.0,54.0,152.0,432.0,672.0,632.0,2336.0,4812.0,6360.0,38.94480000000001,137.06480000000013,306.56640000000027,470.5872000000002,1.7689,36.60160000000001,26.493600000000004,105.06999999999998,1600.0,2560.0,7440.0,7360.0,1.0,8.0,10.0,24.0,64.0,176.0,368.0,464.0,2.3716000000000004,8.9936,15.369200000000005,27.22720000000001,0.0,-16.88,-6.619999999999998,-47.07999999999999,0.0,256.0,214.0,776.0,0.0,0.0,0.0,0.0,0.0,42.0,34.0,134.0,0.0,6.480000000000003,5.420000000000001,19.28,134.2299,255.20183333333333,390.60373333333337,458.162,602.0,1131.3333333333333,1654.3333333333333,1727.0,18.33333333333333,37.0,56.333333333333336,68.33333333333333,94.0,228.66666666666663,309.6666666666667,330.3333333333333,8.2485,18.45790000000001,26.45963333333334,29.7887,11.8336,8.771999999999998,20.605599999999995,17.543999999999997,64.0,48.0,112.0,96.0,1.0,1.0,2.0,2.0,1.0,3.0,4.0,6.0,0.5328999999999998,0.5621,1.095,1.1242,28.09,59.88999999999999,87.98,119.78,0.0,0.8900000000000002,0.8900000000000002,1.7800000000000005,0.0,2.0,2.0,4.0,0.0,0.0,0.0,0.0,0.0,-2.0,-2.0,-4.0,0.0,-0.04,-0.04,-0.08,0.0,-6.000000000000001,-6.000000000000001,-12.000000000000002,7.701333333333333,17.606666666666666,12.92,24.953333333333337,40.833333333333336,46.66666666666666,70.0,110.83333333333331,0.8333333333333334,2.5,1.6666666666666667,3.333333333333333,7.5,12.5,15.0,25.0,0.46875,0.94375,0.9625,1.6749999999999998,45.63333333333333,125.27102333333336,139.36666666666667,236.843845,0.0,1.808333333333333,0.816666666666667,1.9250000000000005,0.0,10.833333333333334,1.6666666666666667,7.5,0.0,0.0,0.0,0.0,0.0,3.333333333333333,0.0,1.6666666666666667,0.0,0.6166666666666667,-0.0333333333333333,0.2666666666666666,0.0,1.5714833333333338,-6.5,-7.339258333333334,2235.84,1.31098,0.0,0.0,0.0,225.178,1007.13,768.226,0.0,0.0,0.0,112.642,0.05038,0.0384293,0.0,0.0,0.0,662.927,0.2965,0.226167,7.31796,3.65413,7.31796
DB1-Uio66Zr-BDC_A-irmof6_A_No18,0.15,140.29365,486.6785999999997,920.8192000000006,4251.559199999997,4714.176000000003,12084.0,33088.0,72384.0,91776.0,54.0,152.0,432.0,672.0,632.0,2336.0,4812.0,6360.0,38.94480000000001,137.06480000000013,306.56640000000027,470.5872000000002,1.7689,36.60160000000001,26.493600000000004,105.06999999999998,1600.0,2560.0,7440.0,7360.0,1.0,8.0,10.0,24.0,64.0,176.0,368.0,464.0,2.3716000000000004,8.9936,15.369200000000005,27.22720000000001,0.0,-16.88,-6.619999999999998,-47.07999999999999,0.0,256.0,214.0,776.0,0.0,0.0,0.0,0.0,0.0,42.0,34.0,134.0,0.0,6.480000000000003,5.420000000000001,19.28,134.2299,255.20183333333333,390.60373333333337,458.162,602.0,1131.3333333333333,1654.3333333333333,1727.0,18.33333333333333,37.0,56.333333333333336,68.33333333333333,94.0,228.66666666666663,309.6666666666667,330.3333333333333,8.2485,18.45790000000001,26.45963333333334,29.7887,11.8336,8.771999999999998,20.605599999999995,17.543999999999997,64.0,48.0,112.0,96.0,1.0,1.0,2.0,2.0,1.0,3.0,4.0,6.0,0.5328999999999998,0.5621,1.095,1.1242,28.09,59.88999999999999,87.98,119.78,0.0,0.8900000000000002,0.8900000000000002,1.7800000000000005,0.0,2.0,2.0,4.0,0.0,0.0,0.0,0.0,0.0,-2.0,-2.0,-4.0,0.0,-0.04,-0.04,-0.08,0.0,-6.000000000000001,-6.000000000000001,-12.000000000000002,7.701333333333333,17.606666666666666,12.92,24.953333333333337,40.833333333333336,46.66666666666666,70.0,110.83333333333331,0.8333333333333334,2.5,1.6666666666666667,3.333333333333333,7.5,12.5,15.0,25.0,0.46875,0.94375,0.9625,1.6749999999999998,45.63333333333333,125.27102333333336,139.36666666666667,236.843845,0.0,1.808333333333333,0.816666666666667,1.9250000000000005,0.0,10.833333333333334,1.6666666666666667,7.5,0.0,0.0,0.0,0.0,0.0,3.333333333333333,0.0,1.6666666666666667,0.0,0.6166666666666667,-0.0333333333333333,0.2666666666666666,0.0,1.5714833333333338,-6.5,-7.339258333333334,2235.84,1.31098,0.0,0.0,0.0,225.178,1007.13,768.226,0.0,0.0,0.0,112.642,0.05038,0.0384293,0.0,0.0,0.0,662.927,0.2965,0.226167,7.31796,3.65413,7.31796
DB1-Uio66Zr-irmof10_A-irmof14_A_No445,0.015,5.391725,486.6785999999998,920.8191999999996,4251.559200000001,4714.176000000001,12084.0,33088.0,72384.0,91776.0,54.0,152.0,432.0,672.0,632.0,2336.0,4812.0,6360.0,38.94480000000004,137.06480000000013,306.56640000000016,470.5872000000002,1.7689,36.60160000000001,26.493600000000004,105.06999999999996,1600.0,2560.0,7440.0,7360.0,1.0,8.0,10.0,24.0,64.0,176.0,368.0,464.0,2.3716000000000004,8.9936,15.369200000000005,27.22720000000001,0.0,-16.88,-6.619999999999998,-47.07999999999999,0.0,256.0,214.0,776.0,0.0,0.0,0.0,0.0,0.0,42.0,34.0,134.0,0.0,6.480000000000003,5.420000000000001,19.280000000000005,232.8996,455.2186666666667,708.9083999999998,886.3913333333334,1102.0,2158.6666666666665,3246.0,3671.3333333333335,30.666666666666668,64.0,100.0,130.0,164.0,408.0,596.0,703.3333333333334,14.641466666666668,33.2184,50.16840000000001,60.88713333333336,11.8336,8.771999999999998,20.605599999999995,17.543999999999997,64.0,48.0,112.0,96.0,1.0,1.0,2.0,2.0,1.0,3.0,4.0,6.0,0.5328999999999998,0.5621,1.095,1.1242,28.09,59.88999999999999,87.98,119.78,0.0,0.8900000000000002,0.8900000000000002,1.7800000000000005,0.0,2.0,2.0,4.0,0.0,0.0,0.0,0.0,0.0,-2.0,-2.0,-4.0,0.0,-0.04,-0.04,-0.08,0.0,-6.000000000000001,-6.000000000000001,-12.000000000000002,10.6816,17.29422222222222,18.33822222222222,23.055111111111103,57.333333333333336,83.22222222222223,99.55555555555556,112.44444444444444,1.0,1.888888888888889,2.0,2.888888888888889,4.555555555555555,8.333333333333334,10.22222222222222,16.666666666666668,0.5460555555555555,0.9575,1.1216666666666668,1.5178888888888888,39.943333333333335,91.85976022222223,123.20666666666668,192.86116177777777,0.0,0.4977777777777779,0.9300000000000004,2.015555555555556,0.0,2.444444444444444,2.0,6.222222222222222,0.0,0.0,0.0,0.0,0.0,0.6666666666666666,-1.111111111111111,-1.3333333333333333,0.0,0.1177777777777777,-0.04,0.0977777777777777,0.0,-0.7690366666666666,-6.8,-10.58093777777778,4791.32,0.917965,891.72,1861.12,2027.44,0.0,0.0,0.0,920.604,0.19214,0.209311,0.0,0.0,0.0,2505.86,0.523,0.569738,0.0,0.0,0.0,10.06126,6.55622,10.05914
DB1-Uio66Zr-irmof10_A-irmof14_A_No445,0.15,49.82598,486.6785999999998,920.8191999999996,4251.559200000001,4714.176000000001,12084.0,33088.0,72384.0,91776.0,54.0,152.0,432.0,672.0,632.0,2336.0,4812.0,6360.0,38.94480000000004,137.06480000000013,306.56640000000016,470.5872000000002,1.7689,36.60160000000001,26.493600000000004,105.06999999999996,1600.0,2560.0,7440.0,7360.0,1.0,8.0,10.0,24.0,64.0,176.0,368.0,464.0,2.3716000000000004,8.9936,15.369200000000005,27.22720000000001,0.0,-16.88,-6.619999999999998,-47.07999999999999,0.0,256.0,214.0,776.0,0.0,0.0,0.0,0.0,0.0,42.0,34.0,134.0,0.0,6.480000000000003,5.420000000000001,19.280000000000005,232.8996,455.2186666666667,708.9083999999998,886.3913333333334,1102.0,2158.6666666666665,3246.0,3671.3333333333335,30.666666666666668,64.0,100.0,130.0,164.0,408.0,596.0,703.3333333333334,14.641466666666668,33.2184,50.16840000000001,60.88713333333336,11.8336,8.771999999999998,20.605599999999995,17.543999999999997,64.0,48.0,112.0,96.0,1.0,1.0,2.0,2.0,1.0,3.0,4.0,6.0,0.5328999999999998,0.5621,1.095,1.1242,28.09,59.88999999999999,87.98,119.78,0.0,0.8900000000000002,0.8900000000000002,1.7800000000000005,0.0,2.0,2.0,4.0,0.0,0.0,0.0,0.0,0.0,-2.0,-2.0,-4.0,0.0,-0.04,-0.04,-0.08,0.0,-6.000000000000001,-6.000000000000001,-12.000000000000002,10.6816,17.29422222222222,18.33822222222222,23.055111111111103,57.333333333333336,83.22222222222223,99.55555555555556,112.44444444444444,1.0,1.888888888888889,2.0,2.888888888888889,4.555555555555555,8.333333333333334,10.22222222222222,16.666666666666668,0.5460555555555555,0.9575,1.1216666666666668,1.5178888888888888,39.943333333333335,91.85976022222223,123.20666666666668,192.86116177777777,0.0,0.4977777777777779,0.9300000000000004,2.015555555555556,0.0,2.444444444444444,2.0,6.222222222222222,0.0,0.0,0.0,0.0,0.0,0.6666666666666666,-1.111111111111111,-1.3333333333333333,0.0,0.1177777777777777,-0.04,0.0977777777777777,0.0,-0.7690366666666666,-6.8,-10.58093777777778,4791.32,0.917965,891.72,1861.12,2027.44,0.0,0.0,0.0,920.604,0.19214,0.209311,0.0,0.0,0.0,2505.86,0.523,0.569738,0.0,0.0,0.0,10.06126,6.55622,10.05914
DB1-Uio66Zr-BDC_A-irmof7_A_No111,0.015,163.84352,486.6785999999998,920.8192000000008,4251.559199999997,4714.176000000005,12084.0,33088.0,72384.0,91776.0,54.0,152.0,432.0,672.0,632.0,2336.0,4812.0,6360.0,38.9448,137.06480000000005,306.5664,470.58720000000017,1.7689,36.60160000000001,26.493600000000004,105.06999999999998,1600.0,2560.0,7440.0,7360.0,1.0,8.0,10.0,24.0,64.0,176.0,368.0,464.0,2.3716000000000004,8.9936,15.369200000000005,27.22720000000001,0.0,-16.88,-6.619999999999998,-47.07999999999999,0.0,256.0,214.0,776.0,0.0,0.0,0.0,0.0,0.0,42.0,34.0,134.0,0.0,6.480000000000003,5.420000000000001,19.28,142.09268333333333,270.3643333333333,425.3214,497.9171999999999,625.3333333333334,1185.3333333333333,1755.0,1892.0,19.83333333333333,40.0,62.66666666666666,75.0,102.66666666666669,247.3333333333333,340.0,378.6666666666667,8.763183333333332,19.743200000000005,28.70093333333333,33.02643333333334,11.8336,8.771999999999998,20.605599999999995,17.543999999999997,64.0,48.0,112.0,96.0,1.0,1.0,2.0,2.0,1.0,3.0,4.0,6.0,0.5328999999999998,0.5621,1.095,1.1242,28.09,59.88999999999999,87.98,119.78,0.0,0.8900000000000002,0.8900000000000002,1.7800000000000005,0.0,2.0,2.0,4.0,0.0,0.0,0.0,0.0,0.0,-2.0,-2.0,-4.0,0.0,-0.04,-0.04,-0.08,0.0,-6.000000000000001,-6.000000000000001,-12.000000000000002,1.9722666666666664,2.723333333333333,2.9239999999999995,6.358266666666665,10.666666666666666,9.333333333333334,16.0,34.666666666666664,0.1666666666666666,0.3333333333333333,0.3333333333333333,0.6666666666666666,0.6666666666666666,1.3333333333333333,2.0,3.6666666666666665,0.0888166666666666,0.1387,0.1873666666666666,0.3698666666666666,4.681666666666667,13.962947166666666,19.96333333333333,34.626666666666665,0.0,0.355,0.2966666666666667,0.445,0.0,1.5,0.6666666666666666,1.0,0.0,0.0,0.0,0.0,0.0,0.0,-0.3333333333333333,-0.5,0.0,0.0533333333333333,-0.0133333333333333,-0.02,0.0,-0.8678516666666668,-2.0000000000000004,-3.0000000000000004,2235.84,1.34892,0.0,0.0,0.0,224.959,1006.15,745.895,0.0,0.0,0.0,102.938,0.04604,0.0341311,0.0,0.0,0.0,624.918,0.2795,0.207203,6.64659,3.28875,6.64659
DB1-Uio66Zr-BDC_A-irmof7_A_No111,0.15,153.05881,486.6785999999998,920.8192000000008,4251.559199999997,4714.176000000005,12084.0,33088.0,72384.0,91776.0,54.0,152.0,432.0,672.0,632.0,2336.0,4812.0,6360.0,38.9448,137.06480000000005,306.5664,470.58720000000017,1.7689,36.60160000000001,26.493600000000004,105.06999999999998,1600.0,2560.0,7440.0,7360.0,1.0,8.0,10.0,24.0,64.0,176.0,368.0,464.0,2.3716000000000004,8.9936,15.369200000000005,27.22720000000001,0.0,-16.88,-6.619999999999998,-47.07999999999999,0.0,256.0,214.0,776.0,0.0,0.0,0.0,0.0,0.0,42.0,34.0,134.0,0.0,6.480000000000003,5.420000000000001,19.28,142.09268333333333,270.3643333333333,425.3214,497.9171999999999,625.3333333333334,1185.3333333333333,1755.0,1892.0,19.83333333333333,40.0,62.66666666666666,75.0,102.66666666666669,247.3333333333333,340.0,378.6666666666667,8.763183333333332,19.743200000000005,28.70093333333333,33.02643333333334,11.8336,8.771999999999998,20.605599999999995,17.543999999999997,64.0,48.0,112.0,96.0,1.0,1.0,2.0,2.0,1.0,3.0,4.0,6.0,0.5328999999999998,0.5621,1.095,1.1242,28.09,59.88999999999999,87.98,119.78,0.0,0.8900000000000002,0.8900000000000002,1.7800000000000005,0.0,2.0,2.0,4.0,0.0,0.0,0.0,0.0,0.0,-2.0,-2.0,-4.0,0.0,-0.04,-0.04,-0.08,0.0,-6.000000000000001,-6.000000000000001,-12.000000000000002,1.9722666666666664,2.723333333333333,2.9239999999999995,6.358266666666665,10.666666666666666,9.333333333333334,16.0,34.666666666666664,0.1666666666666666,0.3333333333333333,0.3333333333333333,0.6666666666666666,0.6666666666666666,1.3333333333333333,2.0,3.6666666666666665,0.0888166666666666,0.1387,0.1873666666666666,0.3698666666666666,4.681666666666667,13.962947166666666,19.96333333333333,34.626666666666665,0.0,0.355,0.2966666666666667,0.445,0.0,1.5,0.6666666666666666,1.0,0.0,0.0,0.0,0.0,0.0,0.0,-0.3333333333333333,-0.5,0.0,0.0533333333333333,-0.0133333333333333,-0.02,0.0,-0.8678516666666668,-2.0000000000000004,-3.0000000000000004,2235.84,1.34892,0.0,0.0,0.0,224.959,1006.15,745.895,0.0,0.0,0.0,102.938,0.04604,0.0341311,0.0,0.0,0.0,624.918,0.2795,0.207203,6.64659,3.28875,6.64659
DB1-Uio66Zr-irmof10_A-irmof14_A_No27,0.015,7.885695,175.09053333333327,323.13066666666657,1420.5184000000006,1571.3920000000005,4100.666666666667,11125.333333333334,24152.0,30592.0,20.0,53.333333333333336,145.33333333333334,224.0,214.66666666666663,784.0,1605.3333333333333,2120.0,14.911400000000016,47.73226666666671,103.55426666666672,156.86240000000006,1.5667750000000005,28.29400000000001,20.494950000000003,80.05199999999998,1202.25,1926.0,5584.5,5529.0,1.0,6.25,7.75,18.5,48.25,132.5,276.75,349.5,2.2209250000000003,6.987925000000001,11.782925000000004,20.93245000000001,0.0,-13.274999999999997,-5.357499999999998,-36.09499999999999,0.0,190.75,159.75,580.5,0.0,0.0,0.0,0.0,0.0,31.25,25.0,99.5,0.0,5.0100000000000025,4.205000000000001,14.740000000000002,183.7556,370.124,587.3564,729.5179999999999,813.0,1660.0,2472.0,2648.0,26.666666666666668,56.0,88.0,114.0,144.0,360.0,520.0,575.3333333333334,12.054666666666668,28.21280000000001,42.20240000000001,49.20233333333334,11.8336,8.771999999999998,20.2229,19.5865,64.0,48.0,110.0,103.0,1.0,1.0,2.0,2.25,1.0,3.0,4.25,6.5,0.5328999999999998,0.5621,1.09865,1.228225,28.09,59.88999999999999,91.955,130.25221037499998,0.0,0.8900000000000003,1.0012500000000002,2.04625,0.0,2.0,2.25,5.125,0.0,0.0,0.0,0.0,0.0,-2.0,-2.25,-4.25,0.0,-0.04,-0.045,-0.04,0.0,-6.000000000000001,-6.750000000000001,-12.650888750000002,0.0,0.0,0.0,0.0,0.0,0.0,0.0,0.0,0.0,0.0,0.0,0.0,0.0,0.0,0.0,0.0,0.0,0.0,0.0,0.0,0.0,0.0,0.0,0.0,0.0,0.0,0.0,0.0,0.0,0.0,0.0,0.0,0.0,0.0,0.0,0.0,0.0,0.0,0.0,0.0,0.0,0.0,0.0,0.0,0.0,0.0,0.0,0.0,4791.32,0.766812,1044.57,2180.14,2843.12,0.0,0.0,0.0,1027.45,0.21444,0.279651,0.0,0.0,0.0,2719.07,0.5675,0.740077,0.0,0.0,0.0,10.06126,6.56005,10.06126
DB1-Uio66Zr-irmof10_A-irmof14_A_No27,0.15,50.48019,175.09053333333327,323.13066666666657,1420.5184000000006,1571.3920000000005,4100.666666666667,11125.333333333334,24152.0,30592.0,20.0,53.333333333333336,145.33333333333334,224.0,214.66666666666663,784.0,1605.3333333333333,2120.0,14.911400000000016,47.73226666666671,103.55426666666672,156.86240000000006,1.5667750000000005,28.29400000000001,20.494950000000003,80.05199999999998,1202.25,1926.0,5584.5,5529.0,1.0,6.25,7.75,18.5,48.25,132.5,276.75,349.5,2.2209250000000003,6.987925000000001,11.782925000000004,20.93245000000001,0.0,-13.274999999999997,-5.357499999999998,-36.09499999999999,0.0,190.75,159.75,580.5,0.0,0.0,0.0,0.0,0.0,31.25,25.0,99.5,0.0,5.0100000000000025,4.205000000000001,14.740000000000002,183.7556,370.124,587.3564,729.5179999999999,813.0,1660.0,2472.0,2648.0,26.666666666666668,56.0,88.0,114.0,144.0,360.0,520.0,575.3333333333334,12.054666666666668,28.21280000000001,42.20240000000001,49.20233333333334,11.8336,8.771999999999998,20.2229,19.5865,64.0,48.0,110.0,103.0,1.0,1.0,2.0,2.25,1.0,3.0,4.25,6.5,0.5328999999999998,0.5621,1.09865,1.228225,28.09,59.88999999999999,91.955,130.25221037499998,0.0,0.8900000000000003,1.0012500000000002,2.04625,0.0,2.0,2.25,5.125,0.0,0.0,0.0,0.0,0.0,-2.0,-2.25,-4.25,0.0,-0.04,-0.045,-0.04,0.0,-6.000000000000001,-6.750000000000001,-12.650888750000002,0.0,0.0,0.0,0.0,0.0,0.0,0.0,0.0,0.0,0.0,0.0,0.0,0.0,0.0,0.0,0.0,0.0,0.0,0.0,0.0,0.0,0.0,0.0,0.0,0.0,0.0,0.0,0.0,0.0,0.0,0.0,0.0,0.0,0.0,0.0,0.0,0.0,0.0,0.0,0.0,0.0,0.0,0.0,0.0,0.0,0.0,0.0,0.0,4791.32,0.766812,1044.57,2180.14,2843.12,0.0,0.0,0.0,1027.45,0.21444,0.279651,0.0,0.0,0.0,2719.07,0.5675,0.740077,0.0,0.0,0.0,10.06126,6.56005,10.06126
DB1-Uio66Zr-irmof6_A-irmof7_A_No21,0.015,152.48649,486.6785999999998,920.8192000000008,4251.559199999997,4714.176000000006,12084.0,33088.0,72384.0,91776.0,54.0,152.0,432.0,672.0,632.0,2336.0,4812.0,6360.0,38.9448,137.06480000000005,306.5664,470.5872000000002,1.7689,36.60160000000001,26.493600000000004,105.06999999999998,1600.0,2560.0,7440.0,7360.0,1.0,8.0,10.0,24.0,64.0,176.0,368.0,464.0,2.3716000000000004,8.9936,15.369200000000005,27.22720000000001,0.0,-16.88,-6.619999999999998,-47.07999999999999,0.0,256.0,214.0,776.0,0.0,0.0,0.0,0.0,0.0,42.0,34.0,134.0,0.0,6.480000000000003,5.420000000000001,19.28,145.2821,286.518,462.2877333333333,534.4723666666665,730.0,1336.0,1971.3333333333333,2233.6666666666665,20.33333333333333,42.66666666666666,68.66666666666667,82.0,114.66666666666669,292.3333333333333,394.0,422.6666666666667,9.3607,21.672933333333333,31.950600000000005,36.12353333333333,11.8336,8.771999999999998,20.605599999999995,17.543999999999997,64.0,48.0,112.0,96.0,1.0,1.0,2.0,2.0,1.0,3.0,4.0,6.0,0.5328999999999998,0.5621,1.095,1.1242,28.09,59.88999999999999,87.98,119.78,0.0,0.8900000000000002,0.8900000000000002,1.7800000000000005,0.0,2.0,2.0,4.0,0.0,0.0,0.0,0.0,0.0,-2.0,-2.0,-4.0,0.0,-0.04,-0.04,-0.08,0.0,-6.000000000000001,-6.000000000000001,-12.000000000000002,1.664266666666667,1.343,2.686,5.693266666666666,48.16666666666666,17.0,34.0,99.16666666666669,0.1666666666666666,0.1666666666666666,0.3333333333333333,0.6666666666666666,0.1666666666666666,0.5,1.0,1.6666666666666667,0.16335,0.12705,0.2541,0.5444999999999999,35.526666666666664,27.49666666666667,54.99333333333334,118.01666666666668,0.0,0.1016666666666667,0.2033333333333334,0.3050000000000001,0.0,1.8333333333333333,3.6666666666666665,5.5,0.0,0.0,0.0,0.0,0.0,-0.3333333333333333,-0.6666666666666666,-1.0,0.0,0.0366666666666666,0.0733333333333333,0.1099999999999999,0.0,0.5499999999999998,1.0999999999999996,1.6499999999999997,2283.85,1.39105,0.0,0.0,0.0,195.664,856.728,615.885,0.0,0.0,0.0,86.6948,0.03796,0.0272887,0.0,0.0,0.0,574.387,0.2515,0.180798,6.35607,3.38793,6.35607
DB1-Uio66Zr-irmof6_A-irmof7_A_No21,0.15,171.56424,486.6785999999998,920.8192000000008,4251.559199999997,4714.176000000006,12084.0,33088.0,72384.0,91776.0,54.0,152.0,432.0,672.0,632.0,2336.0,4812.0,6360.0,38.9448,137.06480000000005,306.5664,470.5872000000002,1.7689,36.60160000000001,26.493600000000004,105.06999999999998,1600.0,2560.0,7440.0,7360.0,1.0,8.0,10.0,24.0,64.0,176.0,368.0,464.0,2.3716000000000004,8.9936,15.369200000000005,27.22720000000001,0.0,-16.88,-6.619999999999998,-47.07999999999999,0.0,256.0,214.0,776.0,0.0,0.0,0.0,0.0,0.0,42.0,34.0,134.0,0.0,6.480000000000003,5.420000000000001,19.28,145.2821,286.518,462.2877333333333,534.4723666666665,730.0,1336.0,1971.3333333333333,2233.6666666666665,20.33333333333333,42.66666666666666,68.66666666666667,82.0,114.66666666666669,292.3333333333333,394.0,422.6666666666667,9.3607,21.672933333333333,31.950600000000005,36.12353333333333,11.8336,8.771999999999998,20.605599999999995,17.543999999999997,64.0,48.0,112.0,96.0,1.0,1.0,2.0,2.0,1.0,3.0,4.0,6.0,0.5328999999999998,0.5621,1.095,1.1242,28.09,59.88999999999999,87.98,119.78,0.0,0.8900000000000002,0.8900000000000002,1.7800000000000005,0.0,2.0,2.0,4.0,0.0,0.0,0.0,0.0,0.0,-2.0,-2.0,-4.0,0.0,-0.04,-0.04,-0.08,0.0,-6.000000000000001,-6.000000000000001,-12.000000000000002,1.664266666666667,1.343,2.686,5.693266666666666,48.16666666666666,17.0,34.0,99.16666666666669,0.1666666666666666,0.1666666666666666,0.3333333333333333,0.6666666666666666,0.1666666666666666,0.5,1.0,1.6666666666666667,0.16335,0.12705,0.2541,0.5444999999999999,35.526666666666664,27.49666666666667,54.99333333333334,118.01666666666668,0.0,0.1016666666666667,0.2033333333333334,0.3050000000000001,0.0,1.8333333333333333,3.6666666666666665,5.5,0.0,0.0,0.0,0.0,0.0,-0.3333333333333333,-0.6666666666666666,-1.0,0.0,0.0366666666666666,0.0733333333333333,0.1099999999999999,0.0,0.5499999999999998,1.0999999999999996,1.6499999999999997,2283.85,1.39105,0.0,0.0,0.0,195.664,856.728,615.885,0.0,0.0,0.0,86.6948,0.03796,0.0272887,0.0,0.0,0.0,574.387,0.2515,0.180798,6.35607,3.38793,6.35607
DB1-Uio66Zr-BDC_A-irmof6_A_No358,0.015,335.517495,486.6785999999997,920.8192,4251.559199999997,4714.176000000002,12084.0,33088.0,72384.0,91776.0,54.0,152.0,432.0,672.0,632.0,2336.0,4812.0,6360.0,38.94480000000003,137.06480000000008,306.5664,470.5872000000002,1.7689,36.60160000000001,26.493600000000004,105.06999999999996,1600.0,2560.0,7440.0,7360.0,1.0,8.0,10.0,24.0,64.0,176.0,368.0,464.0,2.3716000000000004,8.9936,15.369200000000005,27.22720000000001,0.0,-16.88,-6.619999999999998,-47.07999999999999,0.0,256.0,214.0,776.0,0.0,0.0,0.0,0.0,0.0,42.0,34.0,134.0,0.0,6.480000000000003,5.420000000000001,19.280000000000005,174.46218333333334,341.46,504.5812666666668,631.3218333333335,754.3333333333334,1426.0,2154.6666666666665,2637.333333333333,23.83333333333333,48.0,72.66666666666667,90.33333333333331,121.33333333333331,294.3333333333333,413.3333333333333,517.6666666666666,10.27345,23.26333333333333,33.771800000000006,42.35183333333335,11.8336,8.771999999999998,20.605599999999995,17.543999999999997,64.0,48.0,112.0,96.0,1.0,1.0,2.0,2.0,1.0,3.0,4.0,6.0,0.5328999999999998,0.5621,1.095,1.1242,28.09,59.88999999999999,87.98,119.78,0.0,0.8900000000000002,0.8900000000000002,1.7800000000000005,0.0,2.0,2.0,4.0,0.0,0.0,0.0,0.0,0.0,-2.0,-2.0,-4.0,0.0,-0.04,-0.04,-0.08,0.0,-6.000000000000001,-6.000000000000001,-12.000000000000002,9.6736,19.69933333333333,16.354266666666668,30.636,51.5,55.333333333333336,88.66666666666667,162.5,1.0,2.75,2.0,3.75,7.916666666666667,13.416666666666666,16.083333333333332,31.58333333333333,0.5575666666666667,1.0599416666666668,1.1450000000000002,2.122375,50.315,137.24333025,154.03,276.6373069166666,0.0,2.06,0.9650000000000004,1.6250000000000009,0.0,11.75,2.0,3.75,0.0,0.0,0.0,0.0,0.0,3.1666666666666665,-0.25,-0.5,0.0,0.64,-0.04,-0.0333333333333333,0.0,0.6375575000000002,-7.5,-11.683925833333335,2235.84,1.51094,0.0,0.0,0.0,166.715,745.648,493.5,0.0,0.0,0.0,84.2466,0.03768,0.0249382,0.0,0.0,0.0,527.659,0.236,0.156194,7.31796,2.06572,7.30984
DB1-Uio66Zr-BDC_A-irmof6_A_No358,0.15,287.551325,486.6785999999997,920.8192,4251.559199999997,4714.176000000002,12084.0,33088.0,72384.0,91776.0,54.0,152.0,432.0,672.0,632.0,2336.0,4812.0,6360.0,38.94480000000003,137.06480000000008,306.5664,470.5872000000002,1.7689,36.60160000000001,26.493600000000004,105.06999999999996,1600.0,2560.0,7440.0,7360.0,1.0,8.0,10.0,24.0,64.0,176.0,368.0,464.0,2.3716000000000004,8.9936,15.369200000000005,27.22720000000001,0.0,-16.88,-6.619999999999998,-47.07999999999999,0.0,256.0,214.0,776.0,0.0,0.0,0.0,0.0,0.0,42.0,34.0,134.0,0.0,6.480000000000003,5.420000000000001,19.280000000000005,174.46218333333334,341.46,504.5812666666668,631.3218333333335,754.3333333333334,1426.0,2154.6666666666665,2637.333333333333,23.83333333333333,48.0,72.66666666666667,90.33333333333331,121.33333333333331,294.3333333333333,413.3333333333333,517.6666666666666,10.27345,23.26333333333333,33.771800000000006,42.35183333333335,11.8336,8.771999999999998,20.605599999999995,17.543999999999997,64.0,48.0,112.0,96.0,1.0,1.0,2.0,2.0,1.0,3.0,4.0,6.0,0.5328999999999998,0.5621,1.095,1.1242,28.09,59.88999999999999,87.98,119.78,0.0,0.8900000000000002,0.8900000000000002,1.7800000000000005,0.0,2.0,2.0,4.0,0.0,0.0,0.0,0.0,0.0,-2.0,-2.0,-4.0,0.0,-0.04,-0.04,-0.08,0.0,-6.000000000000001,-6.000000000000001,-12.000000000000002,9.6736,19.69933333333333,16.354266666666668,30.636,51.5,55.333333333333336,88.66666666666667,162.5,1.0,2.75,2.0,3.75,7.916666666666667,13.416666666666666,16.083333333333332,31.58333333333333,0.5575666666666667,1.0599416666666668,1.1450000000000002,2.122375,50.315,137.24333025,154.03,276.6373069166666,0.0,2.06,0.9650000000000004,1.6250000000000009,0.0,11.75,2.0,3.75,0.0,0.0,0.0,0.0,0.0,3.1666666666666665,-0.25,-0.5,0.0,0.64,-0.04,-0.0333333333333333,0.0,0.6375575000000002,-7.5,-11.683925833333335,2235.84,1.51094,0.0,0.0,0.0,166.715,745.648,493.5,0.0,0.0,0.0,84.2466,0.03768,0.0249382,0.0,0.0,0.0,527.659,0.236,0.156194,7.31796,2.06572,7.30984
DB1-Uio66Zr-irmof8_A-imdb_No13,0.015,150.50814,486.6785999999998,920.8191999999998,4251.559199999998,4714.176000000001,12084.0,33088.0,72384.0,91776.0,54.0,152.0,432.0,672.0,632.0,2336.0,4812.0,6360.0,38.94480000000003,137.0648000000001,306.5664000000002,470.5872000000002,1.7689,36.60160000000001,26.493600000000004,105.06999999999998,1600.0,2560.0,7440.0,7360.0,1.0,8.0,10.0,24.0,64.0,176.0,368.0,464.0,2.3716000000000004,8.9936,15.369200000000005,27.22720000000001,0.0,-16.88,-6.619999999999998,-47.07999999999999,0.0,256.0,214.0,776.0,0.0,0.0,0.0,0.0,0.0,42.0,34.0,134.0,0.0,6.480000000000003,5.420000000000001,19.28,238.894,492.77699999999976,730.3684000000002,964.7584,994.0,1992.0,3100.0,4084.0,34.0,70.0,108.0,140.0,178.0,438.0,652.0,876.0,14.264200000000008,33.50220000000001,50.3132,66.99160000000005,11.8336,8.771999999999998,20.605599999999995,17.543999999999997,64.0,48.0,112.0,96.0,1.0,1.0,2.0,2.0,1.0,3.0,4.0,6.0,0.5328999999999998,0.5621,1.095,1.1242,28.09,59.88999999999999,87.98,119.78,0.0,0.8900000000000002,0.8900000000000002,1.7800000000000005,0.0,2.0,2.0,4.0,0.0,0.0,0.0,0.0,0.0,-2.0,-2.0,-4.0,0.0,-0.04,-0.04,-0.08,0.0,-6.000000000000001,-6.000000000000001,-12.000000000000002,9.2416,21.128,15.504,32.00106666666667,49.0,56.0,84.0,172.66666666666666,1.0,3.0,2.0,4.0,9.0,15.0,18.0,36.0,0.5625,1.1325,1.155,2.3000000000000003,54.76,150.325228,167.24,315.24,0.0,2.17,0.9800000000000004,1.633333333333334,0.0,13.0,2.0,3.333333333333333,0.0,0.0,0.0,0.0,0.0,4.0,0.0,0.0,0.0,0.7400000000000001,-0.04,-0.0666666666666667,0.0,1.8857800000000005,-7.8,-13.0,3454.13,1.20424,0.0,0.0,0.0,376.809,1090.89,905.88,0.0,0.0,0.0,288.282,0.08346,0.0693053,0.0,0.0,0.0,1186.49,0.3435,0.285243,8.68251,2.54728,8.67604
DB1-Uio66Zr-irmof8_A-imdb_No13,0.15,231.538885,486.6785999999998,920.8191999999998,4251.559199999998,4714.176000000001,12084.0,33088.0,72384.0,91776.0,54.0,152.0,432.0,672.0,632.0,2336.0,4812.0,6360.0,38.94480000000003,137.0648000000001,306.5664000000002,470.5872000000002,1.7689,36.60160000000001,26.493600000000004,105.06999999999998,1600.0,2560.0,7440.0,7360.0,1.0,8.0,10.0,24.0,64.0,176.0,368.0,464.0,2.3716000000000004,8.9936,15.369200000000005,27.22720000000001,0.0,-16.88,-6.619999999999998,-47.07999999999999,0.0,256.0,214.0,776.0,0.0,0.0,0.0,0.0,0.0,42.0,34.0,134.0,0.0,6.480000000000003,5.420000000000001,19.28,238.894,492.77699999999976,730.3684000000002,964.7584,994.0,1992.0,3100.0,4084.0,34.0,70.0,108.0,140.0,178.0,438.0,652.0,876.0,14.264200000000008,33.50220000000001,50.3132,66.99160000000005,11.8336,8.771999999999998,20.605599999999995,17.543999999999997,64.0,48.0,112.0,96.0,1.0,1.0,2.0,2.0,1.0,3.0,4.0,6.0,0.5328999999999998,0.5621,1.095,1.1242,28.09,59.88999999999999,87.98,119.78,0.0,0.8900000000000002,0.8900000000000002,1.7800000000000005,0.0,2.0,2.0,4.0,0.0,0.0,0.0,0.0,0.0,-2.0,-2.0,-4.0,0.0,-0.04,-0.04,-0.08,0.0,-6.000000000000001,-6.000000000000001,-12.000000000000002,9.2416,21.128,15.504,32.00106666666667,49.0,56.0,84.0,172.66666666666666,1.0,3.0,2.0,4.0,9.0,15.0,18.0,36.0,0.5625,1.1325,1.155,2.3000000000000003,54.76,150.325228,167.24,315.24,0.0,2.17,0.9800000000000004,1.633333333333334,0.0,13.0,2.0,3.333333333333333,0.0,0.0,0.0,0.0,0.0,4.0,0.0,0.0,0.0,0.7400000000000001,-0.04,-0.0666666666666667,0.0,1.8857800000000005,-7.8,-13.0,3454.13,1.20424,0.0,0.0,0.0,376.809,1090.89,905.88,0.0,0.0,0.0,288.282,0.08346,0.0693053,0.0,0.0,0.0,1186.49,0.3435,0.285243,8.68251,2.54728,8.67604
DB1-Uio66Zr-irmof10_A-irmof14_A_No405,0.015,5.260045,486.6785999999998,920.8191999999996,4251.5592000000015,4714.176000000001,12084.0,33088.0,72384.0,91776.0,54.0,152.0,432.0,672.0,632.0,2336.0,4812.0,6360.0,38.94480000000005,137.06480000000013,306.56640000000016,470.5872000000002,1.7689,36.60160000000001,26.493600000000004,105.06999999999998,1600.0,2560.0,7440.0,7360.0,1.0,8.0,10.0,24.0,64.0,176.0,368.0,464.0,2.3716000000000004,8.9936,15.369200000000005,27.22720000000001,0.0,-16.88,-6.619999999999998,-47.07999999999999,0.0,256.0,214.0,776.0,0.0,0.0,0.0,0.0,0.0,42.0,34.0,134.0,0.0,6.480000000000003,5.420000000000001,19.28,212.7828,434.0493333333333,666.8657333333332,856.0257333333334,918.0,1865.3333333333333,2819.333333333333,3245.333333333333,30.666666666666668,64.0,99.33333333333331,130.0,163.33333333333334,406.6666666666667,595.3333333333334,704.0,13.443600000000004,31.58306666666668,47.25820000000001,57.885000000000026,11.8336,8.771999999999998,20.605599999999995,17.543999999999997,64.0,48.0,112.0,96.0,1.0,1.0,2.0,2.0,1.0,3.0,4.0,6.0,0.5328999999999998,0.5621,1.095,1.1242,28.09,59.88999999999999,87.98,119.78,0.0,0.8900000000000002,0.8900000000000002,1.7800000000000005,0.0,2.0,2.0,4.0,0.0,0.0,0.0,0.0,0.0,-2.0,-2.0,-4.0,0.0,-0.04,-0.04,-0.08,0.0,-6.000000000000001,-6.000000000000001,-12.000000000000002,9.6736,20.33,15.844,31.3116,51.5,56.0,86.0,145.5,1.0,2.833333333333333,2.0,4.0,8.166666666666666,13.833333333333334,17.0,28.666666666666668,0.5575666666666667,1.08245,1.1498666666666668,2.0448666666666666,50.315000000000005,139.23397050000003,159.33,271.4705116666667,0.0,2.163333333333333,1.1133333333333335,2.370000000000001,0.0,12.333333333333334,2.333333333333333,8.5,0.0,0.0,0.0,0.0,0.0,3.333333333333333,-0.3333333333333333,1.1666666666666667,0.0,0.6699999999999999,-0.0466666666666667,0.2466666666666666,0.0,0.7036316666666669,-8.5,-10.339258333333335,4791.32,0.825827,918.204,1916.39,2320.57,0.0,0.0,0.0,1031.09,0.2152,0.260587,0.0,0.0,0.0,2637.62,0.5505,0.666604,0.0,0.0,0.0,10.06126,6.56005,10.06126
DB1-Uio66Zr-irmof10_A-irmof14_A_No405,0.15,42.01834,486.6785999999998,920.8191999999996,4251.5592000000015,4714.176000000001,12084.0,33088.0,72384.0,91776.0,54.0,152.0,432.0,672.0,632.0,2336.0,4812.0,6360.0,38.94480000000005,137.06480000000013,306.56640000000016,470.5872000000002,1.7689,36.60160000000001,26.493600000000004,105.06999999999998,1600.0,2560.0,7440.0,7360.0,1.0,8.0,10.0,24.0,64.0,176.0,368.0,464.0,2.3716000000000004,8.9936,15.369200000000005,27.22720000000001,0.0,-16.88,-6.619999999999998,-47.07999999999999,0.0,256.0,214.0,776.0,0.0,0.0,0.0,0.0,0.0,42.0,34.0,134.0,0.0,6.480000000000003,5.420000000000001,19.28,212.7828,434.0493333333333,666.8657333333332,856.0257333333334,918.0,1865.3333333333333,2819.333333333333,3245.333333333333,30.666666666666668,64.0,99.33333333333331,130.0,163.33333333333334,406.6666666666667,595.3333333333334,704.0,13.443600000000004,31.58306666666668,47.25820000000001,57.885000000000026,11.8336,8.771999999999998,20.605599999999995,17.543999999999997,64.0,48.0,112.0,96.0,1.0,1.0,2.0,2.0,1.0,3.0,4.0,6.0,0.5328999999999998,0.5621,1.095,1.1242,28.09,59.88999999999999,87.98,119.78,0.0,0.8900000000000002,0.8900000000000002,1.7800000000000005,0.0,2.0,2.0,4.0,0.0,0.0,0.0,0.0,0.0,-2.0,-2.0,-4.0,0.0,-0.04,-0.04,-0.08,0.0,-6.000000000000001,-6.000000000000001,-12.000000000000002,9.6736,20.33,15.844,31.3116,51.5,56.0,86.0,145.5,1.0,2.833333333333333,2.0,4.0,8.166666666666666,13.833333333333334,17.0,28.666666666666668,0.5575666666666667,1.08245,1.1498666666666668,2.0448666666666666,50.315000000000005,139.23397050000003,159.33,271.4705116666667,0.0,2.163333333333333,1.1133333333333335,2.370000000000001,0.0,12.333333333333334,2.333333333333333,8.5,0.0,0.0,0.0,0.0,0.0,3.333333333333333,-0.3333333333333333,1.1666666666666667,0.0,0.6699999999999999,-0.0466666666666667,0.2466666666666666,0.0,0.7036316666666669,-8.5,-10.339258333333335,4791.32,0.825827,918.204,1916.39,2320.57,0.0,0.0,0.0,1031.09,0.2152,0.260587,0.0,0.0,0.0,2637.62,0.5505,0.666604,0.0,0.0,0.0,10.06126,6.56005,10.06126
DB1-Uio66Zr-BDC_A-irmof6_A_No457,0.015,89.15868,486.6785999999997,920.8192000000006,4251.559199999997,4714.176000000003,12084.0,33088.0,72384.0,91776.0,54.0,152.0,432.0,672.0,632.0,2336.0,4812.0,6360.0,38.94480000000001,137.06480000000013,306.56640000000027,470.5872000000002,1.7689,36.60160000000001,26.493600000000004,105.06999999999998,1600.0,2560.0,7440.0,7360.0,1.0,8.0,10.0,24.0,64.0,176.0,368.0,464.0,2.3716000000000004,8.9936,15.369200000000005,27.22720000000001,0.0,-16.88,-6.619999999999998,-47.07999999999999,0.0,256.0,214.0,776.0,0.0,0.0,0.0,0.0,0.0,42.0,34.0,134.0,0.0,6.480000000000003,5.420000000000001,19.28,137.05043333333333,257.56716666666665,390.14973333333336,466.7398666666667,630.3333333333334,1164.6666666666667,1719.3333333333333,1842.6666666666667,18.166666666666668,36.66666666666666,55.0,67.66666666666667,92.33333333333331,225.0,305.6666666666667,326.3333333333333,8.342883333333333,18.52246666666667,26.56656666666667,30.2365,11.8336,8.771999999999998,20.605599999999995,17.543999999999997,64.0,48.0,112.0,96.0,1.0,1.0,2.0,2.0,1.0,3.0,4.0,6.0,0.5328999999999998,0.5621,1.095,1.1242,28.09,59.88999999999999,87.98,119.78,0.0,0.8900000000000002,0.8900000000000002,1.7800000000000005,0.0,2.0,2.0,4.0,0.0,0.0,0.0,0.0,0.0,-2.0,-2.0,-4.0,0.0,-0.04,-0.04,-0.08,0.0,-6.000000000000001,-6.000000000000001,-12.000000000000002,11.4016,17.138,17.203999999999997,33.65293333333333,61.5,56.0,94.0,155.83333333333334,1.0,2.1666666666666665,2.0,4.0,4.833333333333333,9.166666666666666,13.0,22.666666666666668,0.5378333333333333,0.88225,1.1293333333333335,2.012833333333333,32.535000000000004,94.8689405,127.69,220.56806916666665,0.0,2.1366666666666667,1.6466666666666672,3.5033333333333334,0.0,9.666666666666666,3.6666666666666665,11.333333333333334,0.0,0.0,0.0,0.0,0.0,0.6666666666666666,-1.6666666666666667,-1.6666666666666667,0.0,0.3899999999999999,-0.0733333333333334,0.1899999999999998,0.0,-4.024961666666667,-11.300000000000002,-16.289258333333336,2235.84,1.33694,0.0,0.0,0.0,224.41,1003.69,750.74,0.0,0.0,0.0,118.366,0.05294,0.039598,0.0,0.0,0.0,674.107,0.3015,0.225515,7.31796,3.56484,7.31339
DB1-Uio66Zr-BDC_A-irmof6_A_No457,0.15,136.209135,486.6785999999997,920.8192000000006,4251.559199999997,4714.176000000003,12084.0,33088.0,72384.0,91776.0,54.0,152.0,432.0,672.0,632.0,2336.0,4812.0,6360.0,38.94480000000001,137.06480000000013,306.56640000000027,470.5872000000002,1.7689,36.60160000000001,26.493600000000004,105.06999999999998,1600.0,2560.0,7440.0,7360.0,1.0,8.0,10.0,24.0,64.0,176.0,368.0,464.0,2.3716000000000004,8.9936,15.369200000000005,27.22720000000001,0.0,-16.88,-6.619999999999998,-47.07999999999999,0.0,256.0,214.0,776.0,0.0,0.0,0.0,0.0,0.0,42.0,34.0,134.0,0.0,6.480000000000003,5.420000000000001,19.28,137.05043333333333,257.56716666666665,390.14973333333336,466.7398666666667,630.3333333333334,1164.6666666666667,1719.3333333333333,1842.6666666666667,18.166666666666668,36.66666666666666,55.0,67.66666666666667,92.33333333333331,225.0,305.6666666666667,326.3333333333333,8.342883333333333,18.52246666666667,26.56656666666667,30.2365,11.8336,8.771999999999998,20.605599999999995,17.543999999999997,64.0,48.0,112.0,96.0,1.0,1.0,2.0,2.0,1.0,3.0,4.0,6.0,0.5328999999999998,0.5621,1.095,1.1242,28.09,59.88999999999999,87.98,119.78,0.0,0.8900000000000002,0.8900000000000002,1.7800000000000005,0.0,2.0,2.0,4.0,0.0,0.0,0.0,0.0,0.0,-2.0,-2.0,-4.0,0.0,-0.04,-0.04,-0.08,0.0,-6.000000000000001,-6.000000000000001,-12.000000000000002,11.4016,17.138,17.203999999999997,33.65293333333333,61.5,56.0,94.0,155.83333333333334,1.0,2.1666666666666665,2.0,4.0,4.833333333333333,9.166666666666666,13.0,22.666666666666668,0.5378333333333333,0.88225,1.1293333333333335,2.012833333333333,32.535000000000004,94.8689405,127.69,220.56806916666665,0.0,2.1366666666666667,1.6466666666666672,3.5033333333333334,0.0,9.666666666666666,3.6666666666666665,11.333333333333334,0.0,0.0,0.0,0.0,0.0,0.6666666666666666,-1.6666666666666667,-1.6666666666666667,0.0,0.3899999999999999,-0.0733333333333334,0.1899999999999998,0.0,-4.024961666666667,-11.300000000000002,-16.289258333333336,2235.84,1.33694,0.0,0.0,0.0,224.41,1003.69,750.74,0.0,0.0,0.0,118.366,0.05294,0.039598,0.0,0.0,0.0,674.107,0.3015,0.225515,7.31796,3.56484,7.31339
DB1-Uio66Zr-BDC_A-irmof7_A_No16,0.015,483.597065,97.1935166666666,173.70853333333343,712.7581999999994,785.6960000000005,2104.833333333333,5634.666666666667,12094.0,15296.0,11.5,28.666666666666668,73.66666666666667,112.0,110.33333333333331,396.0,803.6666666666666,1060.0,8.903050000000002,25.39913333333336,52.80123333333338,78.43120000000003,1.4014000000000004,21.49687272727274,15.58696363636364,59.58272727272726,876.8181818181819,1407.2727272727273,4066.363636363637,4030.909090909091,1.0,4.818181818181819,5.909090909090909,14.0,35.36363636363637,96.90909090909088,202.0909090909091,255.81818181818176,2.097645454545455,5.346918181818182,8.848700000000003,15.782200000000003,0.0,-10.325454545454546,-4.324545454545453,-27.10727272727272,0.0,137.36363636363637,115.36363636363636,420.54545454545456,0.0,0.0,0.0,0.0,0.0,22.454545454545453,17.636363636363637,71.27272727272727,0.0,3.807272727272729,3.2109090909090914,11.025454545454544,130.49073333333334,238.9435,372.6804,440.2928333333333,624.8333333333334,1142.0,1700.0,1782.3333333333333,17.0,34.333333333333336,52.0,63.66666666666666,86.33333333333333,209.0,284.0,287.6666666666667,8.1933,17.902500000000003,25.929733333333346,28.9325,11.8336,8.771999999999997,20.04894545454545,20.51490909090909,64.0,48.0,109.09090909090908,106.1818181818182,1.0,1.0,2.0,2.363636363636364,1.0,3.0,4.363636363636363,6.727272727272726,0.5328999999999998,0.5621,1.100309090909091,1.275509090909091,28.09,59.88999999999999,93.7618181818182,135.012306,0.0,0.8900000000000005,1.051818181818182,2.1672727272727275,0.0,2.0,2.363636363636364,5.636363636363635,0.0,0.0,0.0,0.0,0.0,-2.0,-2.363636363636364,-4.363636363636363,0.0,-0.04,-0.0472727272727273,-0.0218181818181818,0.0,-6.000000000000001,-7.090909090909093,-12.946747272727276,0.0,0.0,0.0,0.0,0.0,0.0,0.0,0.0,0.0,0.0,0.0,0.0,0.0,0.0,0.0,0.0,0.0,0.0,0.0,0.0,0.0,0.0,0.0,0.0,0.0,0.0,0.0,0.0,0.0,0.0,0.0,0.0,0.0,0.0,0.0,0.0,0.0,0.0,0.0,0.0,0.0,0.0,0.0,0.0,0.0,0.0,0.0,0.0,2235.84,1.35451,0.0,0.0,0.0,129.813,580.6,428.643,0.0,0.0,0.0,55.7172,0.02492,0.0183978,0.0,0.0,0.0,377.857,0.169,0.124769,6.46004,2.90495,6.45788
DB1-Uio66Zr-BDC_A-irmof7_A_No16,0.15,176.123275,97.1935166666666,173.70853333333343,712.7581999999994,785.6960000000005,2104.833333333333,5634.666666666667,12094.0,15296.0,11.5,28.666666666666668,73.66666666666667,112.0,110.33333333333331,396.0,803.6666666666666,1060.0,8.903050000000002,25.39913333333336,52.80123333333338,78.43120000000003,1.4014000000000004,21.49687272727274,15.58696363636364,59.58272727272726,876.8181818181819,1407.2727272727273,4066.363636363637,4030.909090909091,1.0,4.818181818181819,5.909090909090909,14.0,35.36363636363637,96.90909090909088,202.0909090909091,255.81818181818176,2.097645454545455,5.346918181818182,8.848700000000003,15.782200000000003,0.0,-10.325454545454546,-4.324545454545453,-27.10727272727272,0.0,137.36363636363637,115.36363636363636,420.54545454545456,0.0,0.0,0.0,0.0,0.0,22.454545454545453,17.636363636363637,71.27272727272727,0.0,3.807272727272729,3.2109090909090914,11.025454545454544,130.49073333333334,238.9435,372.6804,440.2928333333333,624.8333333333334,1142.0,1700.0,1782.3333333333333,17.0,34.333333333333336,52.0,63.66666666666666,86.33333333333333,209.0,284.0,287.6666666666667,8.1933,17.902500000000003,25.929733333333346,28.9325,11.8336,8.771999999999997,20.04894545454545,20.51490909090909,64.0,48.0,109.09090909090908,106.1818181818182,1.0,1.0,2.0,2.363636363636364,1.0,3.0,4.363636363636363,6.727272727272726,0.5328999999999998,0.5621,1.100309090909091,1.275509090909091,28.09,59.88999999999999,93.7618181818182,135.012306,0.0,0.8900000000000005,1.051818181818182,2.1672727272727275,0.0,2.0,2.363636363636364,5.636363636363635,0.0,0.0,0.0,0.0,0.0,-2.0,-2.363636363636364,-4.363636363636363,0.0,-0.04,-0.0472727272727273,-0.0218181818181818,0.0,-6.000000000000001,-7.090909090909093,-12.946747272727276,0.0,0.0,0.0,0.0,0.0,0.0,0.0,0.0,0.0,0.0,0.0,0.0,0.0,0.0,0.0,0.0,0.0,0.0,0.0,0.0,0.0,0.0,0.0,0.0,0.0,0.0,0.0,0.0,0.0,0.0,0.0,0.0,0.0,0.0,0.0,0.0,0.0,0.0,0.0,0.0,0.0,0.0,0.0,0.0,0.0,0.0,0.0,0.0,2235.84,1.35451,0.0,0.0,0.0,129.813,580.6,428.643,0.0,0.0,0.0,55.7172,0.02492,0.0183978,0.0,0.0,0.0,377.857,0.169,0.124769,6.46004,2.90495,6.45788
DB1-Uio66Zr-BDC_A-TED_A_No4,0.015,89.5484,486.6785999999998,920.8192000000008,4251.559199999997,4714.176000000005,12084.0,33088.0,72384.0,91776.0,54.0,152.0,432.0,672.0,632.0,2336.0,4812.0,6360.0,38.9448,137.06480000000005,306.5663999999999,470.58720000000017,1.7689,36.60160000000001,26.493600000000004,105.06999999999998,1600.0,2560.0,7440.0,7360.0,1.0,8.0,10.0,24.0,64.0,176.0,368.0,469.3333333333333,2.3716000000000004,8.9936,15.369200000000005,27.22720000000001,0.0,-16.88,-6.619999999999998,-47.07999999999999,0.0,256.0,214.0,776.0,0.0,0.0,0.0,0.0,0.0,42.0,34.0,133.33333333333334,0.0,6.480000000000003,5.420000000000001,19.28,140.82065,270.09599999999995,449.4854,555.3871666666665,593.0,1140.0,1721.0,1849.6666666666667,20.166666666666668,40.66666666666666,68.0,86.66666666666667,108.66666666666669,271.0,391.3333333333333,429.6666666666667,8.524816666666666,19.55286666666667,29.5548,35.125466666666675,11.8336,8.771999999999998,20.605599999999995,19.006,64.0,48.0,112.0,104.0,1.0,1.0,2.0,2.1666666666666665,1.0,3.0,4.166666666666667,7.0,0.5328999999999998,0.5621,1.095,1.2178833333333334,28.09,59.88999999999999,87.98,129.76166666666666,0.0,0.8900000000000002,0.8900000000000002,1.9283333333333328,0.0,2.0,2.0,4.333333333333333,0.0,0.0,0.0,0.0,0.0,-2.0,-2.1666666666666665,-4.833333333333333,0.0,-0.04,-0.04,-0.0866666666666667,0.0,-6.000000000000001,-6.000000000000001,-13.000000000000002,0.0,0.0,0.0,0.0,0.0,0.0,0.0,0.0,0.0,0.0,0.0,0.0,0.0,0.0,0.0,0.0,0.0,0.0,0.0,0.0,0.0,0.0,0.0,0.0,0.0,0.0,0.0,0.0,0.0,0.0,0.0,0.0,0.0,0.0,0.0,0.0,0.0,0.0,0.0,0.0,0.0,0.0,0.0,0.0,0.0,0.0,0.0,0.0,2235.84,1.3118,0.0,0.0,0.0,202.02,903.551,688.785,0.0,0.0,0.0,99.182,0.04436,0.0338161,0.0,0.0,0.0,607.031,0.2715,0.206967,6.64659,3.20995,6.64659
DB1-Uio66Zr-BDC_A-TED_A_No4,0.15,102.97324,486.6785999999998,920.8192000000008,4251.559199999997,4714.176000000005,12084.0,33088.0,72384.0,91776.0,54.0,152.0,432.0,672.0,632.0,2336.0,4812.0,6360.0,38.9448,137.06480000000005,306.5663999999999,470.58720000000017,1.7689,36.60160000000001,26.493600000000004,105.06999999999998,1600.0,2560.0,7440.0,7360.0,1.0,8.0,10.0,24.0,64.0,176.0,368.0,469.3333333333333,2.3716000000000004,8.9936,15.369200000000005,27.22720000000001,0.0,-16.88,-6.619999999999998,-47.07999999999999,0.0,256.0,214.0,776.0,0.0,0.0,0.0,0.0,0.0,42.0,34.0,133.33333333333334,0.0,6.480000000000003,5.420000000000001,19.28,140.82065,270.09599999999995,449.4854,555.3871666666665,593.0,1140.0,1721.0,1849.6666666666667,20.166666666666668,40.66666666666666,68.0,86.66666666666667,108.66666666666669,271.0,391.3333333333333,429.6666666666667,8.524816666666666,19.55286666666667,29.5548,35.125466666666675,11.8336,8.771999999999998,20.605599999999995,19.006,64.0,48.0,112.0,104.0,1.0,1.0,2.0,2.1666666666666665,1.0,3.0,4.166666666666667,7.0,0.5328999999999998,0.5621,1.095,1.2178833333333334,28.09,59.88999999999999,87.98,129.76166666666666,0.0,0.8900000000000002,0.8900000000000002,1.9283333333333328,0.0,2.0,2.0,4.333333333333333,0.0,0.0,0.0,0.0,0.0,-2.0,-2.1666666666666665,-4.833333333333333,0.0,-0.04,-0.04,-0.0866666666666667,0.0,-6.000000000000001,-6.000000000000001,-13.000000000000002,0.0,0.0,0.0,0.0,0.0,0.0,0.0,0.0,0.0,0.0,0.0,0.0,0.0,0.0,0.0,0.0,0.0,0.0,0.0,0.0,0.0,0.0,0.0,0.0,0.0,0.0,0.0,0.0,0.0,0.0,0.0,0.0,0.0,0.0,0.0,0.0,0.0,0.0,0.0,0.0,0.0,0.0,0.0,0.0,0.0,0.0,0.0,0.0,2235.84,1.3118,0.0,0.0,0.0,202.02,903.551,688.785,0.0,0.0,0.0,99.182,0.04436,0.0338161,0.0,0.0,0.0,607.031,0.2715,0.206967,6.64659,3.20995,6.64659
DB1-Uio66Zr-irmof10_A-irmof14_A_No119,0.015,11.423075,175.09053333333327,323.13066666666657,1420.5184000000006,1571.3920000000005,4100.666666666667,11125.333333333334,24152.0,30592.0,20.0,53.333333333333336,145.33333333333334,224.0,214.66666666666663,784.0,1605.3333333333333,2120.0,14.911400000000016,47.73226666666671,103.55426666666672,156.86240000000006,1.5667750000000005,28.29400000000001,20.494950000000003,80.05199999999998,1202.25,1926.0,5584.5,5529.0,1.0,6.25,7.75,18.5,48.25,132.5,276.75,349.5,2.2209250000000003,6.987925000000001,11.782925000000004,20.93245000000001,0.0,-13.274999999999997,-5.357499999999998,-36.09499999999999,0.0,190.75,159.75,580.5,0.0,0.0,0.0,0.0,0.0,31.25,25.0,99.5,0.0,5.0100000000000025,4.205000000000001,14.740000000000002,210.7264333333333,429.19900000000007,697.8063999999998,853.2096666666667,876.3333333333334,1820.0,2742.0,3084.6666666666665,31.666666666666668,66.0,108.0,134.0,174.0,430.0,620.0,735.3333333333334,13.499166666666667,32.08846666666668,48.47373333333334,58.47366666666668,11.8336,8.771999999999998,20.2229,19.5865,64.0,48.0,110.0,103.0,1.0,1.0,2.0,2.25,1.0,3.0,4.25,6.5,0.5328999999999998,0.5621,1.09865,1.228225,28.09,59.88999999999999,91.955,130.25221037499998,0.0,0.8900000000000003,1.0012500000000002,2.04625,0.0,2.0,2.25,5.125,0.0,0.0,0.0,0.0,0.0,-2.0,-2.25,-4.25,0.0,-0.04,-0.045,-0.04,0.0,-6.000000000000001,-6.750000000000001,-12.650888750000002,0.0,0.0,0.0,0.0,0.0,0.0,0.0,0.0,0.0,0.0,0.0,0.0,0.0,0.0,0.0,0.0,0.0,0.0,0.0,0.0,0.0,0.0,0.0,0.0,0.0,0.0,0.0,0.0,0.0,0.0,0.0,0.0,0.0,0.0,0.0,0.0,0.0,0.0,0.0,0.0,0.0,0.0,0.0,0.0,0.0,0.0,0.0,0.0,4791.32,0.815426,934.111,1949.59,2390.88,0.0,0.0,0.0,929.132,0.19392,0.237814,0.0,0.0,0.0,2572.94,0.537,0.658551,0.0,0.0,0.0,10.06126,6.56005,10.06126
DB1-Uio66Zr-irmof10_A-irmof14_A_No119,0.15,66.893385,175.09053333333327,323.13066666666657,1420.5184000000006,1571.3920000000005,4100.666666666667,11125.333333333334,24152.0,30592.0,20.0,53.333333333333336,145.33333333333334,224.0,214.66666666666663,784.0,1605.3333333333333,2120.0,14.911400000000016,47.73226666666671,103.55426666666672,156.86240000000006,1.5667750000000005,28.29400000000001,20.494950000000003,80.05199999999998,1202.25,1926.0,5584.5,5529.0,1.0,6.25,7.75,18.5,48.25,132.5,276.75,349.5,2.2209250000000003,6.987925000000001,11.782925000000004,20.93245000000001,0.0,-13.274999999999997,-5.357499999999998,-36.09499999999999,0.0,190.75,159.75,580.5,0.0,0.0,0.0,0.0,0.0,31.25,25.0,99.5,0.0,5.0100000000000025,4.205000000000001,14.740000000000002,210.7264333333333,429.19900000000007,697.8063999999998,853.2096666666667,876.3333333333334,1820.0,2742.0,3084.6666666666665,31.666666666666668,66.0,108.0,134.0,174.0,430.0,620.0,735.3333333333334,13.499166666666667,32.08846666666668,48.47373333333334,58.47366666666668,11.8336,8.771999999999998,20.2229,19.5865,64.0,48.0,110.0,103.0,1.0,1.0,2.0,2.25,1.0,3.0,4.25,6.5,0.5328999999999998,0.5621,1.09865,1.228225,28.09,59.88999999999999,91.955,130.25221037499998,0.0,0.8900000000000003,1.0012500000000002,2.04625,0.0,2.0,2.25,5.125,0.0,0.0,0.0,0.0,0.0,-2.0,-2.25,-4.25,0.0,-0.04,-0.045,-0.04,0.0,-6.000000000000001,-6.750000000000001,-12.650888750000002,0.0,0.0,0.0,0.0,0.0,0.0,0.0,0.0,0.0,0.0,0.0,0.0,0.0,0.0,0.0,0.0,0.0,0.0,0.0,0.0,0.0,0.0,0.0,0.0,0.0,0.0,0.0,0.0,0.0,0.0,0.0,0.0,0.0,0.0,0.0,0.0,0.0,0.0,0.0,0.0,0.0,0.0,0.0,0.0,0.0,0.0,0.0,0.0,4791.32,0.815426,934.111,1949.59,2390.88,0.0,0.0,0.0,929.132,0.19392,0.237814,0.0,0.0,0.0,2572.94,0.537,0.658551,0.0,0.0,0.0,10.06126,6.56005,10.06126
DB1-Uio66Zr-BDC_A-irmof7_A_No382,0.015,415.330325,486.6785999999997,920.8192000000006,4251.559199999997,4714.176000000003,12084.0,33088.0,72384.0,91776.0,54.0,152.0,432.0,672.0,632.0,2336.0,4812.0,6360.0,38.94480000000001,137.06480000000013,306.56640000000027,470.5872000000002,1.7689,36.60160000000001,26.493600000000004,105.06999999999998,1600.0,2560.0,7440.0,7360.0,1.0,8.0,10.0,24.0,64.0,176.0,368.0,464.0,2.3716000000000004,8.9936,15.369200000000005,27.22720000000001,0.0,-16.88,-6.619999999999998,-47.07999999999999,0.0,256.0,214.0,776.0,0.0,0.0,0.0,0.0,0.0,42.0,34.0,134.0,0.0,6.480000000000003,5.420000000000001,19.28,168.80193333333332,315.5521666666665,455.2630666666666,601.9993666666666,802.3333333333334,1438.6666666666667,2216.6666666666665,2794.6666666666665,21.0,42.333333333333336,60.66666666666666,79.66666666666667,103.0,250.3333333333333,356.6666666666667,420.3333333333333,9.872766666666667,21.654233333333337,31.462333333333333,39.47396666666668,11.8336,8.771999999999998,20.605599999999995,17.543999999999997,64.0,48.0,112.0,96.0,1.0,1.0,2.0,2.0,1.0,3.0,4.0,6.0,0.5328999999999998,0.5621,1.095,1.1242,28.09,59.88999999999999,87.98,119.78,0.0,0.8900000000000002,0.8900000000000002,1.7800000000000005,0.0,2.0,2.0,4.0,0.0,0.0,0.0,0.0,0.0,-2.0,-2.0,-4.0,0.0,-0.04,-0.04,-0.08,0.0,-6.000000000000001,-6.000000000000001,-12.000000000000002,11.4016,17.138,17.203999999999997,37.20759999999999,61.5,56.0,94.0,202.5,1.0,2.1666666666666665,2.0,4.0,4.833333333333333,9.166666666666666,13.0,24.33333333333333,0.5378333333333333,0.8822500000000001,1.1293333333333335,2.231833333333334,32.535000000000004,94.8689405,127.68999999999998,224.07,0.0,2.1366666666666663,1.6466666666666672,2.47,0.0,9.666666666666666,3.6666666666666665,5.5,0.0,0.0,0.0,0.0,0.0,0.6666666666666666,-1.6666666666666667,-2.5,0.0,0.3899999999999999,-0.0733333333333334,-0.1100000000000001,0.0,-4.024961666666667,-11.300000000000002,-16.95,2235.84,1.53301,0.0,0.0,0.0,179.34,802.112,523.226,0.0,0.0,0.0,78.6122,0.03516,0.0229352,0.0,0.0,0.0,537.72,0.2405,0.156881,7.04211,3.26166,7.04211
DB1-Uio66Zr-BDC_A-irmof7_A_No382,0.15,320.451375,486.6785999999997,920.8192000000006,4251.559199999997,4714.176000000003,12084.0,33088.0,72384.0,91776.0,54.0,152.0,432.0,672.0,632.0,2336.0,4812.0,6360.0,38.94480000000001,137.06480000000013,306.56640000000027,470.5872000000002,1.7689,36.60160000000001,26.493600000000004,105.06999999999998,1600.0,2560.0,7440.0,7360.0,1.0,8.0,10.0,24.0,64.0,176.0,368.0,464.0,2.3716000000000004,8.9936,15.369200000000005,27.22720000000001,0.0,-16.88,-6.619999999999998,-47.07999999999999,0.0,256.0,214.0,776.0,0.0,0.0,0.0,0.0,0.0,42.0,34.0,134.0,0.0,6.480000000000003,5.420000000000001,19.28,168.80193333333332,315.5521666666665,455.2630666666666,601.9993666666666,802.3333333333334,1438.6666666666667,2216.6666666666665,2794.6666666666665,21.0,42.333333333333336,60.66666666666666,79.66666666666667,103.0,250.3333333333333,356.6666666666667,420.3333333333333,9.872766666666667,21.654233333333337,31.462333333333333,39.47396666666668,11.8336,8.771999999999998,20.605599999999995,17.543999999999997,64.0,48.0,112.0,96.0,1.0,1.0,2.0,2.0,1.0,3.0,4.0,6.0,0.5328999999999998,0.5621,1.095,1.1242,28.09,59.88999999999999,87.98,119.78,0.0,0.8900000000000002,0.8900000000000002,1.7800000000000005,0.0,2.0,2.0,4.0,0.0,0.0,0.0,0.0,0.0,-2.0,-2.0,-4.0,0.0,-0.04,-0.04,-0.08,0.0,-6.000000000000001,-6.000000000000001,-12.000000000000002,11.4016,17.138,17.203999999999997,37.20759999999999,61.5,56.0,94.0,202.5,1.0,2.1666666666666665,2.0,4.0,4.833333333333333,9.166666666666666,13.0,24.33333333333333,0.5378333333333333,0.8822500000000001,1.1293333333333335,2.231833333333334,32.535000000000004,94.8689405,127.68999999999998,224.07,0.0,2.1366666666666663,1.6466666666666672,2.47,0.0,9.666666666666666,3.6666666666666665,5.5,0.0,0.0,0.0,0.0,0.0,0.6666666666666666,-1.6666666666666667,-2.5,0.0,0.3899999999999999,-0.0733333333333334,-0.1100000000000001,0.0,-4.024961666666667,-11.300000000000002,-16.95,2235.84,1.53301,0.0,0.0,0.0,179.34,802.112,523.226,0.0,0.0,0.0,78.6122,0.03516,0.0229352,0.0,0.0,0.0,537.72,0.2405,0.156881,7.04211,3.26166,7.04211
DB1-Uio66Zr-irmof8_A-imd_No1,0.015,6.078585,486.6785999999998,920.8192000000004,4251.559199999997,4714.176000000005,12084.0,33088.0,72384.0,91776.0,54.0,152.0,432.0,672.0,632.0,2336.0,4812.0,6360.0,38.9448,137.06480000000005,306.5663999999999,470.5872000000002,1.7689,36.60160000000001,26.493600000000004,105.06999999999996,1600.0,2560.0,7440.0,7360.0,1.0,8.0,10.0,24.0,64.0,176.0,368.0,464.0,2.3716000000000004,8.9936,15.369200000000005,27.22720000000001,0.0,-16.88,-6.619999999999998,-47.07999999999999,0.0,256.0,214.0,776.0,0.0,0.0,0.0,0.0,0.0,42.0,34.0,134.0,0.0,6.480000000000003,5.420000000000001,19.28,154.40439999999998,306.561,486.2404000000001,592.192,694.0,1392.0,2080.0,2164.0,22.0,46.0,72.0,92.0,118.0,294.0,424.0,460.0,10.0678,23.331000000000007,34.81040000000001,39.91,11.8336,8.771999999999998,20.605599999999995,17.543999999999997,64.0,48.0,112.0,96.0,1.0,1.0,2.0,2.0,1.0,3.0,4.0,6.0,0.5328999999999998,0.5621,1.095,1.1242,28.09,59.88999999999999,87.98,119.78,0.0,0.8900000000000002,0.8900000000000002,1.7800000000000005,0.0,2.0,2.0,4.0,0.0,0.0,0.0,0.0,0.0,-2.0,-2.0,-4.0,0.0,-0.04,-0.04,-0.08,0.0,-6.000000000000001,-6.000000000000001,-12.000000000000002,0.0,0.0,0.0,0.0,0.0,0.0,0.0,0.0,0.0,0.0,0.0,0.0,0.0,0.0,0.0,0.0,0.0,0.0,0.0,0.0,0.0,0.0,0.0,0.0,0.0,0.0,0.0,0.0,0.0,0.0,0.0,0.0,0.0,0.0,0.0,0.0,0.0,0.0,0.0,0.0,0.0,0.0,0.0,0.0,0.0,0.0,0.0,0.0,3454.13,0.944378,653.854,1892.96,2004.45,0.0,0.0,0.0,474.874,0.13748,0.145577,0.0,0.0,0.0,1657.98,0.48,0.508271,0.0,0.0,0.0,9.28921,4.47853,9.28921
DB1-Uio66Zr-irmof8_A-imd_No1,0.15,49.407015,486.6785999999998,920.8192000000004,4251.559199999997,4714.176000000005,12084.0,33088.0,72384.0,91776.0,54.0,152.0,432.0,672.0,632.0,2336.0,4812.0,6360.0,38.9448,137.06480000000005,306.5663999999999,470.5872000000002,1.7689,36.60160000000001,26.493600000000004,105.06999999999996,1600.0,2560.0,7440.0,7360.0,1.0,8.0,10.0,24.0,64.0,176.0,368.0,464.0,2.3716000000000004,8.9936,15.369200000000005,27.22720000000001,0.0,-16.88,-6.619999999999998,-47.07999999999999,0.0,256.0,214.0,776.0,0.0,0.0,0.0,0.0,0.0,42.0,34.0,134.0,0.0,6.480000000000003,5.420000000000001,19.28,154.40439999999998,306.561,486.2404000000001,592.192,694.0,1392.0,2080.0,2164.0,22.0,46.0,72.0,92.0,118.0,294.0,424.0,460.0,10.0678,23.331000000000007,34.81040000000001,39.91,11.8336,8.771999999999998,20.605599999999995,17.543999999999997,64.0,48.0,112.0,96.0,1.0,1.0,2.0,2.0,1.0,3.0,4.0,6.0,0.5328999999999998,0.5621,1.095,1.1242,28.09,59.88999999999999,87.98,119.78,0.0,0.8900000000000002,0.8900000000000002,1.7800000000000005,0.0,2.0,2.0,4.0,0.0,0.0,0.0,0.0,0.0,-2.0,-2.0,-4.0,0.0,-0.04,-0.04,-0.08,0.0,-6.000000000000001,-6.000000000000001,-12.000000000000002,0.0,0.0,0.0,0.0,0.0,0.0,0.0,0.0,0.0,0.0,0.0,0.0,0.0,0.0,0.0,0.0,0.0,0.0,0.0,0.0,0.0,0.0,0.0,0.0,0.0,0.0,0.0,0.0,0.0,0.0,0.0,0.0,0.0,0.0,0.0,0.0,0.0,0.0,0.0,0.0,0.0,0.0,0.0,0.0,0.0,0.0,0.0,0.0,3454.13,0.944378,653.854,1892.96,2004.45,0.0,0.0,0.0,474.874,0.13748,0.145577,0.0,0.0,0.0,1657.98,0.48,0.508271,0.0,0.0,0.0,9.28921,4.47853,9.28921
DB1-Uio66Zr-BDC_A-irmof6_A_No150,0.015,137.51953,486.6785999999997,920.8192000000006,4251.559199999997,4714.176000000003,12084.0,33088.0,72384.0,91776.0,54.0,152.0,432.0,672.0,632.0,2336.0,4812.0,6360.0,38.94480000000001,137.06480000000013,306.56640000000027,470.5872000000002,1.7689,36.60160000000001,26.493600000000004,105.06999999999998,1600.0,2560.0,7440.0,7360.0,1.0,8.0,10.0,24.0,64.0,176.0,368.0,464.0,2.3716000000000004,8.9936,15.369200000000005,27.22720000000001,0.0,-16.88,-6.619999999999998,-47.07999999999999,0.0,256.0,214.0,776.0,0.0,0.0,0.0,0.0,0.0,42.0,34.0,134.0,0.0,6.480000000000003,5.420000000000001,19.28,133.76831666666666,243.40599999999995,384.0620666666666,450.8611666666666,1046.6666666666667,1384.0,2179.6666666666665,2554.0,17.166666666666668,34.666666666666664,53.333333333333336,63.66666666666666,88.66666666666667,215.66666666666663,288.0,293.0,9.21545,19.02413333333334,28.116266666666665,32.657833333333336,11.8336,8.771999999999998,20.605599999999995,17.543999999999997,64.0,48.0,112.0,96.0,1.0,1.0,2.0,2.0,1.0,3.0,4.0,6.0,0.5328999999999998,0.5621,1.095,1.1242,28.09,59.88999999999999,87.98,119.78,0.0,0.8900000000000002,0.8900000000000002,1.7800000000000005,0.0,2.0,2.0,4.0,0.0,0.0,0.0,0.0,0.0,-2.0,-2.0,-4.0,0.0,-0.04,-0.04,-0.08,0.0,-6.000000000000001,-6.000000000000001,-12.000000000000002,8.321333333333335,6.715,13.43,25.938333333333333,240.8333333333333,85.0,170.0,269.1666666666667,0.8333333333333334,0.8333333333333334,1.6666666666666667,3.333333333333333,0.8333333333333334,2.5,5.0,8.333333333333334,0.81675,0.63525,1.2705,2.211,177.63333333333333,137.48333333333335,274.9666666666667,467.286505,0.0,0.5083333333333336,1.0166666666666673,2.3250000000000006,0.0,9.166666666666666,18.33333333333333,40.833333333333336,0.0,0.0,0.0,0.0,0.0,-1.6666666666666667,-3.333333333333333,-5.0,0.0,0.1833333333333333,0.3666666666666666,1.0666666666666664,0.0,2.7499999999999987,5.499999999999997,16.660741666666663,2235.84,1.52146,0.0,0.0,0.0,176.518,789.492,518.905,0.0,0.0,0.0,89.2996,0.03994,0.0262511,0.0,0.0,0.0,546.664,0.2445,0.160701,7.31796,2.73576,7.31796
DB1-Uio66Zr-BDC_A-irmof6_A_No150,0.15,145.88267,486.6785999999997,920.8192000000006,4251.559199999997,4714.176000000003,12084.0,33088.0,72384.0,91776.0,54.0,152.0,432.0,672.0,632.0,2336.0,4812.0,6360.0,38.94480000000001,137.06480000000013,306.56640000000027,470.5872000000002,1.7689,36.60160000000001,26.493600000000004,105.06999999999998,1600.0,2560.0,7440.0,7360.0,1.0,8.0,10.0,24.0,64.0,176.0,368.0,464.0,2.3716000000000004,8.9936,15.369200000000005,27.22720000000001,0.0,-16.88,-6.619999999999998,-47.07999999999999,0.0,256.0,214.0,776.0,0.0,0.0,0.0,0.0,0.0,42.0,34.0,134.0,0.0,6.480000000000003,5.420000000000001,19.28,133.76831666666666,243.40599999999995,384.0620666666666,450.8611666666666,1046.6666666666667,1384.0,2179.6666666666665,2554.0,17.166666666666668,34.666666666666664,53.333333333333336,63.66666666666666,88.66666666666667,215.66666666666663,288.0,293.0,9.21545,19.02413333333334,28.116266666666665,32.657833333333336,11.8336,8.771999999999998,20.605599999999995,17.543999999999997,64.0,48.0,112.0,96.0,1.0,1.0,2.0,2.0,1.0,3.0,4.0,6.0,0.5328999999999998,0.5621,1.095,1.1242,28.09,59.88999999999999,87.98,119.78,0.0,0.8900000000000002,0.8900000000000002,1.7800000000000005,0.0,2.0,2.0,4.0,0.0,0.0,0.0,0.0,0.0,-2.0,-2.0,-4.0,0.0,-0.04,-0.04,-0.08,0.0,-6.000000000000001,-6.000000000000001,-12.000000000000002,8.321333333333335,6.715,13.43,25.938333333333333,240.8333333333333,85.0,170.0,269.1666666666667,0.8333333333333334,0.8333333333333334,1.6666666666666667,3.333333333333333,0.8333333333333334,2.5,5.0,8.333333333333334,0.81675,0.63525,1.2705,2.211,177.63333333333333,137.48333333333335,274.9666666666667,467.286505,0.0,0.5083333333333336,1.0166666666666673,2.3250000000000006,0.0,9.166666666666666,18.33333333333333,40.833333333333336,0.0,0.0,0.0,0.0,0.0,-1.6666666666666667,-3.333333333333333,-5.0,0.0,0.1833333333333333,0.3666666666666666,1.0666666666666664,0.0,2.7499999999999987,5.499999999999997,16.660741666666663,2235.84,1.52146,0.0,0.0,0.0,176.518,789.492,518.905,0.0,0.0,0.0,89.2996,0.03994,0.0262511,0.0,0.0,0.0,546.664,0.2445,0.160701,7.31796,2.73576,7.31796
DB1-Uio66Zr-irmof10_A-irmof14_A_No217,0.015,9.35866,486.6785999999998,920.8191999999996,4251.5592,4714.176000000001,12084.0,33088.0,72384.0,91776.0,54.0,152.0,432.0,672.0,632.0,2336.0,4812.0,6360.0,38.94480000000004,137.06480000000013,306.56640000000016,470.5872000000002,1.7689,36.60160000000001,26.493600000000004,105.06999999999998,1600.0,2560.0,7440.0,7360.0,1.0,8.0,10.0,24.0,64.0,176.0,368.0,464.0,2.3716000000000004,8.9936,15.369200000000005,27.22720000000001,0.0,-16.88,-6.619999999999998,-47.07999999999999,0.0,256.0,214.0,776.0,0.0,0.0,0.0,0.0,0.0,42.0,34.0,134.0,0.0,6.480000000000003,5.420000000000001,19.28,251.82036666666664,489.3703333333333,754.7458666666665,962.7866666666664,1174.6666666666667,2257.333333333333,3470.6666666666665,3980.6666666666665,33.666666666666664,70.0,106.66666666666669,142.0,176.66666666666666,439.3333333333333,641.3333333333334,774.0,15.792966666666668,35.97206666666667,53.77013333333334,66.75100000000002,11.8336,8.771999999999998,20.605599999999995,17.543999999999997,64.0,48.0,112.0,96.0,1.0,1.0,2.0,2.0,1.0,3.0,4.0,6.0,0.5328999999999998,0.5621,1.095,1.1242,28.09,59.88999999999999,87.98,119.78,0.0,0.8900000000000002,0.8900000000000002,1.7800000000000005,0.0,2.0,2.0,4.0,0.0,0.0,0.0,0.0,0.0,-2.0,-2.0,-4.0,0.0,-0.04,-0.04,-0.08,0.0,-6.000000000000001,-6.000000000000001,-12.000000000000002,11.8336,12.556,20.605599999999995,21.328,64.0,52.0,112.0,100.0,1.0,1.5,2.0,2.5,2.5,5.5,6.5,9.5,0.5328999999999998,0.69715,1.095,1.25925,28.09,71.8338415,87.98,131.72384149999996,0.0,1.51,0.8900000000000002,2.4000000000000004,0.0,5.5,2.0,7.5,0.0,0.0,0.0,0.0,0.0,-1.0,-1.5,-3.0,0.0,0.1399999999999999,-0.04,0.0999999999999999,0.0,-5.603555000000001,-6.000000000000001,-11.603555000000002,4791.32,0.965143,853.908,1782.2,1846.56,0.0,0.0,0.0,825.065,0.1722,0.178419,0.0,0.0,0.0,2386.08,0.498,0.515986,0.0,0.0,0.0,10.06126,6.56005,10.06126
DB1-Uio66Zr-irmof10_A-irmof14_A_No217,0.15,64.53798,486.6785999999998,920.8191999999996,4251.5592,4714.176000000001,12084.0,33088.0,72384.0,91776.0,54.0,152.0,432.0,672.0,632.0,2336.0,4812.0,6360.0,38.94480000000004,137.06480000000013,306.56640000000016,470.5872000000002,1.7689,36.60160000000001,26.493600000000004,105.06999999999998,1600.0,2560.0,7440.0,7360.0,1.0,8.0,10.0,24.0,64.0,176.0,368.0,464.0,2.3716000000000004,8.9936,15.369200000000005,27.22720000000001,0.0,-16.88,-6.619999999999998,-47.07999999999999,0.0,256.0,214.0,776.0,0.0,0.0,0.0,0.0,0.0,42.0,34.0,134.0,0.0,6.480000000000003,5.420000000000001,19.28,251.82036666666664,489.3703333333333,754.7458666666665,962.7866666666664,1174.6666666666667,2257.333333333333,3470.6666666666665,3980.6666666666665,33.666666666666664,70.0,106.66666666666669,142.0,176.66666666666666,439.3333333333333,641.3333333333334,774.0,15.792966666666668,35.97206666666667,53.77013333333334,66.75100000000002,11.8336,8.771999999999998,20.605599999999995,17.543999999999997,64.0,48.0,112.0,96.0,1.0,1.0,2.0,2.0,1.0,3.0,4.0,6.0,0.5328999999999998,0.5621,1.095,1.1242,28.09,59.88999999999999,87.98,119.78,0.0,0.8900000000000002,0.8900000000000002,1.7800000000000005,0.0,2.0,2.0,4.0,0.0,0.0,0.0,0.0,0.0,-2.0,-2.0,-4.0,0.0,-0.04,-0.04,-0.08,0.0,-6.000000000000001,-6.000000000000001,-12.000000000000002,11.8336,12.556,20.605599999999995,21.328,64.0,52.0,112.0,100.0,1.0,1.5,2.0,2.5,2.5,5.5,6.5,9.5,0.5328999999999998,0.69715,1.095,1.25925,28.09,71.8338415,87.98,131.72384149999996,0.0,1.51,0.8900000000000002,2.4000000000000004,0.0,5.5,2.0,7.5,0.0,0.0,0.0,0.0,0.0,-1.0,-1.5,-3.0,0.0,0.1399999999999999,-0.04,0.0999999999999999,0.0,-5.603555000000001,-6.000000000000001,-11.603555000000002,4791.32,0.965143,853.908,1782.2,1846.56,0.0,0.0,0.0,825.065,0.1722,0.178419,0.0,0.0,0.0,2386.08,0.498,0.515986,0.0,0.0,0.0,10.06126,6.56005,10.06126
DB1-Uio66Zr-BDC_A-irmof7_A_No63,0.015,118.51116,486.6785999999997,920.8192000000006,4251.559199999997,4714.176000000003,12084.0,33088.0,72384.0,91776.0,54.0,152.0,432.0,672.0,632.0,2336.0,4812.0,6360.0,38.94480000000001,137.06480000000013,306.56640000000027,470.5872000000002,1.7689,36.60160000000001,26.493600000000004,105.06999999999998,1600.0,2560.0,7440.0,7360.0,1.0,8.0,10.0,24.0,64.0,176.0,368.0,464.0,2.3716000000000004,8.9936,15.369200000000005,27.22720000000001,0.0,-16.88,-6.619999999999998,-47.07999999999999,0.0,256.0,214.0,776.0,0.0,0.0,0.0,0.0,0.0,42.0,34.0,134.0,0.0,6.480000000000003,5.420000000000001,19.28,132.6246,247.2488333333333,382.1630666666667,453.1240333333333,1609.0,1445.3333333333333,2296.6666666666665,2741.333333333333,17.666666666666668,35.666666666666664,54.0,66.33333333333333,89.66666666666667,217.0,296.6666666666667,310.3333333333333,9.06535,18.993733333333346,27.843333333333337,32.25063333333333,11.8336,8.771999999999998,20.605599999999995,17.543999999999997,64.0,48.0,112.0,96.0,1.0,1.0,2.0,2.0,1.0,3.0,4.0,6.0,0.5328999999999998,0.5621,1.095,1.1242,28.09,59.88999999999999,87.98,119.78,0.0,0.8900000000000002,0.8900000000000002,1.7800000000000005,0.0,2.0,2.0,4.0,0.0,0.0,0.0,0.0,0.0,-2.0,-2.0,-4.0,0.0,-0.04,-0.04,-0.08,0.0,-6.000000000000001,-6.000000000000001,-12.000000000000002,8.8416,9.811333333333332,15.164,29.71293333333333,1029.0,184.3333333333333,364.0,583.3333333333334,1.0,1.3333333333333333,2.0,4.0,2.333333333333333,5.0,8.0,14.333333333333334,1.17675,0.9202499999999998,1.6554999999999995,2.9285,376.6266666666667,222.80420466666664,423.3733333333334,723.0610916666668,0.0,0.7033333333333335,0.846666666666667,1.903333333333333,0.0,26.33333333333333,48.66666666666666,101.33333333333331,0.0,0.0,0.0,0.0,0.0,-1.0,-3.333333333333333,-5.0,0.0,0.4316666666666666,0.6099999999999998,1.5566666666666664,0.0,8.39763,14.866666666666664,36.044075,2235.84,1.58834,0.0,0.0,0.0,212.665,951.16,598.838,0.0,0.0,0.0,79.3724,0.0355,0.0223503,0.0,0.0,0.0,564.55,0.2525,0.158971,5.98662,3.42594,5.98662
DB1-Uio66Zr-BDC_A-irmof7_A_No63,0.15,132.308055,486.6785999999997,920.8192000000006,4251.559199999997,4714.176000000003,12084.0,33088.0,72384.0,91776.0,54.0,152.0,432.0,672.0,632.0,2336.0,4812.0,6360.0,38.94480000000001,137.06480000000013,306.56640000000027,470.5872000000002,1.7689,36.60160000000001,26.493600000000004,105.06999999999998,1600.0,2560.0,7440.0,7360.0,1.0,8.0,10.0,24.0,64.0,176.0,368.0,464.0,2.3716000000000004,8.9936,15.369200000000005,27.22720000000001,0.0,-16.88,-6.619999999999998,-47.07999999999999,0.0,256.0,214.0,776.0,0.0,0.0,0.0,0.0,0.0,42.0,34.0,134.0,0.0,6.480000000000003,5.420000000000001,19.28,132.6246,247.2488333333333,382.1630666666667,453.1240333333333,1609.0,1445.3333333333333,2296.6666666666665,2741.333333333333,17.666666666666668,35.666666666666664,54.0,66.33333333333333,89.66666666666667,217.0,296.6666666666667,310.3333333333333,9.06535,18.993733333333346,27.843333333333337,32.25063333333333,11.8336,8.771999999999998,20.605599999999995,17.543999999999997,64.0,48.0,112.0,96.0,1.0,1.0,2.0,2.0,1.0,3.0,4.0,6.0,0.5328999999999998,0.5621,1.095,1.1242,28.09,59.88999999999999,87.98,119.78,0.0,0.8900000000000002,0.8900000000000002,1.7800000000000005,0.0,2.0,2.0,4.0,0.0,0.0,0.0,0.0,0.0,-2.0,-2.0,-4.0,0.0,-0.04,-0.04,-0.08,0.0,-6.000000000000001,-6.000000000000001,-12.000000000000002,8.8416,9.811333333333332,15.164,29.71293333333333,1029.0,184.3333333333333,364.0,583.3333333333334,1.0,1.3333333333333333,2.0,4.0,2.333333333333333,5.0,8.0,14.333333333333334,1.17675,0.9202499999999998,1.6554999999999995,2.9285,376.6266666666667,222.80420466666664,423.3733333333334,723.0610916666668,0.0,0.7033333333333335,0.846666666666667,1.903333333333333,0.0,26.33333333333333,48.66666666666666,101.33333333333331,0.0,0.0,0.0,0.0,0.0,-1.0,-3.333333333333333,-5.0,0.0,0.4316666666666666,0.6099999999999998,1.5566666666666664,0.0,8.39763,14.866666666666664,36.044075,2235.84,1.58834,0.0,0.0,0.0,212.665,951.16,598.838,0.0,0.0,0.0,79.3724,0.0355,0.0223503,0.0,0.0,0.0,564.55,0.2525,0.158971,5.98662,3.42594,5.98662
DB1-Uio66Zr-irmof6_A-irmof7_A_No128,0.015,337.63737,486.6785999999998,920.8192,4251.559199999997,4714.176000000001,12084.0,33088.0,72384.0,91776.0,54.0,152.0,432.0,672.0,632.0,2336.0,4812.0,6360.0,38.94480000000004,137.06480000000008,306.5664,470.5872000000002,1.7689,36.60160000000001,26.493600000000004,105.06999999999996,1600.0,2560.0,7440.0,7360.0,1.0,8.0,10.0,24.0,64.0,176.0,368.0,464.0,2.3716000000000004,8.9936,15.369200000000005,27.22720000000001,0.0,-16.88,-6.619999999999998,-47.07999999999999,0.0,256.0,214.0,776.0,0.0,0.0,0.0,0.0,0.0,42.0,34.0,134.0,0.0,6.480000000000003,5.420000000000001,19.280000000000005,177.0928,353.949,551.3521333333333,665.9336666666668,772.0,1528.0,2277.333333333333,2674.6666666666665,24.666666666666668,51.333333333333336,81.33333333333333,99.33333333333331,136.0,343.6666666666667,474.6666666666667,565.3333333333334,10.7982,25.31486666666667,37.32573333333334,44.95860000000001,11.8336,8.771999999999998,20.605599999999995,17.543999999999997,64.0,48.0,112.0,96.0,1.0,1.0,2.0,2.0,1.0,3.0,4.0,6.0,0.5328999999999998,0.5621,1.095,1.1242,28.09,59.88999999999999,87.98,119.78,0.0,0.8900000000000002,0.8900000000000002,1.7800000000000005,0.0,2.0,2.0,4.0,0.0,0.0,0.0,0.0,0.0,-2.0,-2.0,-4.0,0.0,-0.04,-0.04,-0.08,0.0,-6.000000000000001,-6.000000000000001,-12.000000000000002,9.6736,19.69933333333333,16.354266666666664,30.636,51.5,55.333333333333336,88.66666666666667,162.5,1.0,2.75,2.0,3.75,7.916666666666667,13.416666666666666,16.083333333333332,31.58333333333333,0.5575666666666667,1.0599416666666666,1.145,2.122375,50.315,137.24333025,154.03,276.63730691666666,0.0,2.06,0.9650000000000004,1.6250000000000009,0.0,11.75,2.0,3.75,0.0,0.0,0.0,0.0,0.0,3.1666666666666665,-0.25,-0.5,0.0,0.64,-0.04,-0.0333333333333333,0.0,0.6375575000000002,-7.5,-11.683925833333335,2283.85,1.51413,0.0,0.0,0.0,148.414,649.841,429.184,0.0,0.0,0.0,61.8009,0.02706,0.0178716,0.0,0.0,0.0,468.189,0.205,0.135391,6.35607,2.10665,6.35607
DB1-Uio66Zr-irmof6_A-irmof7_A_No128,0.15,248.74203,486.6785999999998,920.8192,4251.559199999997,4714.176000000001,12084.0,33088.0,72384.0,91776.0,54.0,152.0,432.0,672.0,632.0,2336.0,4812.0,6360.0,38.94480000000004,137.06480000000008,306.5664,470.5872000000002,1.7689,36.60160000000001,26.493600000000004,105.06999999999996,1600.0,2560.0,7440.0,7360.0,1.0,8.0,10.0,24.0,64.0,176.0,368.0,464.0,2.3716000000000004,8.9936,15.369200000000005,27.22720000000001,0.0,-16.88,-6.619999999999998,-47.07999999999999,0.0,256.0,214.0,776.0,0.0,0.0,0.0,0.0,0.0,42.0,34.0,134.0,0.0,6.480000000000003,5.420000000000001,19.280000000000005,177.0928,353.949,551.3521333333333,665.9336666666668,772.0,1528.0,2277.333333333333,2674.6666666666665,24.666666666666668,51.333333333333336,81.33333333333333,99.33333333333331,136.0,343.6666666666667,474.6666666666667,565.3333333333334,10.7982,25.31486666666667,37.32573333333334,44.95860000000001,11.8336,8.771999999999998,20.605599999999995,17.543999999999997,64.0,48.0,112.0,96.0,1.0,1.0,2.0,2.0,1.0,3.0,4.0,6.0,0.5328999999999998,0.5621,1.095,1.1242,28.09,59.88999999999999,87.98,119.78,0.0,0.8900000000000002,0.8900000000000002,1.7800000000000005,0.0,2.0,2.0,4.0,0.0,0.0,0.0,0.0,0.0,-2.0,-2.0,-4.0,0.0,-0.04,-0.04,-0.08,0.0,-6.000000000000001,-6.000000000000001,-12.000000000000002,9.6736,19.69933333333333,16.354266666666664,30.636,51.5,55.333333333333336,88.66666666666667,162.5,1.0,2.75,2.0,3.75,7.916666666666667,13.416666666666666,16.083333333333332,31.58333333333333,0.5575666666666667,1.0599416666666666,1.145,2.122375,50.315,137.24333025,154.03,276.63730691666666,0.0,2.06,0.9650000000000004,1.6250000000000009,0.0,11.75,2.0,3.75,0.0,0.0,0.0,0.0,0.0,3.1666666666666665,-0.25,-0.5,0.0,0.64,-0.04,-0.0333333333333333,0.0,0.6375575000000002,-7.5,-11.683925833333335,2283.85,1.51413,0.0,0.0,0.0,148.414,649.841,429.184,0.0,0.0,0.0,61.8009,0.02706,0.0178716,0.0,0.0,0.0,468.189,0.205,0.135391,6.35607,2.10665,6.35607
DB1-Uio66Zr-BDC_A-irmof7_A_No271,0.015,538.20423,97.1935166666666,173.70853333333343,712.7581999999994,785.6960000000005,2104.833333333333,5634.666666666667,12094.0,15296.0,11.5,28.666666666666668,73.66666666666667,112.0,110.33333333333331,396.0,803.6666666666666,1060.0,8.903050000000002,25.39913333333336,52.80123333333338,78.43120000000003,1.4014000000000004,21.49687272727274,15.58696363636364,59.58272727272726,876.8181818181819,1407.2727272727273,4066.363636363637,4030.909090909091,1.0,4.818181818181819,5.909090909090909,14.0,35.36363636363637,96.90909090909088,202.0909090909091,255.81818181818176,2.097645454545455,5.346918181818182,8.848700000000003,15.782200000000003,0.0,-10.325454545454546,-4.324545454545453,-27.10727272727272,0.0,137.36363636363637,115.36363636363636,420.54545454545456,0.0,0.0,0.0,0.0,0.0,22.454545454545453,17.636363636363637,71.27272727272727,0.0,3.807272727272729,3.2109090909090914,11.025454545454544,134.43526666666665,246.09683333333328,380.6363999999999,456.1387,646.1666666666666,1175.3333333333333,1760.0,1872.0,17.333333333333332,35.0,52.66666666666666,65.0,87.66666666666667,212.3333333333333,290.0,297.3333333333333,8.370933333333333,18.26736666666667,26.48926666666668,29.90276666666667,11.8336,8.771999999999997,20.04894545454545,20.51490909090909,64.0,48.0,109.09090909090908,106.1818181818182,1.0,1.0,2.0,2.363636363636364,1.0,3.0,4.363636363636363,6.727272727272726,0.5328999999999998,0.5621,1.100309090909091,1.275509090909091,28.09,59.88999999999999,93.7618181818182,135.012306,0.0,0.8900000000000005,1.051818181818182,2.1672727272727275,0.0,2.0,2.363636363636364,5.636363636363635,0.0,0.0,0.0,0.0,0.0,-2.0,-2.363636363636364,-4.363636363636363,0.0,-0.04,-0.0472727272727273,-0.0218181818181818,0.0,-6.000000000000001,-7.090909090909093,-12.946747272727276,1.0757818181818182,1.4854545454545454,1.5949090909090906,3.358690909090909,5.818181818181818,5.090909090909091,8.727272727272727,15.272727272727272,0.0909090909090909,0.1818181818181818,0.1818181818181818,0.3636363636363636,0.3636363636363636,0.7272727272727273,1.0909090909090908,1.6363636363636365,0.0484454545454545,0.0756545454545454,0.1022,0.1752,2.553636363636364,7.616153,10.889090909090909,15.614334818181815,0.0,0.1936363636363636,0.1618181818181818,0.2745454545454545,0.0,0.8181818181818182,0.3636363636363636,1.0,0.0,0.0,0.0,0.0,0.0,0.0,-0.1818181818181818,-0.0909090909090909,0.0,0.029090909090909,-0.0072727272727272,0.0254545454545454,0.0,-0.4733736363636364,-1.090909090909091,-1.018828181818182,2235.84,1.37827,0.0,0.0,0.0,128.337,573.998,416.462,0.0,0.0,0.0,55.6725,0.0249,0.0180661,0.0,0.0,0.0,377.857,0.169,0.122617,6.46004,2.90495,6.46004
DB1-Uio66Zr-BDC_A-irmof7_A_No271,0.15,187.836205,97.1935166666666,173.70853333333343,712.7581999999994,785.6960000000005,2104.833333333333,5634.666666666667,12094.0,15296.0,11.5,28.666666666666668,73.66666666666667,112.0,110.33333333333331,396.0,803.6666666666666,1060.0,8.903050000000002,25.39913333333336,52.80123333333338,78.43120000000003,1.4014000000000004,21.49687272727274,15.58696363636364,59.58272727272726,876.8181818181819,1407.2727272727273,4066.363636363637,4030.909090909091,1.0,4.818181818181819,5.909090909090909,14.0,35.36363636363637,96.90909090909088,202.0909090909091,255.81818181818176,2.097645454545455,5.346918181818182,8.848700000000003,15.782200000000003,0.0,-10.325454545454546,-4.324545454545453,-27.10727272727272,0.0,137.36363636363637,115.36363636363636,420.54545454545456,0.0,0.0,0.0,0.0,0.0,22.454545454545453,17.636363636363637,71.27272727272727,0.0,3.807272727272729,3.2109090909090914,11.025454545454544,134.43526666666665,246.09683333333328,380.6363999999999,456.1387,646.1666666666666,1175.3333333333333,1760.0,1872.0,17.333333333333332,35.0,52.66666666666666,65.0,87.66666666666667,212.3333333333333,290.0,297.3333333333333,8.370933333333333,18.26736666666667,26.48926666666668,29.90276666666667,11.8336,8.771999999999997,20.04894545454545,20.51490909090909,64.0,48.0,109.09090909090908,106.1818181818182,1.0,1.0,2.0,2.363636363636364,1.0,3.0,4.363636363636363,6.727272727272726,0.5328999999999998,0.5621,1.100309090909091,1.275509090909091,28.09,59.88999999999999,93.7618181818182,135.012306,0.0,0.8900000000000005,1.051818181818182,2.1672727272727275,0.0,2.0,2.363636363636364,5.636363636363635,0.0,0.0,0.0,0.0,0.0,-2.0,-2.363636363636364,-4.363636363636363,0.0,-0.04,-0.0472727272727273,-0.0218181818181818,0.0,-6.000000000000001,-7.090909090909093,-12.946747272727276,1.0757818181818182,1.4854545454545454,1.5949090909090906,3.358690909090909,5.818181818181818,5.090909090909091,8.727272727272727,15.272727272727272,0.0909090909090909,0.1818181818181818,0.1818181818181818,0.3636363636363636,0.3636363636363636,0.7272727272727273,1.0909090909090908,1.6363636363636365,0.0484454545454545,0.0756545454545454,0.1022,0.1752,2.553636363636364,7.616153,10.889090909090909,15.614334818181815,0.0,0.1936363636363636,0.1618181818181818,0.2745454545454545,0.0,0.8181818181818182,0.3636363636363636,1.0,0.0,0.0,0.0,0.0,0.0,0.0,-0.1818181818181818,-0.0909090909090909,0.0,0.029090909090909,-0.0072727272727272,0.0254545454545454,0.0,-0.4733736363636364,-1.090909090909091,-1.018828181818182,2235.84,1.37827,0.0,0.0,0.0,128.337,573.998,416.462,0.0,0.0,0.0,55.6725,0.0249,0.0180661,0.0,0.0,0.0,377.857,0.169,0.122617,6.46004,2.90495,6.46004
DB1-Uio66Zr-irmof6_A-imdb_No15,0.015,330.26284,486.6785999999997,920.8192000000006,4251.559199999998,4714.176000000004,12084.0,33088.0,72384.0,91776.0,54.0,152.0,432.0,672.0,632.0,2336.0,4812.0,6360.0,38.9448,137.06480000000008,306.56640000000004,470.5872000000002,1.7688999999999997,36.60160000000001,26.49360000000001,105.06999999999996,1600.0,2560.0,7440.0,7360.0,1.0,8.0,10.0,24.0,64.0,176.0,368.0,464.0,2.3716000000000004,8.9936,15.369200000000005,27.22720000000002,0.0,-16.88,-6.62,-47.07999999999999,0.0,256.0,214.0,776.0,0.0,0.0,0.0,0.0,0.0,42.0,34.0,134.0,0.0,6.480000000000003,5.420000000000001,19.28,197.537,372.7798,588.2268,689.7561999999999,974.0,1840.0,2724.0,3178.0,24.0,50.0,80.0,96.0,134.0,340.0,464.0,548.0,11.8648,26.509799999999995,39.584,47.11120000000002,11.833599999999995,8.771999999999995,20.60559999999999,17.54399999999999,64.0,48.0,112.0,96.0,1.0,1.0,2.0,2.0,1.0,3.0,4.0,6.0,0.5328999999999998,0.5621000000000003,1.095,1.1242000000000003,28.09,59.89000000000001,87.98,119.78000000000002,0.0,0.8900000000000003,0.8900000000000003,1.7800000000000007,0.0,2.0,2.0,4.0,0.0,0.0,0.0,0.0,0.0,-2.0,-2.0,-4.0,0.0,-0.04,-0.04,-0.08,0.0,-6.000000000000001,-6.000000000000001,-12.000000000000002,10.969600000000003,16.527466666666665,18.90506666666666,22.52853333333333,59.0,88.66666666666669,102.6666666666667,122.33333333333331,1.0,1.6666666666666672,2.0,2.6666666666666656,3.6666666666666665,7.0,8.666666666666666,16.0,0.5427666666666668,0.9224999999999998,1.1149999999999998,1.514466666666667,36.98,80.16666666666669,114.40000000000003,181.7266666666666,0.0,0.1633333333333334,0.9200000000000004,1.6766666666666663,0.0,0.3333333333333332,2.0,3.6666666666666665,0.0,0.0,0.0,0.0,0.0,0.0,-1.3333333333333328,-2.6666666666666656,0.0,-0.0066666666666666,-0.04,-0.0733333333333334,0.0,-1.3000000000000005,-6.599999999999999,-11.900000000000004,4567.71,1.71609,0.0,0.0,0.0,304.779,667.247,388.819,0.0,0.0,0.0,168.457,0.03688,0.0214907,0.0,0.0,0.0,771.943,0.169,0.0984798,7.35916,1.3916,7.28977
DB1-Uio66Zr-irmof6_A-imdb_No15,0.15,226.65757,486.6785999999997,920.8192000000006,4251.559199999998,4714.176000000004,12084.0,33088.0,72384.0,91776.0,54.0,152.0,432.0,672.0,632.0,2336.0,4812.0,6360.0,38.9448,137.06480000000008,306.56640000000004,470.5872000000002,1.7688999999999997,36.60160000000001,26.49360000000001,105.06999999999996,1600.0,2560.0,7440.0,7360.0,1.0,8.0,10.0,24.0,64.0,176.0,368.0,464.0,2.3716000000000004,8.9936,15.369200000000005,27.22720000000002,0.0,-16.88,-6.62,-47.07999999999999,0.0,256.0,214.0,776.0,0.0,0.0,0.0,0.0,0.0,42.0,34.0,134.0,0.0,6.480000000000003,5.420000000000001,19.28,197.537,372.7798,588.2268,689.7561999999999,974.0,1840.0,2724.0,3178.0,24.0,50.0,80.0,96.0,134.0,340.0,464.0,548.0,11.8648,26.509799999999995,39.584,47.11120000000002,11.833599999999995,8.771999999999995,20.60559999999999,17.54399999999999,64.0,48.0,112.0,96.0,1.0,1.0,2.0,2.0,1.0,3.0,4.0,6.0,0.5328999999999998,0.5621000000000003,1.095,1.1242000000000003,28.09,59.89000000000001,87.98,119.78000000000002,0.0,0.8900000000000003,0.8900000000000003,1.7800000000000007,0.0,2.0,2.0,4.0,0.0,0.0,0.0,0.0,0.0,-2.0,-2.0,-4.0,0.0,-0.04,-0.04,-0.08,0.0,-6.000000000000001,-6.000000000000001,-12.000000000000002,10.969600000000003,16.527466666666665,18.90506666666666,22.52853333333333,59.0,88.66666666666669,102.6666666666667,122.33333333333331,1.0,1.6666666666666672,2.0,2.6666666666666656,3.6666666666666665,7.0,8.666666666666666,16.0,0.5427666666666668,0.9224999999999998,1.1149999999999998,1.514466666666667,36.98,80.16666666666669,114.40000000000003,181.7266666666666,0.0,0.1633333333333334,0.9200000000000004,1.6766666666666663,0.0,0.3333333333333332,2.0,3.6666666666666665,0.0,0.0,0.0,0.0,0.0,0.0,-1.3333333333333328,-2.6666666666666656,0.0,-0.0066666666666666,-0.04,-0.0733333333333334,0.0,-1.3000000000000005,-6.599999999999999,-11.900000000000004,4567.71,1.71609,0.0,0.0,0.0,304.779,667.247,388.819,0.0,0.0,0.0,168.457,0.03688,0.0214907,0.0,0.0,0.0,771.943,0.169,0.0984798,7.35916,1.3916,7.28977
DB1-Uio66Zr-BDC_A-irmof6_A_No60,0.015,163.74594,486.6785999999997,920.8192000000006,4251.559199999997,4714.176000000003,12084.0,33088.0,72384.0,91776.0,54.0,152.0,432.0,672.0,632.0,2336.0,4812.0,6360.0,38.94480000000001,137.06480000000013,306.56640000000027,470.5872000000002,1.7689,36.60160000000001,26.493600000000004,105.06999999999998,1600.0,2560.0,7440.0,7360.0,1.0,8.0,10.0,24.0,64.0,176.0,368.0,464.0,2.3716000000000004,8.9936,15.369200000000005,27.22720000000001,0.0,-16.88,-6.619999999999998,-47.07999999999999,0.0,256.0,214.0,776.0,0.0,0.0,0.0,0.0,0.0,42.0,34.0,134.0,0.0,6.480000000000003,5.420000000000001,19.28,129.88883333333334,236.6145,371.2490666666666,435.0773333333332,2648.333333333333,1760.0,2936.6666666666665,3751.6666666666665,16.666666666666668,33.666666666666664,51.333333333333336,61.66666666666666,85.66666666666667,208.66666666666663,278.0,277.0,9.744033333333332,19.1807,28.5774,33.62456666666667,11.8336,8.771999999999998,20.605599999999995,17.543999999999997,64.0,48.0,112.0,96.0,1.0,1.0,2.0,2.0,1.0,3.0,4.0,6.0,0.5328999999999998,0.5621,1.095,1.1242,28.09,59.88999999999999,87.98,119.78,0.0,0.8900000000000002,0.8900000000000002,1.7800000000000005,0.0,2.0,2.0,4.0,0.0,0.0,0.0,0.0,0.0,-2.0,-2.0,-4.0,0.0,-0.04,-0.04,-0.08,0.0,-6.000000000000001,-6.000000000000001,-12.000000000000002,8.9656,7.633,15.266,29.48433333333333,1069.0,192.0,384.0,608.0,1.0,1.0,2.0,4.0,1.0,3.0,6.0,10.0,1.2463499999999998,0.8585499999999998,1.7170999999999996,2.988199999999999,403.0266666666666,225.24666666666667,450.4933333333333,765.581726,0.0,0.4433333333333335,0.886666666666667,2.123333333333333,0.0,26.0,52.0,109.0,0.0,0.0,0.0,0.0,0.0,-2.0,-4.0,-6.0,0.0,0.3449999999999999,0.6899999999999998,1.7799999999999994,0.0,8.633333333333333,17.266666666666666,41.32622333333333,2235.84,1.86676,0.0,0.0,0.0,160.377,717.302,384.25,0.0,0.0,0.0,82.1001,0.03672,0.0196705,0.0,0.0,0.0,524.305,0.2345,0.125619,7.31796,2.44882,7.31327
DB1-Uio66Zr-BDC_A-irmof6_A_No60,0.15,138.71226,486.6785999999997,920.8192000000006,4251.559199999997,4714.176000000003,12084.0,33088.0,72384.0,91776.0,54.0,152.0,432.0,672.0,632.0,2336.0,4812.0,6360.0,38.94480000000001,137.06480000000013,306.56640000000027,470.5872000000002,1.7689,36.60160000000001,26.493600000000004,105.06999999999998,1600.0,2560.0,7440.0,7360.0,1.0,8.0,10.0,24.0,64.0,176.0,368.0,464.0,2.3716000000000004,8.9936,15.369200000000005,27.22720000000001,0.0,-16.88,-6.619999999999998,-47.07999999999999,0.0,256.0,214.0,776.0,0.0,0.0,0.0,0.0,0.0,42.0,34.0,134.0,0.0,6.480000000000003,5.420000000000001,19.28,129.88883333333334,236.6145,371.2490666666666,435.0773333333332,2648.333333333333,1760.0,2936.6666666666665,3751.6666666666665,16.666666666666668,33.666666666666664,51.333333333333336,61.66666666666666,85.66666666666667,208.66666666666663,278.0,277.0,9.744033333333332,19.1807,28.5774,33.62456666666667,11.8336,8.771999999999998,20.605599999999995,17.543999999999997,64.0,48.0,112.0,96.0,1.0,1.0,2.0,2.0,1.0,3.0,4.0,6.0,0.5328999999999998,0.5621,1.095,1.1242,28.09,59.88999999999999,87.98,119.78,0.0,0.8900000000000002,0.8900000000000002,1.7800000000000005,0.0,2.0,2.0,4.0,0.0,0.0,0.0,0.0,0.0,-2.0,-2.0,-4.0,0.0,-0.04,-0.04,-0.08,0.0,-6.000000000000001,-6.000000000000001,-12.000000000000002,8.9656,7.633,15.266,29.48433333333333,1069.0,192.0,384.0,608.0,1.0,1.0,2.0,4.0,1.0,3.0,6.0,10.0,1.2463499999999998,0.8585499999999998,1.7170999999999996,2.988199999999999,403.0266666666666,225.24666666666667,450.4933333333333,765.581726,0.0,0.4433333333333335,0.886666666666667,2.123333333333333,0.0,26.0,52.0,109.0,0.0,0.0,0.0,0.0,0.0,-2.0,-4.0,-6.0,0.0,0.3449999999999999,0.6899999999999998,1.7799999999999994,0.0,8.633333333333333,17.266666666666666,41.32622333333333,2235.84,1.86676,0.0,0.0,0.0,160.377,717.302,384.25,0.0,0.0,0.0,82.1001,0.03672,0.0196705,0.0,0.0,0.0,524.305,0.2345,0.125619,7.31796,2.44882,7.31327
DB1-Uio66Zr-BDC_A-irmof7_A_No314,0.015,162.65064,486.6785999999997,920.8192000000008,4251.559199999997,4714.176000000004,12084.0,33088.0,72384.0,91776.0,54.0,152.0,432.0,672.0,632.0,2336.0,4812.0,6360.0,38.9448,137.0648000000001,306.56640000000027,470.58720000000017,1.7689,36.60160000000001,26.493600000000004,105.06999999999998,1600.0,2560.0,7440.0,7360.0,1.0,8.0,10.0,24.0,64.0,176.0,368.0,464.0,2.3716000000000004,8.9936,15.369200000000005,27.22720000000001,0.0,-16.88,-6.619999999999998,-47.07999999999999,0.0,256.0,214.0,776.0,0.0,0.0,0.0,0.0,0.0,42.0,34.0,134.0,0.0,6.480000000000003,5.420000000000001,19.28,148.231,280.9968333333333,419.9150666666666,519.7549666666666,678.0,1255.3333333333333,1881.6666666666667,2122.6666666666665,19.666666666666668,39.66666666666666,59.0,74.33333333333333,98.66666666666669,239.0,333.6666666666667,373.0,8.979033333333332,19.94776666666668,28.83750000000001,34.06716666666667,11.8336,8.771999999999998,20.605599999999995,17.543999999999997,64.0,48.0,112.0,96.0,1.0,1.0,2.0,2.0,1.0,3.0,4.0,6.0,0.5328999999999998,0.5621,1.095,1.1242,28.09,59.88999999999999,87.98,119.78,0.0,0.8900000000000002,0.8900000000000002,1.7800000000000005,0.0,2.0,2.0,4.0,0.0,0.0,0.0,0.0,0.0,-2.0,-2.0,-4.0,0.0,-0.04,-0.04,-0.08,0.0,-6.000000000000001,-6.000000000000001,-12.000000000000002,9.6736,20.33,15.844,31.48168888888889,51.5,56.0,86.0,146.38888888888889,1.0,2.833333333333333,2.0,4.0,8.166666666666666,13.833333333333334,17.0,28.55555555555556,0.5575666666666667,1.08245,1.1498666666666668,2.043244444444444,50.315000000000005,139.23397050000003,159.33,269.70384500000006,0.0,2.163333333333333,1.1133333333333335,2.3205555555555564,0.0,12.333333333333334,2.333333333333333,8.38888888888889,0.0,0.0,0.0,0.0,0.0,3.333333333333333,-0.3333333333333333,1.2222222222222223,0.0,0.6699999999999999,-0.0466666666666667,0.2488888888888888,0.0,0.7036316666666669,-8.5,-10.005925,2235.84,1.40011,0.0,0.0,0.0,230.429,1030.61,736.093,0.0,0.0,0.0,100.032,0.04474,0.0319545,0.0,0.0,0.0,632.744,0.283,0.202126,6.32717,3.65413,6.22964
DB1-Uio66Zr-BDC_A-irmof7_A_No314,0.15,167.069115,486.6785999999997,920.8192000000008,4251.559199999997,4714.176000000004,12084.0,33088.0,72384.0,91776.0,54.0,152.0,432.0,672.0,632.0,2336.0,4812.0,6360.0,38.9448,137.0648000000001,306.56640000000027,470.58720000000017,1.7689,36.60160000000001,26.493600000000004,105.06999999999998,1600.0,2560.0,7440.0,7360.0,1.0,8.0,10.0,24.0,64.0,176.0,368.0,464.0,2.3716000000000004,8.9936,15.369200000000005,27.22720000000001,0.0,-16.88,-6.619999999999998,-47.07999999999999,0.0,256.0,214.0,776.0,0.0,0.0,0.0,0.0,0.0,42.0,34.0,134.0,0.0,6.480000000000003,5.420000000000001,19.28,148.231,280.9968333333333,419.9150666666666,519.7549666666666,678.0,1255.3333333333333,1881.6666666666667,2122.6666666666665,19.666666666666668,39.66666666666666,59.0,74.33333333333333,98.66666666666669,239.0,333.6666666666667,373.0,8.979033333333332,19.94776666666668,28.83750000000001,34.06716666666667,11.8336,8.771999999999998,20.605599999999995,17.543999999999997,64.0,48.0,112.0,96.0,1.0,1.0,2.0,2.0,1.0,3.0,4.0,6.0,0.5328999999999998,0.5621,1.095,1.1242,28.09,59.88999999999999,87.98,119.78,0.0,0.8900000000000002,0.8900000000000002,1.7800000000000005,0.0,2.0,2.0,4.0,0.0,0.0,0.0,0.0,0.0,-2.0,-2.0,-4.0,0.0,-0.04,-0.04,-0.08,0.0,-6.000000000000001,-6.000000000000001,-12.000000000000002,9.6736,20.33,15.844,31.48168888888889,51.5,56.0,86.0,146.38888888888889,1.0,2.833333333333333,2.0,4.0,8.166666666666666,13.833333333333334,17.0,28.55555555555556,0.5575666666666667,1.08245,1.1498666666666668,2.043244444444444,50.315000000000005,139.23397050000003,159.33,269.70384500000006,0.0,2.163333333333333,1.1133333333333335,2.3205555555555564,0.0,12.333333333333334,2.333333333333333,8.38888888888889,0.0,0.0,0.0,0.0,0.0,3.333333333333333,-0.3333333333333333,1.2222222222222223,0.0,0.6699999999999999,-0.0466666666666667,0.2488888888888888,0.0,0.7036316666666669,-8.5,-10.005925,2235.84,1.40011,0.0,0.0,0.0,230.429,1030.61,736.093,0.0,0.0,0.0,100.032,0.04474,0.0319545,0.0,0.0,0.0,632.744,0.283,0.202126,6.32717,3.65413,6.22964
DB1-Uio66Zr-BDC_A-irmof6_A_No20,0.015,274.35505,486.6785999999997,920.8192000000004,4251.559199999997,4714.176000000002,12084.0,33088.0,72384.0,91776.0,54.0,152.0,432.0,672.0,632.0,2336.0,4812.0,6360.0,38.94480000000002,137.06480000000008,306.5664,470.58720000000017,1.7689,36.60160000000001,26.493600000000004,105.06999999999996,1600.0,2560.0,7440.0,7360.0,1.0,8.0,10.0,24.0,64.0,176.0,368.0,464.0,2.3716000000000004,8.9936,15.369200000000005,27.22720000000001,0.0,-16.88,-6.619999999999998,-47.07999999999999,0.0,256.0,214.0,776.0,0.0,0.0,0.0,0.0,0.0,42.0,34.0,134.0,0.0,6.480000000000003,5.420000000000001,19.280000000000005,169.4339,332.79183333333333,492.3237333333334,614.0840000000002,727.0,1381.3333333333333,2079.333333333333,2537.0,23.33333333333333,47.0,71.33333333333333,88.33333333333333,119.0,288.6666666666667,404.6666666666667,503.6666666666667,9.997,22.695900000000005,32.91913333333334,41.060033333333344,11.8336,8.771999999999998,20.605599999999995,17.543999999999997,64.0,48.0,112.0,96.0,1.0,1.0,2.0,2.0,1.0,3.0,4.0,6.0,0.5328999999999998,0.5621,1.095,1.1242,28.09,59.88999999999999,87.98,119.78,0.0,0.8900000000000002,0.8900000000000002,1.7800000000000005,0.0,2.0,2.0,4.0,0.0,0.0,0.0,0.0,0.0,-2.0,-2.0,-4.0,0.0,-0.04,-0.04,-0.08,0.0,-6.000000000000001,-6.000000000000001,-12.000000000000002,7.701333333333333,17.606666666666666,12.92,27.081333333333333,40.833333333333336,46.66666666666666,70.0,145.83333333333334,0.8333333333333334,2.5,1.6666666666666667,3.333333333333333,7.5,12.5,15.0,30.0,0.46875,0.94375,0.9625,1.9125,45.63333333333333,125.27102333333336,139.36666666666667,254.6833333333333,0.0,1.808333333333333,0.816666666666667,1.2250000000000003,0.0,10.833333333333334,1.6666666666666667,2.5,0.0,0.0,0.0,0.0,0.0,3.333333333333333,0.0,0.0,0.0,0.6166666666666667,-0.0333333333333333,-0.05,0.0,1.5714833333333338,-6.5,-9.750000000000002,2235.84,1.47825,0.0,0.0,0.0,171.492,767.012,518.864,0.0,0.0,0.0,86.8849,0.03886,0.0262878,0.0,0.0,0.0,545.546,0.244,0.16506,7.31796,2.06572,7.31327
DB1-Uio66Zr-BDC_A-irmof6_A_No20,0.15,218.63356,486.6785999999997,920.8192000000004,4251.559199999997,4714.176000000002,12084.0,33088.0,72384.0,91776.0,54.0,152.0,432.0,672.0,632.0,2336.0,4812.0,6360.0,38.94480000000002,137.06480000000008,306.5664,470.58720000000017,1.7689,36.60160000000001,26.493600000000004,105.06999999999996,1600.0,2560.0,7440.0,7360.0,1.0,8.0,10.0,24.0,64.0,176.0,368.0,464.0,2.3716000000000004,8.9936,15.369200000000005,27.22720000000001,0.0,-16.88,-6.619999999999998,-47.07999999999999,0.0,256.0,214.0,776.0,0.0,0.0,0.0,0.0,0.0,42.0,34.0,134.0,0.0,6.480000000000003,5.420000000000001,19.280000000000005,169.4339,332.79183333333333,492.3237333333334,614.0840000000002,727.0,1381.3333333333333,2079.333333333333,2537.0,23.33333333333333,47.0,71.33333333333333,88.33333333333333,119.0,288.6666666666667,404.6666666666667,503.6666666666667,9.997,22.695900000000005,32.91913333333334,41.060033333333344,11.8336,8.771999999999998,20.605599999999995,17.543999999999997,64.0,48.0,112.0,96.0,1.0,1.0,2.0,2.0,1.0,3.0,4.0,6.0,0.5328999999999998,0.5621,1.095,1.1242,28.09,59.88999999999999,87.98,119.78,0.0,0.8900000000000002,0.8900000000000002,1.7800000000000005,0.0,2.0,2.0,4.0,0.0,0.0,0.0,0.0,0.0,-2.0,-2.0,-4.0,0.0,-0.04,-0.04,-0.08,0.0,-6.000000000000001,-6.000000000000001,-12.000000000000002,7.701333333333333,17.606666666666666,12.92,27.081333333333333,40.833333333333336,46.66666666666666,70.0,145.83333333333334,0.8333333333333334,2.5,1.6666666666666667,3.333333333333333,7.5,12.5,15.0,30.0,0.46875,0.94375,0.9625,1.9125,45.63333333333333,125.27102333333336,139.36666666666667,254.6833333333333,0.0,1.808333333333333,0.816666666666667,1.2250000000000003,0.0,10.833333333333334,1.6666666666666667,2.5,0.0,0.0,0.0,0.0,0.0,3.333333333333333,0.0,0.0,0.0,0.6166666666666667,-0.0333333333333333,-0.05,0.0,1.5714833333333338,-6.5,-9.750000000000002,2235.84,1.47825,0.0,0.0,0.0,171.492,767.012,518.864,0.0,0.0,0.0,86.8849,0.03886,0.0262878,0.0,0.0,0.0,545.546,0.244,0.16506,7.31796,2.06572,7.31327
DB1-Uio66Zr-irmof10_A-irmof14_A_No4,0.015,5.89006,486.6785999999998,920.8191999999996,4251.5592000000015,4714.176000000001,12084.0,33088.0,72384.0,91776.0,54.0,152.0,432.0,672.0,632.0,2336.0,4812.0,6360.0,38.94480000000005,137.06480000000013,306.56640000000016,470.5872000000002,1.7689,36.60160000000001,26.493600000000004,105.06999999999996,1600.0,2560.0,7440.0,7360.0,1.0,8.0,10.0,24.0,64.0,176.0,368.0,464.0,2.3716000000000004,8.9936,15.369200000000005,27.22720000000001,0.0,-16.88,-6.619999999999998,-47.07999999999999,0.0,256.0,214.0,776.0,0.0,0.0,0.0,0.0,0.0,42.0,34.0,134.0,0.0,6.480000000000003,5.420000000000001,19.280000000000005,190.0004,376.176,599.4604,752.8953333333333,1272.0,1952.0,3056.0,3572.6666666666665,26.666666666666668,56.0,88.0,114.0,144.0,360.0,520.0,575.3333333333334,13.328000000000005,29.619333333333344,45.01546666666668,54.09780000000001,11.8336,8.771999999999998,20.605599999999995,17.543999999999997,64.0,48.0,112.0,96.0,1.0,1.0,2.0,2.0,1.0,3.0,4.0,6.0,0.5328999999999998,0.5621,1.095,1.1242,28.09,59.88999999999999,87.98,119.78,0.0,0.8900000000000002,0.8900000000000002,1.7800000000000005,0.0,2.0,2.0,4.0,0.0,0.0,0.0,0.0,0.0,-2.0,-2.0,-4.0,0.0,-0.04,-0.04,-0.08,0.0,-6.000000000000001,-6.000000000000001,-12.000000000000002,8.321333333333335,6.715,13.43,25.938333333333333,240.8333333333333,85.0,170.0,269.1666666666667,0.8333333333333334,0.8333333333333334,1.6666666666666667,3.333333333333333,0.8333333333333334,2.5,5.0,8.333333333333334,0.81675,0.63525,1.2705,2.211,177.63333333333333,137.48333333333335,274.9666666666667,467.286505,0.0,0.5083333333333336,1.0166666666666673,2.3250000000000006,0.0,9.166666666666666,18.33333333333333,40.833333333333336,0.0,0.0,0.0,0.0,0.0,-1.6666666666666667,-3.333333333333333,-5.0,0.0,0.1833333333333333,0.3666666666666666,1.0666666666666664,0.0,2.7499999999999987,5.499999999999997,16.660741666666663,4791.32,0.870987,933.534,1948.39,2236.99,0.0,0.0,0.0,1098.46,0.22926,0.263219,0.0,0.0,0.0,2687.93,0.561,0.644097,0.0,0.0,0.0,10.76636,6.56005,10.76636
DB1-Uio66Zr-irmof10_A-irmof14_A_No4,0.15,26.511205,486.6785999999998,920.8191999999996,4251.5592000000015,4714.176000000001,12084.0,33088.0,72384.0,91776.0,54.0,152.0,432.0,672.0,632.0,2336.0,4812.0,6360.0,38.94480000000005,137.06480000000013,306.56640000000016,470.5872000000002,1.7689,36.60160000000001,26.493600000000004,105.06999999999996,1600.0,2560.0,7440.0,7360.0,1.0,8.0,10.0,24.0,64.0,176.0,368.0,464.0,2.3716000000000004,8.9936,15.369200000000005,27.22720000000001,0.0,-16.88,-6.619999999999998,-47.07999999999999,0.0,256.0,214.0,776.0,0.0,0.0,0.0,0.0,0.0,42.0,34.0,134.0,0.0,6.480000000000003,5.420000000000001,19.280000000000005,190.0004,376.176,599.4604,752.8953333333333,1272.0,1952.0,3056.0,3572.6666666666665,26.666666666666668,56.0,88.0,114.0,144.0,360.0,520.0,575.3333333333334,13.328000000000005,29.619333333333344,45.01546666666668,54.09780000000001,11.8336,8.771999999999998,20.605599999999995,17.543999999999997,64.0,48.0,112.0,96.0,1.0,1.0,2.0,2.0,1.0,3.0,4.0,6.0,0.5328999999999998,0.5621,1.095,1.1242,28.09,59.88999999999999,87.98,119.78,0.0,0.8900000000000002,0.8900000000000002,1.7800000000000005,0.0,2.0,2.0,4.0,0.0,0.0,0.0,0.0,0.0,-2.0,-2.0,-4.0,0.0,-0.04,-0.04,-0.08,0.0,-6.000000000000001,-6.000000000000001,-12.000000000000002,8.321333333333335,6.715,13.43,25.938333333333333,240.8333333333333,85.0,170.0,269.1666666666667,0.8333333333333334,0.8333333333333334,1.6666666666666667,3.333333333333333,0.8333333333333334,2.5,5.0,8.333333333333334,0.81675,0.63525,1.2705,2.211,177.63333333333333,137.48333333333335,274.9666666666667,467.286505,0.0,0.5083333333333336,1.0166666666666673,2.3250000000000006,0.0,9.166666666666666,18.33333333333333,40.833333333333336,0.0,0.0,0.0,0.0,0.0,-1.6666666666666667,-3.333333333333333,-5.0,0.0,0.1833333333333333,0.3666666666666666,1.0666666666666664,0.0,2.7499999999999987,5.499999999999997,16.660741666666663,4791.32,0.870987,933.534,1948.39,2236.99,0.0,0.0,0.0,1098.46,0.22926,0.263219,0.0,0.0,0.0,2687.93,0.561,0.644097,0.0,0.0,0.0,10.76636,6.56005,10.76636
DB1-Uio66Zr-BDC_A-irmof6_A_No434,0.015,437.144445,486.6785999999997,920.8192000000006,4251.559199999997,4714.176000000003,12084.0,33088.0,72384.0,91776.0,54.0,152.0,432.0,672.0,632.0,2336.0,4812.0,6360.0,38.94480000000001,137.06480000000013,306.56640000000027,470.5872000000002,1.7689,36.60160000000001,26.493600000000004,105.06999999999998,1600.0,2560.0,7440.0,7360.0,1.0,8.0,10.0,24.0,64.0,176.0,368.0,464.0,2.3716000000000004,8.9936,15.369200000000005,27.22720000000001,0.0,-16.88,-6.619999999999998,-47.07999999999999,0.0,256.0,214.0,776.0,0.0,0.0,0.0,0.0,0.0,42.0,34.0,134.0,0.0,6.480000000000003,5.420000000000001,19.28,167.33473333333333,312.68683333333325,458.34706666666654,593.1031666666667,786.3333333333334,1413.3333333333333,2166.6666666666665,2722.6666666666665,21.0,42.333333333333336,62.0,79.0,105.0,256.0,358.0,422.0,9.730900000000002,21.46903333333334,31.156066666666664,38.7623,11.8336,8.771999999999998,20.605599999999995,17.543999999999997,64.0,48.0,112.0,96.0,1.0,1.0,2.0,2.0,1.0,3.0,4.0,6.0,0.5328999999999998,0.5621,1.095,1.1242,28.09,59.88999999999999,87.98,119.78,0.0,0.8900000000000002,0.8900000000000002,1.7800000000000005,0.0,2.0,2.0,4.0,0.0,0.0,0.0,0.0,0.0,-2.0,-2.0,-4.0,0.0,-0.04,-0.04,-0.08,0.0,-6.000000000000001,-6.000000000000001,-12.000000000000002,9.861333333333333,13.616666666666667,14.619999999999996,31.791333333333327,53.333333333333336,46.66666666666666,80.0,173.33333333333334,0.8333333333333334,1.6666666666666667,1.6666666666666667,3.333333333333333,3.333333333333333,6.666666666666667,10.0,18.33333333333333,0.4440833333333332,0.6935000000000001,0.9368333333333334,1.8493333333333333,23.40833333333333,69.81473583333333,99.81666666666666,173.13333333333333,0.0,1.7749999999999997,1.4833333333333336,2.225,0.0,7.5,3.333333333333333,5.0,0.0,0.0,0.0,0.0,0.0,0.0,-1.6666666666666667,-2.5,0.0,0.2666666666666666,-0.0666666666666667,-0.1,0.0,-4.339258333333334,-10.000000000000002,-15.000000000000002,2235.84,1.5137,0.0,0.0,0.0,185.99,831.856,549.55,0.0,0.0,0.0,98.556,0.04408,0.0291206,0.0,0.0,0.0,593.616,0.2655,0.175398,7.31796,3.25594,7.31327
DB1-Uio66Zr-BDC_A-irmof6_A_No434,0.15,340.326065,486.6785999999997,920.8192000000006,4251.559199999997,4714.176000000003,12084.0,33088.0,72384.0,91776.0,54.0,152.0,432.0,672.0,632.0,2336.0,4812.0,6360.0,38.94480000000001,137.06480000000013,306.56640000000027,470.5872000000002,1.7689,36.60160000000001,26.493600000000004,105.06999999999998,1600.0,2560.0,7440.0,7360.0,1.0,8.0,10.0,24.0,64.0,176.0,368.0,464.0,2.3716000000000004,8.9936,15.369200000000005,27.22720000000001,0.0,-16.88,-6.619999999999998,-47.07999999999999,0.0,256.0,214.0,776.0,0.0,0.0,0.0,0.0,0.0,42.0,34.0,134.0,0.0,6.480000000000003,5.420000000000001,19.28,167.33473333333333,312.68683333333325,458.34706666666654,593.1031666666667,786.3333333333334,1413.3333333333333,2166.6666666666665,2722.6666666666665,21.0,42.333333333333336,62.0,79.0,105.0,256.0,358.0,422.0,9.730900000000002,21.46903333333334,31.156066666666664,38.7623,11.8336,8.771999999999998,20.605599999999995,17.543999999999997,64.0,48.0,112.0,96.0,1.0,1.0,2.0,2.0,1.0,3.0,4.0,6.0,0.5328999999999998,0.5621,1.095,1.1242,28.09,59.88999999999999,87.98,119.78,0.0,0.8900000000000002,0.8900000000000002,1.7800000000000005,0.0,2.0,2.0,4.0,0.0,0.0,0.0,0.0,0.0,-2.0,-2.0,-4.0,0.0,-0.04,-0.04,-0.08,0.0,-6.000000000000001,-6.000000000000001,-12.000000000000002,9.861333333333333,13.616666666666667,14.619999999999996,31.791333333333327,53.333333333333336,46.66666666666666,80.0,173.33333333333334,0.8333333333333334,1.6666666666666667,1.6666666666666667,3.333333333333333,3.333333333333333,6.666666666666667,10.0,18.33333333333333,0.4440833333333332,0.6935000000000001,0.9368333333333334,1.8493333333333333,23.40833333333333,69.81473583333333,99.81666666666666,173.13333333333333,0.0,1.7749999999999997,1.4833333333333336,2.225,0.0,7.5,3.333333333333333,5.0,0.0,0.0,0.0,0.0,0.0,0.0,-1.6666666666666667,-2.5,0.0,0.2666666666666666,-0.0666666666666667,-0.1,0.0,-4.339258333333334,-10.000000000000002,-15.000000000000002,2235.84,1.5137,0.0,0.0,0.0,185.99,831.856,549.55,0.0,0.0,0.0,98.556,0.04408,0.0291206,0.0,0.0,0.0,593.616,0.2655,0.175398,7.31796,3.25594,7.31327
DB1-Uio66Zr-irmof6_A-TED_A_No2,0.015,185.807695,486.6785999999998,920.8192000000004,4251.559199999997,4714.176000000005,12084.0,33088.0,72384.0,91776.0,54.0,152.0,432.0,672.0,632.0,2336.0,4812.0,6360.0,38.9448,137.06480000000002,306.5663999999999,470.58720000000017,1.7689,36.60160000000001,26.493600000000004,105.06999999999998,1600.0,2560.0,7440.0,7360.0,1.0,8.0,10.0,24.0,64.0,176.0,368.0,469.3333333333333,2.3716000000000004,8.9936,15.369200000000005,27.22720000000001,0.0,-16.88,-6.619999999999998,-47.07999999999999,0.0,256.0,214.0,776.0,0.0,0.0,0.0,0.0,0.0,42.0,34.0,133.33333333333334,0.0,6.480000000000003,5.420000000000001,19.28,149.5074,295.001,497.60373333333337,613.9429999999999,1643.0,1600.0,2549.333333333333,3093.0,21.0,44.0,74.66666666666667,95.0,122.0,319.3333333333333,451.3333333333333,484.6666666666667,9.987816666666664,22.51736666666667,34.7038,41.49230000000001,11.8336,8.771999999999998,20.605599999999995,19.006,64.0,48.0,112.0,104.0,1.0,1.0,2.0,2.1666666666666665,1.0,3.0,4.166666666666667,7.0,0.5328999999999998,0.5621,1.095,1.2178833333333334,28.09,59.88999999999999,87.98,129.76166666666666,0.0,0.8900000000000002,0.8900000000000002,1.9283333333333328,0.0,2.0,2.0,4.333333333333333,0.0,0.0,0.0,0.0,0.0,-2.0,-2.1666666666666665,-4.833333333333333,0.0,-0.04,-0.04,-0.0866666666666667,0.0,-6.000000000000001,-6.000000000000001,-13.000000000000002,7.301333333333333,6.289999999999999,12.579999999999998,24.296666666666663,1020.8333333333334,175.0,350.0,554.1666666666666,0.8333333333333334,0.8333333333333334,1.6666666666666667,3.333333333333333,0.8333333333333334,2.5,5.0,8.333333333333334,1.083,0.7314999999999999,1.463,2.546,367.5,197.75,395.5,672.1244250000001,0.0,0.3416666666666668,0.6833333333333336,1.6583333333333334,0.0,24.166666666666668,48.333333333333336,100.83333333333331,0.0,0.0,0.0,0.0,0.0,-1.6666666666666667,-3.333333333333333,-5.0,0.0,0.3083333333333332,0.6166666666666665,1.5666666666666662,0.0,8.083333333333334,16.166666666666668,37.994075,2283.85,1.61471,0.0,0.0,0.0,152.601,668.174,413.803,0.0,0.0,0.0,65.5921,0.02872,0.0177864,0.0,0.0,0.0,536.704,0.235,0.145537,6.28473,2.45582,6.28473
DB1-Uio66Zr-irmof6_A-TED_A_No2,0.15,170.54169,486.6785999999998,920.8192000000004,4251.559199999997,4714.176000000005,12084.0,33088.0,72384.0,91776.0,54.0,152.0,432.0,672.0,632.0,2336.0,4812.0,6360.0,38.9448,137.06480000000002,306.5663999999999,470.58720000000017,1.7689,36.60160000000001,26.493600000000004,105.06999999999998,1600.0,2560.0,7440.0,7360.0,1.0,8.0,10.0,24.0,64.0,176.0,368.0,469.3333333333333,2.3716000000000004,8.9936,15.369200000000005,27.22720000000001,0.0,-16.88,-6.619999999999998,-47.07999999999999,0.0,256.0,214.0,776.0,0.0,0.0,0.0,0.0,0.0,42.0,34.0,133.33333333333334,0.0,6.480000000000003,5.420000000000001,19.28,149.5074,295.001,497.60373333333337,613.9429999999999,1643.0,1600.0,2549.333333333333,3093.0,21.0,44.0,74.66666666666667,95.0,122.0,319.3333333333333,451.3333333333333,484.6666666666667,9.987816666666664,22.51736666666667,34.7038,41.49230000000001,11.8336,8.771999999999998,20.605599999999995,19.006,64.0,48.0,112.0,104.0,1.0,1.0,2.0,2.1666666666666665,1.0,3.0,4.166666666666667,7.0,0.5328999999999998,0.5621,1.095,1.2178833333333334,28.09,59.88999999999999,87.98,129.76166666666666,0.0,0.8900000000000002,0.8900000000000002,1.9283333333333328,0.0,2.0,2.0,4.333333333333333,0.0,0.0,0.0,0.0,0.0,-2.0,-2.1666666666666665,-4.833333333333333,0.0,-0.04,-0.04,-0.0866666666666667,0.0,-6.000000000000001,-6.000000000000001,-13.000000000000002,7.301333333333333,6.289999999999999,12.579999999999998,24.296666666666663,1020.8333333333334,175.0,350.0,554.1666666666666,0.8333333333333334,0.8333333333333334,1.6666666666666667,3.333333333333333,0.8333333333333334,2.5,5.0,8.333333333333334,1.083,0.7314999999999999,1.463,2.546,367.5,197.75,395.5,672.1244250000001,0.0,0.3416666666666668,0.6833333333333336,1.6583333333333334,0.0,24.166666666666668,48.333333333333336,100.83333333333331,0.0,0.0,0.0,0.0,0.0,-1.6666666666666667,-3.333333333333333,-5.0,0.0,0.3083333333333332,0.6166666666666665,1.5666666666666662,0.0,8.083333333333334,16.166666666666668,37.994075,2283.85,1.61471,0.0,0.0,0.0,152.601,668.174,413.803,0.0,0.0,0.0,65.5921,0.02872,0.0177864,0.0,0.0,0.0,536.704,0.235,0.145537,6.28473,2.45582,6.28473
DB1-Uio66Zr-irmof6_A-irmof7_A_No42,0.015,439.955525,486.6785999999998,920.8191999999996,4251.5592000000015,4714.176000000001,12084.0,33088.0,72384.0,91776.0,54.0,152.0,432.0,672.0,632.0,2336.0,4812.0,6360.0,38.94480000000005,137.06480000000013,306.56640000000016,470.5872000000002,1.7689,36.60160000000001,26.493600000000004,105.06999999999996,1600.0,2560.0,7440.0,7360.0,1.0,8.0,10.0,24.0,64.0,176.0,368.0,464.0,2.3716000000000004,8.9936,15.369200000000005,27.22720000000001,0.0,-16.88,-6.619999999999998,-47.07999999999999,0.0,256.0,214.0,776.0,0.0,0.0,0.0,0.0,0.0,42.0,34.0,134.0,0.0,6.480000000000003,5.420000000000001,19.280000000000005,171.84493333333333,345.253,572.0577333333332,656.9402,1105.3333333333333,1568.0,2385.333333333333,3240.0,25.33333333333333,52.66666666666666,88.66666666666667,102.0,144.66666666666666,362.3333333333333,494.0,597.6666666666666,10.911700000000002,25.62560000000001,38.37593333333334,45.99903333333334,11.8336,8.771999999999998,20.605599999999995,17.543999999999997,64.0,48.0,112.0,96.0,1.0,1.0,2.0,2.0,1.0,3.0,4.0,6.0,0.5328999999999998,0.5621,1.095,1.1242,28.09,59.88999999999999,87.98,119.78,0.0,0.8900000000000002,0.8900000000000002,1.7800000000000005,0.0,2.0,2.0,4.0,0.0,0.0,0.0,0.0,0.0,-2.0,-2.0,-4.0,0.0,-0.04,-0.04,-0.08,0.0,-6.000000000000001,-6.000000000000001,-12.000000000000002,1.4602666666666666,1.2579999999999998,2.516,5.234266666666666,204.16666666666663,35.0,70.0,309.1666666666667,0.1666666666666666,0.1666666666666666,0.3333333333333333,0.6666666666666666,0.1666666666666666,0.5,1.0,1.6666666666666667,0.2166,0.1462999999999999,0.2925999999999999,0.6554999999999999,73.5,39.55,79.10000000000001,192.15,0.0,0.0683333333333333,0.1366666666666667,0.205,0.0,4.833333333333333,9.666666666666666,14.5,0.0,0.0,0.0,0.0,0.0,-0.3333333333333333,-0.6666666666666666,-1.0,0.0,0.0616666666666666,0.1233333333333333,0.1849999999999999,0.0,1.6166666666666665,3.233333333333333,4.85,2283.85,1.55768,0.0,0.0,0.0,152.497,667.718,428.663,0.0,0.0,0.0,68.013,0.02978,0.0191182,0.0,0.0,0.0,509.298,0.223,0.143162,6.35607,2.21395,6.35607
DB1-Uio66Zr-irmof6_A-irmof7_A_No42,0.15,270.56992,486.6785999999998,920.8191999999996,4251.5592000000015,4714.176000000001,12084.0,33088.0,72384.0,91776.0,54.0,152.0,432.0,672.0,632.0,2336.0,4812.0,6360.0,38.94480000000005,137.06480000000013,306.56640000000016,470.5872000000002,1.7689,36.60160000000001,26.493600000000004,105.06999999999996,1600.0,2560.0,7440.0,7360.0,1.0,8.0,10.0,24.0,64.0,176.0,368.0,464.0,2.3716000000000004,8.9936,15.369200000000005,27.22720000000001,0.0,-16.88,-6.619999999999998,-47.07999999999999,0.0,256.0,214.0,776.0,0.0,0.0,0.0,0.0,0.0,42.0,34.0,134.0,0.0,6.480000000000003,5.420000000000001,19.280000000000005,171.84493333333333,345.253,572.0577333333332,656.9402,1105.3333333333333,1568.0,2385.333333333333,3240.0,25.33333333333333,52.66666666666666,88.66666666666667,102.0,144.66666666666666,362.3333333333333,494.0,597.6666666666666,10.911700000000002,25.62560000000001,38.37593333333334,45.99903333333334,11.8336,8.771999999999998,20.605599999999995,17.543999999999997,64.0,48.0,112.0,96.0,1.0,1.0,2.0,2.0,1.0,3.0,4.0,6.0,0.5328999999999998,0.5621,1.095,1.1242,28.09,59.88999999999999,87.98,119.78,0.0,0.8900000000000002,0.8900000000000002,1.7800000000000005,0.0,2.0,2.0,4.0,0.0,0.0,0.0,0.0,0.0,-2.0,-2.0,-4.0,0.0,-0.04,-0.04,-0.08,0.0,-6.000000000000001,-6.000000000000001,-12.000000000000002,1.4602666666666666,1.2579999999999998,2.516,5.234266666666666,204.16666666666663,35.0,70.0,309.1666666666667,0.1666666666666666,0.1666666666666666,0.3333333333333333,0.6666666666666666,0.1666666666666666,0.5,1.0,1.6666666666666667,0.2166,0.1462999999999999,0.2925999999999999,0.6554999999999999,73.5,39.55,79.10000000000001,192.15,0.0,0.0683333333333333,0.1366666666666667,0.205,0.0,4.833333333333333,9.666666666666666,14.5,0.0,0.0,0.0,0.0,0.0,-0.3333333333333333,-0.6666666666666666,-1.0,0.0,0.0616666666666666,0.1233333333333333,0.1849999999999999,0.0,1.6166666666666665,3.233333333333333,4.85,2283.85,1.55768,0.0,0.0,0.0,152.497,667.718,428.663,0.0,0.0,0.0,68.013,0.02978,0.0191182,0.0,0.0,0.0,509.298,0.223,0.143162,6.35607,2.21395,6.35607
DB1-Uio66Zr-BDC_A-irmof6_A_No106,0.015,214.858995,486.6785999999998,920.8192000000004,4251.559199999997,4714.176000000005,12084.0,33088.0,72384.0,91776.0,54.0,152.0,432.0,672.0,632.0,2336.0,4812.0,6360.0,38.9448,137.06480000000005,306.5663999999999,470.58720000000017,1.7689,36.60160000000001,26.493600000000004,105.06999999999998,1600.0,2560.0,7440.0,7360.0,1.0,8.0,10.0,24.0,64.0,176.0,368.0,464.0,2.3716000000000004,8.9936,15.369200000000005,27.22720000000001,0.0,-16.88,-6.619999999999998,-47.07999999999999,0.0,256.0,214.0,776.0,0.0,0.0,0.0,0.0,0.0,42.0,34.0,134.0,0.0,6.480000000000003,5.420000000000001,19.28,151.18126666666666,290.04549999999995,470.4110666666666,537.2748666666666,719.6666666666666,1272.0,1910.6666666666667,2221.6666666666665,21.666666666666668,43.66666666666666,71.33333333333333,81.66666666666667,115.66666666666669,278.6666666666667,378.0,437.0,9.391233333333334,21.23916666666668,31.21433333333333,36.69923333333333,11.8336,8.771999999999998,20.605599999999995,17.543999999999997,64.0,48.0,112.0,96.0,1.0,1.0,2.0,2.0,1.0,3.0,4.0,6.0,0.5328999999999998,0.5621,1.095,1.1242,28.09,59.88999999999999,87.98,119.78,0.0,0.8900000000000002,0.8900000000000002,1.7800000000000005,0.0,2.0,2.0,4.0,0.0,0.0,0.0,0.0,0.0,-2.0,-2.0,-4.0,0.0,-0.04,-0.04,-0.08,0.0,-6.000000000000001,-6.000000000000001,-12.000000000000002,1.664266666666667,1.343,2.686,5.693266666666666,48.16666666666666,17.0,34.0,99.16666666666669,0.1666666666666666,0.1666666666666666,0.3333333333333333,0.6666666666666666,0.1666666666666666,0.5,1.0,1.6666666666666667,0.16335,0.12705,0.2541,0.5444999999999999,35.526666666666664,27.49666666666667,54.99333333333334,118.01666666666668,0.0,0.1016666666666667,0.2033333333333334,0.3050000000000001,0.0,1.8333333333333333,3.6666666666666665,5.5,0.0,0.0,0.0,0.0,0.0,-0.3333333333333333,-0.6666666666666666,-1.0,0.0,0.0366666666666666,0.0733333333333333,0.1099999999999999,0.0,0.5499999999999998,1.0999999999999996,1.6499999999999997,2235.84,1.41056,0.0,0.0,0.0,181.466,811.624,575.39,0.0,0.0,0.0,93.1452,0.04166,0.0295343,0.0,0.0,0.0,572.376,0.256,0.181488,7.31796,2.25297,7.30984
DB1-Uio66Zr-BDC_A-irmof6_A_No106,0.15,202.661975,486.6785999999998,920.8192000000004,4251.559199999997,4714.176000000005,12084.0,33088.0,72384.0,91776.0,54.0,152.0,432.0,672.0,632.0,2336.0,4812.0,6360.0,38.9448,137.06480000000005,306.5663999999999,470.58720000000017,1.7689,36.60160000000001,26.493600000000004,105.06999999999998,1600.0,2560.0,7440.0,7360.0,1.0,8.0,10.0,24.0,64.0,176.0,368.0,464.0,2.3716000000000004,8.9936,15.369200000000005,27.22720000000001,0.0,-16.88,-6.619999999999998,-47.07999999999999,0.0,256.0,214.0,776.0,0.0,0.0,0.0,0.0,0.0,42.0,34.0,134.0,0.0,6.480000000000003,5.420000000000001,19.28,151.18126666666666,290.04549999999995,470.4110666666666,537.2748666666666,719.6666666666666,1272.0,1910.6666666666667,2221.6666666666665,21.666666666666668,43.66666666666666,71.33333333333333,81.66666666666667,115.66666666666669,278.6666666666667,378.0,437.0,9.391233333333334,21.23916666666668,31.21433333333333,36.69923333333333,11.8336,8.771999999999998,20.605599999999995,17.543999999999997,64.0,48.0,112.0,96.0,1.0,1.0,2.0,2.0,1.0,3.0,4.0,6.0,0.5328999999999998,0.5621,1.095,1.1242,28.09,59.88999999999999,87.98,119.78,0.0,0.8900000000000002,0.8900000000000002,1.7800000000000005,0.0,2.0,2.0,4.0,0.0,0.0,0.0,0.0,0.0,-2.0,-2.0,-4.0,0.0,-0.04,-0.04,-0.08,0.0,-6.000000000000001,-6.000000000000001,-12.000000000000002,1.664266666666667,1.343,2.686,5.693266666666666,48.16666666666666,17.0,34.0,99.16666666666669,0.1666666666666666,0.1666666666666666,0.3333333333333333,0.6666666666666666,0.1666666666666666,0.5,1.0,1.6666666666666667,0.16335,0.12705,0.2541,0.5444999999999999,35.526666666666664,27.49666666666667,54.99333333333334,118.01666666666668,0.0,0.1016666666666667,0.2033333333333334,0.3050000000000001,0.0,1.8333333333333333,3.6666666666666665,5.5,0.0,0.0,0.0,0.0,0.0,-0.3333333333333333,-0.6666666666666666,-1.0,0.0,0.0366666666666666,0.0733333333333333,0.1099999999999999,0.0,0.5499999999999998,1.0999999999999996,1.6499999999999997,2235.84,1.41056,0.0,0.0,0.0,181.466,811.624,575.39,0.0,0.0,0.0,93.1452,0.04166,0.0295343,0.0,0.0,0.0,572.376,0.256,0.181488,7.31796,2.25297,7.30984
DB1-Uio66Zr-BDC_A-irmof7_A_No290,0.015,293.643595,486.6785999999997,920.8192,4251.559199999997,4714.176000000001,12084.0,33088.0,72384.0,91776.0,54.0,152.0,432.0,672.0,632.0,2336.0,4812.0,6360.0,38.94480000000003,137.06480000000005,306.5664,470.58720000000017,1.7689,36.60160000000001,26.493600000000004,105.06999999999996,1600.0,2560.0,7440.0,7360.0,1.0,8.0,10.0,24.0,64.0,176.0,368.0,464.0,2.3716000000000004,8.9936,15.369200000000005,27.22720000000001,0.0,-16.88,-6.619999999999998,-47.07999999999999,0.0,256.0,214.0,776.0,0.0,0.0,0.0,0.0,0.0,42.0,34.0,134.0,0.0,6.480000000000003,5.420000000000001,19.280000000000005,173.3166,338.7588333333333,501.03106666666673,633.6593666666668,835.0,1469.3333333333333,2254.6666666666665,2888.6666666666665,23.666666666666668,47.66666666666666,72.0,90.33333333333331,119.66666666666669,289.0,410.6666666666667,514.3333333333334,10.4757,23.409433333333336,34.254933333333334,43.42836666666668,11.8336,8.771999999999998,20.605599999999995,17.543999999999997,64.0,48.0,112.0,96.0,1.0,1.0,2.0,2.0,1.0,3.0,4.0,6.0,0.5328999999999998,0.5621,1.095,1.1242,28.09,59.88999999999999,87.98,119.78,0.0,0.8900000000000002,0.8900000000000002,1.7800000000000005,0.0,2.0,2.0,4.0,0.0,0.0,0.0,0.0,0.0,-2.0,-2.0,-4.0,0.0,-0.04,-0.04,-0.08,0.0,-6.000000000000001,-6.000000000000001,-12.000000000000002,9.3656,18.94966666666667,15.606,32.7746,89.0,63.66666666666666,104.0,245.0,1.0,2.6666666666666665,2.0,4.0,7.666666666666667,13.0,16.0,31.666666666666668,0.6321,1.0708,1.2166,2.457,81.16,152.76769000000004,194.36,372.7,0.0,1.91,1.0200000000000005,1.5300000000000005,0.0,12.666666666666666,5.333333333333333,8.0,0.0,0.0,0.0,0.0,0.0,3.0,-0.6666666666666666,-1.0,0.0,0.6533333333333333,0.0399999999999999,0.0599999999999999,0.0,2.1214833333333334,-5.400000000000001,-8.100000000000001,2235.84,1.54726,0.0,0.0,0.0,150.542,673.31,435.164,0.0,0.0,0.0,61.3515,0.02744,0.0177346,0.0,0.0,0.0,456.112,0.204,0.131846,6.22741,2.01443,6.22741
DB1-Uio66Zr-BDC_A-irmof7_A_No290,0.15,210.459965,486.6785999999997,920.8192,4251.559199999997,4714.176000000001,12084.0,33088.0,72384.0,91776.0,54.0,152.0,432.0,672.0,632.0,2336.0,4812.0,6360.0,38.94480000000003,137.06480000000005,306.5664,470.58720000000017,1.7689,36.60160000000001,26.493600000000004,105.06999999999996,1600.0,2560.0,7440.0,7360.0,1.0,8.0,10.0,24.0,64.0,176.0,368.0,464.0,2.3716000000000004,8.9936,15.369200000000005,27.22720000000001,0.0,-16.88,-6.619999999999998,-47.07999999999999,0.0,256.0,214.0,776.0,0.0,0.0,0.0,0.0,0.0,42.0,34.0,134.0,0.0,6.480000000000003,5.420000000000001,19.280000000000005,173.3166,338.7588333333333,501.03106666666673,633.6593666666668,835.0,1469.3333333333333,2254.6666666666665,2888.6666666666665,23.666666666666668,47.66666666666666,72.0,90.33333333333331,119.66666666666669,289.0,410.6666666666667,514.3333333333334,10.4757,23.409433333333336,34.254933333333334,43.42836666666668,11.8336,8.771999999999998,20.605599999999995,17.543999999999997,64.0,48.0,112.0,96.0,1.0,1.0,2.0,2.0,1.0,3.0,4.0,6.0,0.5328999999999998,0.5621,1.095,1.1242,28.09,59.88999999999999,87.98,119.78,0.0,0.8900000000000002,0.8900000000000002,1.7800000000000005,0.0,2.0,2.0,4.0,0.0,0.0,0.0,0.0,0.0,-2.0,-2.0,-4.0,0.0,-0.04,-0.04,-0.08,0.0,-6.000000000000001,-6.000000000000001,-12.000000000000002,9.3656,18.94966666666667,15.606,32.7746,89.0,63.66666666666666,104.0,245.0,1.0,2.6666666666666665,2.0,4.0,7.666666666666667,13.0,16.0,31.666666666666668,0.6321,1.0708,1.2166,2.457,81.16,152.76769000000004,194.36,372.7,0.0,1.91,1.0200000000000005,1.5300000000000005,0.0,12.666666666666666,5.333333333333333,8.0,0.0,0.0,0.0,0.0,0.0,3.0,-0.6666666666666666,-1.0,0.0,0.6533333333333333,0.0399999999999999,0.0599999999999999,0.0,2.1214833333333334,-5.400000000000001,-8.100000000000001,2235.84,1.54726,0.0,0.0,0.0,150.542,673.31,435.164,0.0,0.0,0.0,61.3515,0.02744,0.0177346,0.0,0.0,0.0,456.112,0.204,0.131846,6.22741,2.01443,6.22741
DB1-Uio66Zr-irmof6_A-irmof7_A_No75,0.015,303.4361,486.6785999999998,920.8192000000004,4251.559199999997,4714.176000000005,12084.0,33088.0,72384.0,91776.0,54.0,152.0,432.0,672.0,632.0,2336.0,4812.0,6360.0,38.94480000000001,137.06480000000005,306.5663999999998,470.5872000000002,1.7689,36.60160000000001,26.493600000000004,105.06999999999996,1600.0,2560.0,7440.0,7360.0,1.0,8.0,10.0,24.0,64.0,176.0,368.0,464.0,2.3716000000000004,8.9936,15.369200000000005,27.22720000000001,0.0,-16.88,-6.619999999999998,-47.07999999999999,0.0,256.0,214.0,776.0,0.0,0.0,0.0,0.0,0.0,42.0,34.0,134.0,0.0,6.480000000000003,5.420000000000001,19.28,174.10248333333334,340.0418333333333,542.4014000000001,638.8295,783.3333333333334,1527.3333333333333,2274.0,2543.0,23.83333333333333,49.66666666666666,79.33333333333333,96.0,132.33333333333334,334.6666666666667,457.3333333333333,527.6666666666666,10.750783333333333,24.966966666666668,36.83166666666667,43.25426666666667,11.8336,8.771999999999998,20.605599999999995,17.543999999999997,64.0,48.0,112.0,96.0,1.0,1.0,2.0,2.0,1.0,3.0,4.0,6.0,0.5328999999999998,0.5621,1.095,1.1242,28.09,59.88999999999999,87.98,119.78,0.0,0.8900000000000002,0.8900000000000002,1.7800000000000005,0.0,2.0,2.0,4.0,0.0,0.0,0.0,0.0,0.0,-2.0,-2.0,-4.0,0.0,-0.04,-0.04,-0.08,0.0,-6.000000000000001,-6.000000000000001,-12.000000000000002,9.861333333333333,10.463333333333331,17.17133333333333,17.77333333333333,53.333333333333336,43.333333333333336,93.33333333333331,83.33333333333333,0.8333333333333334,1.25,1.6666666666666667,2.083333333333333,2.083333333333333,4.583333333333333,5.416666666666667,7.916666666666667,0.4440833333333332,0.5809583333333334,0.9125,1.0493750000000002,23.40833333333333,59.86153458333334,73.31666666666668,109.76986791666666,0.0,1.2583333333333333,0.7416666666666668,2.0000000000000004,0.0,4.583333333333333,1.6666666666666667,6.25,0.0,0.0,0.0,0.0,0.0,-0.8333333333333334,-1.25,-2.5,0.0,0.1166666666666666,-0.0333333333333333,0.0833333333333332,0.0,-4.669629166666668,-5.000000000000001,-9.669629166666668,2283.85,1.52135,0.0,0.0,0.0,140.784,616.434,405.189,0.0,0.0,0.0,55.3148,0.02422,0.0159201,0.0,0.0,0.0,438.499,0.192,0.126204,6.02029,2.61213,5.61471
DB1-Uio66Zr-irmof6_A-irmof7_A_No75,0.15,220.46887,486.6785999999998,920.8192000000004,4251.559199999997,4714.176000000005,12084.0,33088.0,72384.0,91776.0,54.0,152.0,432.0,672.0,632.0,2336.0,4812.0,6360.0,38.94480000000001,137.06480000000005,306.5663999999998,470.5872000000002,1.7689,36.60160000000001,26.493600000000004,105.06999999999996,1600.0,2560.0,7440.0,7360.0,1.0,8.0,10.0,24.0,64.0,176.0,368.0,464.0,2.3716000000000004,8.9936,15.369200000000005,27.22720000000001,0.0,-16.88,-6.619999999999998,-47.07999999999999,0.0,256.0,214.0,776.0,0.0,0.0,0.0,0.0,0.0,42.0,34.0,134.0,0.0,6.480000000000003,5.420000000000001,19.28,174.10248333333334,340.0418333333333,542.4014000000001,638.8295,783.3333333333334,1527.3333333333333,2274.0,2543.0,23.83333333333333,49.66666666666666,79.33333333333333,96.0,132.33333333333334,334.6666666666667,457.3333333333333,527.6666666666666,10.750783333333333,24.966966666666668,36.83166666666667,43.25426666666667,11.8336,8.771999999999998,20.605599999999995,17.543999999999997,64.0,48.0,112.0,96.0,1.0,1.0,2.0,2.0,1.0,3.0,4.0,6.0,0.5328999999999998,0.5621,1.095,1.1242,28.09,59.88999999999999,87.98,119.78,0.0,0.8900000000000002,0.8900000000000002,1.7800000000000005,0.0,2.0,2.0,4.0,0.0,0.0,0.0,0.0,0.0,-2.0,-2.0,-4.0,0.0,-0.04,-0.04,-0.08,0.0,-6.000000000000001,-6.000000000000001,-12.000000000000002,9.861333333333333,10.463333333333331,17.17133333333333,17.77333333333333,53.333333333333336,43.333333333333336,93.33333333333331,83.33333333333333,0.8333333333333334,1.25,1.6666666666666667,2.083333333333333,2.083333333333333,4.583333333333333,5.416666666666667,7.916666666666667,0.4440833333333332,0.5809583333333334,0.9125,1.0493750000000002,23.40833333333333,59.86153458333334,73.31666666666668,109.76986791666666,0.0,1.2583333333333333,0.7416666666666668,2.0000000000000004,0.0,4.583333333333333,1.6666666666666667,6.25,0.0,0.0,0.0,0.0,0.0,-0.8333333333333334,-1.25,-2.5,0.0,0.1166666666666666,-0.0333333333333333,0.0833333333333332,0.0,-4.669629166666668,-5.000000000000001,-9.669629166666668,2283.85,1.52135,0.0,0.0,0.0,140.784,616.434,405.189,0.0,0.0,0.0,55.3148,0.02422,0.0159201,0.0,0.0,0.0,438.499,0.192,0.126204,6.02029,2.61213,5.61471
DB1-Uio66Zr-BDC_A-imd_No20,0.015,14.91203,486.6785999999997,920.8192,4251.5592,4714.176000000001,12084.0,33088.0,72384.0,91776.0,54.0,152.0,432.0,672.0,632.0,2336.0,4812.0,6360.0,38.94480000000003,137.0648000000001,306.56640000000016,470.5872000000002,1.7688999999999997,36.60160000000001,26.49360000000001,105.06999999999996,1600.0,2560.0,7440.0,7360.0,1.0,8.0,10.0,24.0,64.0,176.0,368.0,464.0,2.3716000000000004,8.9936,15.369200000000005,27.22720000000002,0.0,-16.88,-6.62,-47.07999999999999,0.0,256.0,214.0,776.0,0.0,0.0,0.0,0.0,0.0,42.0,34.0,134.0,0.0,6.480000000000003,5.420000000000001,19.28,130.548,240.556,361.1884,432.25500000000005,612.0,1108.0,1636.0,1710.0,17.0,34.0,50.0,62.0,84.0,202.0,274.0,282.0,7.9552999999999985,17.357,24.7234,27.748600000000007,11.833599999999995,8.771999999999995,20.60559999999999,17.54399999999999,64.0,48.0,112.0,96.0,1.0,1.0,2.0,2.0,1.0,3.0,4.0,6.0,0.5328999999999998,0.5621000000000003,1.095,1.1242000000000003,28.09,59.89000000000001,87.98,119.78000000000002,0.0,0.8900000000000003,0.8900000000000003,1.7800000000000007,0.0,2.0,2.0,4.0,0.0,0.0,0.0,0.0,0.0,-2.0,-2.0,-4.0,0.0,-0.04,-0.04,-0.08,0.0,-6.000000000000001,-6.000000000000001,-12.000000000000002,11.833599999999995,16.339999999999996,17.54399999999999,33.88400000000001,64.0,56.0,96.0,152.0,1.0,2.0,2.0,4.0,4.0,8.0,12.0,20.0,0.5328999999999998,0.8322,1.1242000000000003,1.9564,28.09,83.77768300000001,119.78000000000002,203.557683,0.0,2.13,1.7800000000000007,3.909999999999998,0.0,9.0,4.0,13.0,0.0,0.0,0.0,0.0,0.0,0.0,-2.0,-2.0,0.0,0.32,-0.08,0.2399999999999998,0.0,-5.207110000000001,-12.000000000000002,-17.207110000000004,4471.7,1.30717,0.0,0.0,0.0,509.905,1140.29,872.336,0.0,0.0,0.0,270.538,0.0605,0.0462831,0.0,0.0,0.0,1310.21,0.293,0.224148,7.33179,3.68022,7.32569
DB1-Uio66Zr-BDC_A-imd_No20,0.15,95.813115,486.6785999999997,920.8192,4251.5592,4714.176000000001,12084.0,33088.0,72384.0,91776.0,54.0,152.0,432.0,672.0,632.0,2336.0,4812.0,6360.0,38.94480000000003,137.0648000000001,306.56640000000016,470.5872000000002,1.7688999999999997,36.60160000000001,26.49360000000001,105.06999999999996,1600.0,2560.0,7440.0,7360.0,1.0,8.0,10.0,24.0,64.0,176.0,368.0,464.0,2.3716000000000004,8.9936,15.369200000000005,27.22720000000002,0.0,-16.88,-6.62,-47.07999999999999,0.0,256.0,214.0,776.0,0.0,0.0,0.0,0.0,0.0,42.0,34.0,134.0,0.0,6.480000000000003,5.420000000000001,19.28,130.548,240.556,361.1884,432.25500000000005,612.0,1108.0,1636.0,1710.0,17.0,34.0,50.0,62.0,84.0,202.0,274.0,282.0,7.9552999999999985,17.357,24.7234,27.748600000000007,11.833599999999995,8.771999999999995,20.60559999999999,17.54399999999999,64.0,48.0,112.0,96.0,1.0,1.0,2.0,2.0,1.0,3.0,4.0,6.0,0.5328999999999998,0.5621000000000003,1.095,1.1242000000000003,28.09,59.89000000000001,87.98,119.78000000000002,0.0,0.8900000000000003,0.8900000000000003,1.7800000000000007,0.0,2.0,2.0,4.0,0.0,0.0,0.0,0.0,0.0,-2.0,-2.0,-4.0,0.0,-0.04,-0.04,-0.08,0.0,-6.000000000000001,-6.000000000000001,-12.000000000000002,11.833599999999995,16.339999999999996,17.54399999999999,33.88400000000001,64.0,56.0,96.0,152.0,1.0,2.0,2.0,4.0,4.0,8.0,12.0,20.0,0.5328999999999998,0.8322,1.1242000000000003,1.9564,28.09,83.77768300000001,119.78000000000002,203.557683,0.0,2.13,1.7800000000000007,3.909999999999998,0.0,9.0,4.0,13.0,0.0,0.0,0.0,0.0,0.0,0.0,-2.0,-2.0,0.0,0.32,-0.08,0.2399999999999998,0.0,-5.207110000000001,-12.000000000000002,-17.207110000000004,4471.7,1.30717,0.0,0.0,0.0,509.905,1140.29,872.336,0.0,0.0,0.0,270.538,0.0605,0.0462831,0.0,0.0,0.0,1310.21,0.293,0.224148,7.33179,3.68022,7.32569
DB1-Uio66Zr-irmof10_A-irmof14_A_No68,0.015,5.22379,486.6785999999998,920.8191999999996,4251.559200000001,4714.176000000001,12084.0,33088.0,72384.0,91776.0,54.0,152.0,432.0,672.0,632.0,2336.0,4812.0,6360.0,38.94480000000004,137.06480000000013,306.56640000000016,470.5872000000002,1.7689,36.60160000000001,26.493600000000004,105.06999999999996,1600.0,2560.0,7440.0,7360.0,1.0,8.0,10.0,24.0,64.0,176.0,368.0,464.0,2.3716000000000004,8.9936,15.369200000000005,27.22720000000001,0.0,-16.88,-6.619999999999998,-47.07999999999999,0.0,256.0,214.0,776.0,0.0,0.0,0.0,0.0,0.0,42.0,34.0,134.0,0.0,6.480000000000003,5.420000000000001,19.280000000000005,192.65426666666664,384.8213333333333,609.6230666666667,766.8046666666665,2848.6666666666665,2345.333333333333,3832.6666666666665,4804.666666666667,27.33333333333333,57.333333333333336,90.0,116.66666666666669,147.33333333333334,368.0,532.6666666666666,596.6666666666666,14.093633333333337,30.56940000000001,46.64673333333335,56.87646666666668,11.8336,8.771999999999998,20.605599999999995,17.543999999999997,64.0,48.0,112.0,96.0,1.0,1.0,2.0,2.0,1.0,3.0,4.0,6.0,0.5328999999999998,0.5621,1.095,1.1242,28.09,59.88999999999999,87.98,119.78,0.0,0.8900000000000002,0.8900000000000002,1.7800000000000005,0.0,2.0,2.0,4.0,0.0,0.0,0.0,0.0,0.0,-2.0,-2.0,-4.0,0.0,-0.04,-0.04,-0.08,0.0,-6.000000000000001,-6.000000000000001,-12.000000000000002,8.8416,9.811333333333332,15.164,29.287333333333333,1029.0,184.3333333333333,364.0,576.3333333333334,1.0,1.3333333333333333,2.0,4.0,2.333333333333333,5.0,8.0,13.333333333333334,1.17675,0.92025,1.6554999999999995,2.880999999999999,376.6266666666667,222.80420466666664,423.3733333333333,719.4931940000001,0.0,0.7033333333333335,0.846666666666667,2.043333333333333,0.0,26.33333333333333,48.66666666666666,102.33333333333331,0.0,0.0,0.0,0.0,0.0,-1.0,-3.333333333333333,-4.666666666666667,0.0,0.4316666666666666,0.6099999999999998,1.6199999999999994,0.0,8.39763,14.866666666666667,36.52622333333333,4791.32,1.03545,906.084,1891.1,1826.35,0.0,0.0,0.0,1006.08,0.20998,0.202791,0.0,0.0,0.0,2604.08,0.5435,0.524893,0.0,0.0,0.0,10.06126,6.56005,10.06126
DB1-Uio66Zr-irmof10_A-irmof14_A_No68,0.15,39.325395,486.6785999999998,920.8191999999996,4251.559200000001,4714.176000000001,12084.0,33088.0,72384.0,91776.0,54.0,152.0,432.0,672.0,632.0,2336.0,4812.0,6360.0,38.94480000000004,137.06480000000013,306.56640000000016,470.5872000000002,1.7689,36.60160000000001,26.493600000000004,105.06999999999996,1600.0,2560.0,7440.0,7360.0,1.0,8.0,10.0,24.0,64.0,176.0,368.0,464.0,2.3716000000000004,8.9936,15.369200000000005,27.22720000000001,0.0,-16.88,-6.619999999999998,-47.07999999999999,0.0,256.0,214.0,776.0,0.0,0.0,0.0,0.0,0.0,42.0,34.0,134.0,0.0,6.480000000000003,5.420000000000001,19.280000000000005,192.65426666666664,384.8213333333333,609.6230666666667,766.8046666666665,2848.6666666666665,2345.333333333333,3832.6666666666665,4804.666666666667,27.33333333333333,57.333333333333336,90.0,116.66666666666669,147.33333333333334,368.0,532.6666666666666,596.6666666666666,14.093633333333337,30.56940000000001,46.64673333333335,56.87646666666668,11.8336,8.771999999999998,20.605599999999995,17.543999999999997,64.0,48.0,112.0,96.0,1.0,1.0,2.0,2.0,1.0,3.0,4.0,6.0,0.5328999999999998,0.5621,1.095,1.1242,28.09,59.88999999999999,87.98,119.78,0.0,0.8900000000000002,0.8900000000000002,1.7800000000000005,0.0,2.0,2.0,4.0,0.0,0.0,0.0,0.0,0.0,-2.0,-2.0,-4.0,0.0,-0.04,-0.04,-0.08,0.0,-6.000000000000001,-6.000000000000001,-12.000000000000002,8.8416,9.811333333333332,15.164,29.287333333333333,1029.0,184.3333333333333,364.0,576.3333333333334,1.0,1.3333333333333333,2.0,4.0,2.333333333333333,5.0,8.0,13.333333333333334,1.17675,0.92025,1.6554999999999995,2.880999999999999,376.6266666666667,222.80420466666664,423.3733333333333,719.4931940000001,0.0,0.7033333333333335,0.846666666666667,2.043333333333333,0.0,26.33333333333333,48.66666666666666,102.33333333333331,0.0,0.0,0.0,0.0,0.0,-1.0,-3.333333333333333,-4.666666666666667,0.0,0.4316666666666666,0.6099999999999998,1.6199999999999994,0.0,8.39763,14.866666666666667,36.52622333333333,4791.32,1.03545,906.084,1891.1,1826.35,0.0,0.0,0.0,1006.08,0.20998,0.202791,0.0,0.0,0.0,2604.08,0.5435,0.524893,0.0,0.0,0.0,10.06126,6.56005,10.06126
DB1-Uio66Zr-irmof10_A-irmof14_A_No393,0.015,6.338935,486.6785999999998,920.8191999999996,4251.559199999999,4714.176000000001,12084.0,33088.0,72384.0,91776.0,54.0,152.0,432.0,672.0,632.0,2336.0,4812.0,6360.0,38.94480000000004,137.0648000000001,306.56640000000016,470.5872000000002,1.7689,36.60160000000001,26.493600000000004,105.06999999999998,1600.0,2560.0,7440.0,7360.0,1.0,8.0,10.0,24.0,64.0,176.0,368.0,464.0,2.3716000000000004,8.9936,15.369200000000005,27.22720000000001,0.0,-16.88,-6.619999999999998,-47.07999999999999,0.0,256.0,214.0,776.0,0.0,0.0,0.0,0.0,0.0,42.0,34.0,134.0,0.0,6.480000000000003,5.420000000000001,19.28,214.2814666666667,440.4333333333333,678.0790666666666,865.1777333333334,908.6666666666666,1865.3333333333333,2812.6666666666665,3227.333333333333,31.33333333333333,65.33333333333333,102.0,132.66666666666666,167.33333333333334,416.0,608.6666666666666,727.3333333333334,13.554600000000002,31.983466666666686,47.86166666666668,58.72606666666669,11.8336,8.771999999999998,20.605599999999995,17.543999999999997,64.0,48.0,112.0,96.0,1.0,1.0,2.0,2.0,1.0,3.0,4.0,6.0,0.5328999999999998,0.5621,1.095,1.1242,28.09,59.88999999999999,87.98,119.78,0.0,0.8900000000000002,0.8900000000000002,1.7800000000000005,0.0,2.0,2.0,4.0,0.0,0.0,0.0,0.0,0.0,-2.0,-2.0,-4.0,0.0,-0.04,-0.04,-0.08,0.0,-6.000000000000001,-6.000000000000001,-12.000000000000002,9.2416,21.128,15.504,30.3696,49.0,56.0,84.0,140.0,1.0,3.0,2.0,4.0,9.0,15.0,18.0,31.0,0.5625,1.1325,1.155,2.0575,54.76,150.325228,167.24,287.78051166666665,0.0,2.17,0.9800000000000004,2.1700000000000004,0.0,13.0,2.0,8.0,0.0,0.0,0.0,0.0,0.0,4.0,0.0,1.6666666666666667,0.0,0.7400000000000001,-0.04,0.2566666666666666,0.0,1.8857800000000005,-7.8,-9.289258333333336,4791.32,0.824463,914.333,1908.31,2314.61,0.0,0.0,0.0,998.798,0.20846,0.252843,0.0,0.0,0.0,2628.04,0.5485,0.665281,0.0,0.0,0.0,10.06126,6.56005,10.06126
DB1-Uio66Zr-irmof10_A-irmof14_A_No393,0.15,42.40276,486.6785999999998,920.8191999999996,4251.559199999999,4714.176000000001,12084.0,33088.0,72384.0,91776.0,54.0,152.0,432.0,672.0,632.0,2336.0,4812.0,6360.0,38.94480000000004,137.0648000000001,306.56640000000016,470.5872000000002,1.7689,36.60160000000001,26.493600000000004,105.06999999999998,1600.0,2560.0,7440.0,7360.0,1.0,8.0,10.0,24.0,64.0,176.0,368.0,464.0,2.3716000000000004,8.9936,15.369200000000005,27.22720000000001,0.0,-16.88,-6.619999999999998,-47.07999999999999,0.0,256.0,214.0,776.0,0.0,0.0,0.0,0.0,0.0,42.0,34.0,134.0,0.0,6.480000000000003,5.420000000000001,19.28,214.2814666666667,440.4333333333333,678.0790666666666,865.1777333333334,908.6666666666666,1865.3333333333333,2812.6666666666665,3227.333333333333,31.33333333333333,65.33333333333333,102.0,132.66666666666666,167.33333333333334,416.0,608.6666666666666,727.3333333333334,13.554600000000002,31.983466666666686,47.86166666666668,58.72606666666669,11.8336,8.771999999999998,20.605599999999995,17.543999999999997,64.0,48.0,112.0,96.0,1.0,1.0,2.0,2.0,1.0,3.0,4.0,6.0,0.5328999999999998,0.5621,1.095,1.1242,28.09,59.88999999999999,87.98,119.78,0.0,0.8900000000000002,0.8900000000000002,1.7800000000000005,0.0,2.0,2.0,4.0,0.0,0.0,0.0,0.0,0.0,-2.0,-2.0,-4.0,0.0,-0.04,-0.04,-0.08,0.0,-6.000000000000001,-6.000000000000001,-12.000000000000002,9.2416,21.128,15.504,30.3696,49.0,56.0,84.0,140.0,1.0,3.0,2.0,4.0,9.0,15.0,18.0,31.0,0.5625,1.1325,1.155,2.0575,54.76,150.325228,167.24,287.78051166666665,0.0,2.17,0.9800000000000004,2.1700000000000004,0.0,13.0,2.0,8.0,0.0,0.0,0.0,0.0,0.0,4.0,0.0,1.6666666666666667,0.0,0.7400000000000001,-0.04,0.2566666666666666,0.0,1.8857800000000005,-7.8,-9.289258333333336,4791.32,0.824463,914.333,1908.31,2314.61,0.0,0.0,0.0,998.798,0.20846,0.252843,0.0,0.0,0.0,2628.04,0.5485,0.665281,0.0,0.0,0.0,10.06126,6.56005,10.06126
DB1-Uio66Zr-BDC_A-irmof7_A_No108,0.015,146.876295,486.6785999999998,920.8192000000008,4251.559199999997,4714.176000000005,12084.0,33088.0,72384.0,91776.0,54.0,152.0,432.0,672.0,632.0,2336.0,4812.0,6360.0,38.9448,137.06480000000005,306.5664,470.58720000000017,1.7689,36.60160000000001,26.493600000000004,105.06999999999998,1600.0,2560.0,7440.0,7360.0,1.0,8.0,10.0,24.0,64.0,176.0,368.0,464.0,2.3716000000000004,8.9936,15.369200000000005,27.22720000000001,0.0,-16.88,-6.619999999999998,-47.07999999999999,0.0,256.0,214.0,776.0,0.0,0.0,0.0,0.0,0.0,42.0,34.0,134.0,0.0,6.480000000000003,5.420000000000001,19.28,147.50441666666663,278.5824666666667,439.80646666666667,510.9252,662.6666666666666,1250.6666666666667,1849.6666666666667,1995.0,20.166666666666668,40.66666666666666,64.0,76.33333333333333,104.66666666666669,252.0,346.6666666666667,390.3333333333333,9.082683333333334,20.303400000000007,29.636266666666668,34.18616666666667,11.8336,8.771999999999998,20.605599999999995,17.543999999999997,64.0,48.0,112.0,96.0,1.0,1.0,2.0,2.0,1.0,3.0,4.0,6.0,0.5328999999999998,0.5621,1.095,1.1242,28.09,59.88999999999999,87.98,119.78,0.0,0.8900000000000002,0.8900000000000002,1.7800000000000005,0.0,2.0,2.0,4.0,0.0,0.0,0.0,0.0,0.0,-2.0,-2.0,-4.0,0.0,-0.04,-0.04,-0.08,0.0,-6.000000000000001,-6.000000000000001,-12.000000000000002,1.8282666666666667,2.7545777777777776,3.150844444444445,3.754755555555555,9.833333333333334,14.77777777777778,17.11111111111111,20.38888888888889,0.1666666666666666,0.2777777777777778,0.3333333333333333,0.4444444444444444,0.611111111111111,1.1666666666666667,1.4444444444444444,2.6666666666666665,0.0904611111111111,0.15375,0.1858333333333333,0.2524111111111111,6.163333333333333,13.361111111111112,19.06666666666667,30.28777777777778,0.0,0.0272222222222222,0.1533333333333333,0.2794444444444445,0.0,0.0555555555555555,0.3333333333333333,0.611111111111111,0.0,0.0,0.0,0.0,0.0,0.0,-0.2222222222222222,-0.4444444444444444,0.0,-0.0011111111111111,-0.0066666666666666,-0.0122222222222222,0.0,-0.2166666666666666,-1.1000000000000003,-1.9833333333333327,2235.84,1.39199,0.0,0.0,0.0,212.563,950.708,682.985,0.0,0.0,0.0,87.4662,0.03912,0.0281037,0.0,0.0,0.0,583.555,0.261,0.187501,6.60954,3.28875,6.60954
DB1-Uio66Zr-BDC_A-irmof7_A_No108,0.15,146.452015,486.6785999999998,920.8192000000008,4251.559199999997,4714.176000000005,12084.0,33088.0,72384.0,91776.0,54.0,152.0,432.0,672.0,632.0,2336.0,4812.0,6360.0,38.9448,137.06480000000005,306.5664,470.58720000000017,1.7689,36.60160000000001,26.493600000000004,105.06999999999998,1600.0,2560.0,7440.0,7360.0,1.0,8.0,10.0,24.0,64.0,176.0,368.0,464.0,2.3716000000000004,8.9936,15.369200000000005,27.22720000000001,0.0,-16.88,-6.619999999999998,-47.07999999999999,0.0,256.0,214.0,776.0,0.0,0.0,0.0,0.0,0.0,42.0,34.0,134.0,0.0,6.480000000000003,5.420000000000001,19.28,147.50441666666663,278.5824666666667,439.80646666666667,510.9252,662.6666666666666,1250.6666666666667,1849.6666666666667,1995.0,20.166666666666668,40.66666666666666,64.0,76.33333333333333,104.66666666666669,252.0,346.6666666666667,390.3333333333333,9.082683333333334,20.303400000000007,29.636266666666668,34.18616666666667,11.8336,8.771999999999998,20.605599999999995,17.543999999999997,64.0,48.0,112.0,96.0,1.0,1.0,2.0,2.0,1.0,3.0,4.0,6.0,0.5328999999999998,0.5621,1.095,1.1242,28.09,59.88999999999999,87.98,119.78,0.0,0.8900000000000002,0.8900000000000002,1.7800000000000005,0.0,2.0,2.0,4.0,0.0,0.0,0.0,0.0,0.0,-2.0,-2.0,-4.0,0.0,-0.04,-0.04,-0.08,0.0,-6.000000000000001,-6.000000000000001,-12.000000000000002,1.8282666666666667,2.7545777777777776,3.150844444444445,3.754755555555555,9.833333333333334,14.77777777777778,17.11111111111111,20.38888888888889,0.1666666666666666,0.2777777777777778,0.3333333333333333,0.4444444444444444,0.611111111111111,1.1666666666666667,1.4444444444444444,2.6666666666666665,0.0904611111111111,0.15375,0.1858333333333333,0.2524111111111111,6.163333333333333,13.361111111111112,19.06666666666667,30.28777777777778,0.0,0.0272222222222222,0.1533333333333333,0.2794444444444445,0.0,0.0555555555555555,0.3333333333333333,0.611111111111111,0.0,0.0,0.0,0.0,0.0,0.0,-0.2222222222222222,-0.4444444444444444,0.0,-0.0011111111111111,-0.0066666666666666,-0.0122222222222222,0.0,-0.2166666666666666,-1.1000000000000003,-1.9833333333333327,2235.84,1.39199,0.0,0.0,0.0,212.563,950.708,682.985,0.0,0.0,0.0,87.4662,0.03912,0.0281037,0.0,0.0,0.0,583.555,0.261,0.187501,6.60954,3.28875,6.60954
DB1-Uio66Zr-BDC_A-irmof7_A_No246,0.015,552.787365,97.1935166666666,173.70853333333343,712.7581999999994,785.6960000000005,2104.833333333333,5634.666666666667,12094.0,15296.0,11.5,28.666666666666668,73.66666666666667,112.0,110.33333333333331,396.0,803.6666666666666,1060.0,8.903050000000002,25.39913333333336,52.80123333333338,78.43120000000003,1.4014000000000004,21.49687272727274,15.58696363636364,59.58272727272726,876.8181818181819,1407.2727272727273,4066.363636363637,4030.909090909091,1.0,4.818181818181819,5.909090909090909,14.0,35.36363636363637,96.90909090909088,202.0909090909091,255.81818181818176,2.097645454545455,5.346918181818182,8.848700000000003,15.782200000000003,0.0,-10.325454545454546,-4.324545454545453,-27.10727272727272,0.0,137.36363636363637,115.36363636363636,420.54545454545456,0.0,0.0,0.0,0.0,0.0,22.454545454545453,17.636363636363637,71.27272727272727,0.0,3.807272727272729,3.2109090909090914,11.025454545454544,135.8849,250.7585,394.7704,465.072,637.5,1174.0,1754.0,1878.0,18.0,36.333333333333336,56.0,67.66666666666667,92.33333333333331,223.0,304.0,322.6666666666667,8.4822,18.677633333333336,27.184,30.840100000000007,11.8336,8.771999999999997,20.04894545454545,20.51490909090909,64.0,48.0,109.09090909090908,106.1818181818182,1.0,1.0,2.0,2.363636363636364,1.0,3.0,4.363636363636363,6.727272727272726,0.5328999999999998,0.5621,1.100309090909091,1.275509090909091,28.09,59.88999999999999,93.7618181818182,135.01230599999997,0.0,0.8900000000000005,1.0518181818181818,2.1672727272727275,0.0,2.0,2.363636363636364,5.636363636363635,0.0,0.0,0.0,0.0,0.0,-2.0,-2.363636363636364,-4.363636363636363,0.0,-0.04,-0.0472727272727273,-0.0218181818181818,0.0,-6.000000000000001,-7.090909090909093,-12.946747272727272,0.0,0.0,0.0,0.0,0.0,0.0,0.0,0.0,0.0,0.0,0.0,0.0,0.0,0.0,0.0,0.0,0.0,0.0,0.0,0.0,0.0,0.0,0.0,0.0,0.0,0.0,0.0,0.0,0.0,0.0,0.0,0.0,0.0,0.0,0.0,0.0,0.0,0.0,0.0,0.0,0.0,0.0,0.0,0.0,0.0,0.0,0.0,0.0,2235.84,1.37534,0.0,0.0,0.0,122.863,549.515,399.548,0.0,0.0,0.0,47.4446,0.02122,0.0154289,0.0,0.0,0.0,358.853,0.1605,0.116698,5.96944,2.90495,5.92155
DB1-Uio66Zr-BDC_A-irmof7_A_No246,0.15,152.877425,97.1935166666666,173.70853333333343,712.7581999999994,785.6960000000005,2104.833333333333,5634.666666666667,12094.0,15296.0,11.5,28.666666666666668,73.66666666666667,112.0,110.33333333333331,396.0,803.6666666666666,1060.0,8.903050000000002,25.39913333333336,52.80123333333338,78.43120000000003,1.4014000000000004,21.49687272727274,15.58696363636364,59.58272727272726,876.8181818181819,1407.2727272727273,4066.363636363637,4030.909090909091,1.0,4.818181818181819,5.909090909090909,14.0,35.36363636363637,96.90909090909088,202.0909090909091,255.81818181818176,2.097645454545455,5.346918181818182,8.848700000000003,15.782200000000003,0.0,-10.325454545454546,-4.324545454545453,-27.10727272727272,0.0,137.36363636363637,115.36363636363636,420.54545454545456,0.0,0.0,0.0,0.0,0.0,22.454545454545453,17.636363636363637,71.27272727272727,0.0,3.807272727272729,3.2109090909090914,11.025454545454544,135.8849,250.7585,394.7704,465.072,637.5,1174.0,1754.0,1878.0,18.0,36.333333333333336,56.0,67.66666666666667,92.33333333333331,223.0,304.0,322.6666666666667,8.4822,18.677633333333336,27.184,30.840100000000007,11.8336,8.771999999999997,20.04894545454545,20.51490909090909,64.0,48.0,109.09090909090908,106.1818181818182,1.0,1.0,2.0,2.363636363636364,1.0,3.0,4.363636363636363,6.727272727272726,0.5328999999999998,0.5621,1.100309090909091,1.275509090909091,28.09,59.88999999999999,93.7618181818182,135.01230599999997,0.0,0.8900000000000005,1.0518181818181818,2.1672727272727275,0.0,2.0,2.363636363636364,5.636363636363635,0.0,0.0,0.0,0.0,0.0,-2.0,-2.363636363636364,-4.363636363636363,0.0,-0.04,-0.0472727272727273,-0.0218181818181818,0.0,-6.000000000000001,-7.090909090909093,-12.946747272727272,0.0,0.0,0.0,0.0,0.0,0.0,0.0,0.0,0.0,0.0,0.0,0.0,0.0,0.0,0.0,0.0,0.0,0.0,0.0,0.0,0.0,0.0,0.0,0.0,0.0,0.0,0.0,0.0,0.0,0.0,0.0,0.0,0.0,0.0,0.0,0.0,0.0,0.0,0.0,0.0,0.0,0.0,0.0,0.0,0.0,0.0,0.0,0.0,2235.84,1.37534,0.0,0.0,0.0,122.863,549.515,399.548,0.0,0.0,0.0,47.4446,0.02122,0.0154289,0.0,0.0,0.0,358.853,0.1605,0.116698,5.96944,2.90495,5.92155
DB1-Uio66Zr-irmof10_A_No11,0.015,4.55315,486.6785999999998,920.8191999999996,4251.5592000000015,4714.176000000001,12084.0,33088.0,72384.0,91776.0,54.0,152.0,432.0,672.0,632.0,2336.0,4812.0,6360.0,38.94480000000005,137.06480000000013,306.56640000000016,470.5872000000002,1.7689,36.60160000000001,26.493600000000004,105.06999999999998,1600.0,2560.0,7440.0,7360.0,1.0,8.0,10.0,24.0,64.0,176.0,368.0,464.0,2.3716000000000004,8.9936,15.369200000000005,27.22720000000001,0.0,-16.88,-6.619999999999998,-47.07999999999999,0.0,256.0,214.0,776.0,0.0,0.0,0.0,0.0,0.0,42.0,34.0,134.0,0.0,6.480000000000003,5.420000000000001,19.28,205.2526,417.083,638.5063999999999,805.2980000000001,868.0,1760.0,2612.0,2912.0,30.0,62.0,96.0,124.0,158.0,390.0,560.0,652.0,12.926200000000003,30.232600000000016,44.62880000000001,53.74040000000002,11.8336,8.771999999999998,20.605599999999995,17.543999999999997,64.0,48.0,112.0,96.0,1.0,1.0,2.0,2.0,1.0,3.0,4.0,6.0,0.5328999999999998,0.5621,1.095,1.1242,28.09,59.88999999999999,87.98,119.78,0.0,0.8900000000000002,0.8900000000000002,1.7800000000000005,0.0,2.0,2.0,4.0,0.0,0.0,0.0,0.0,0.0,-2.0,-2.0,-4.0,0.0,-0.04,-0.04,-0.08,0.0,-6.000000000000001,-6.000000000000001,-12.000000000000002,9.2416,21.128,15.504,29.94400000000001,49.0,56.0,84.0,133.0,1.0,3.0,2.0,4.0,9.0,15.0,18.0,30.0,0.5625,1.1325,1.155,2.01,54.76,150.325228,167.24,284.21261400000003,0.0,2.17,0.9800000000000004,2.3100000000000005,0.0,13.0,2.0,9.0,0.0,0.0,0.0,0.0,0.0,4.0,0.0,2.0,0.0,0.7400000000000001,-0.04,0.3199999999999999,0.0,1.8857800000000005,-7.8,-8.807110000000002,4791.32,0.797405,936.303,1954.17,2450.66,0.0,0.0,0.0,1145.6,0.2391,0.299848,0.0,0.0,0.0,2745.43,0.573,0.718581,0.0,0.0,0.0,11.73684,6.56407,11.73684
DB1-Uio66Zr-irmof10_A_No11,0.15,33.92917,486.6785999999998,920.8191999999996,4251.5592000000015,4714.176000000001,12084.0,33088.0,72384.0,91776.0,54.0,152.0,432.0,672.0,632.0,2336.0,4812.0,6360.0,38.94480000000005,137.06480000000013,306.56640000000016,470.5872000000002,1.7689,36.60160000000001,26.493600000000004,105.06999999999998,1600.0,2560.0,7440.0,7360.0,1.0,8.0,10.0,24.0,64.0,176.0,368.0,464.0,2.3716000000000004,8.9936,15.369200000000005,27.22720000000001,0.0,-16.88,-6.619999999999998,-47.07999999999999,0.0,256.0,214.0,776.0,0.0,0.0,0.0,0.0,0.0,42.0,34.0,134.0,0.0,6.480000000000003,5.420000000000001,19.28,205.2526,417.083,638.5063999999999,805.2980000000001,868.0,1760.0,2612.0,2912.0,30.0,62.0,96.0,124.0,158.0,390.0,560.0,652.0,12.926200000000003,30.232600000000016,44.62880000000001,53.74040000000002,11.8336,8.771999999999998,20.605599999999995,17.543999999999997,64.0,48.0,112.0,96.0,1.0,1.0,2.0,2.0,1.0,3.0,4.0,6.0,0.5328999999999998,0.5621,1.095,1.1242,28.09,59.88999999999999,87.98,119.78,0.0,0.8900000000000002,0.8900000000000002,1.7800000000000005,0.0,2.0,2.0,4.0,0.0,0.0,0.0,0.0,0.0,-2.0,-2.0,-4.0,0.0,-0.04,-0.04,-0.08,0.0,-6.000000000000001,-6.000000000000001,-12.000000000000002,9.2416,21.128,15.504,29.94400000000001,49.0,56.0,84.0,133.0,1.0,3.0,2.0,4.0,9.0,15.0,18.0,30.0,0.5625,1.1325,1.155,2.01,54.76,150.325228,167.24,284.21261400000003,0.0,2.17,0.9800000000000004,2.3100000000000005,0.0,13.0,2.0,9.0,0.0,0.0,0.0,0.0,0.0,4.0,0.0,2.0,0.0,0.7400000000000001,-0.04,0.3199999999999999,0.0,1.8857800000000005,-7.8,-8.807110000000002,4791.32,0.797405,936.303,1954.17,2450.66,0.0,0.0,0.0,1145.6,0.2391,0.299848,0.0,0.0,0.0,2745.43,0.573,0.718581,0.0,0.0,0.0,11.73684,6.56407,11.73684
DB1-Uio66Zr-irmof6_A-irmof7_A_No78,0.015,456.21642,486.6785999999998,920.8192000000004,4251.559199999997,4714.176000000005,12084.0,33088.0,72384.0,91776.0,54.0,152.0,432.0,672.0,632.0,2336.0,4812.0,6360.0,38.9448,137.06480000000005,306.5663999999999,470.5872000000002,1.7689,36.60160000000001,26.493600000000004,105.06999999999996,1600.0,2560.0,7440.0,7360.0,1.0,8.0,10.0,24.0,64.0,176.0,368.0,464.0,2.3716000000000004,8.9936,15.369200000000005,27.22720000000001,0.0,-16.88,-6.619999999999998,-47.07999999999999,0.0,256.0,214.0,776.0,0.0,0.0,0.0,0.0,0.0,42.0,34.0,134.0,0.0,6.480000000000003,5.420000000000001,19.28,195.56493333333333,373.1996666666666,584.8630666666666,707.0548666666667,1003.3333333333334,1782.6666666666667,2724.6666666666665,3278.6666666666665,25.33333333333333,52.66666666666666,82.0,102.0,138.0,349.0,480.6666666666667,569.3333333333334,12.1252,27.34726666666668,40.47726666666667,49.3082,11.8336,8.771999999999998,20.605599999999995,17.543999999999997,64.0,48.0,112.0,96.0,1.0,1.0,2.0,2.0,1.0,3.0,4.0,6.0,0.5328999999999998,0.5621,1.095,1.1242,28.09,59.88999999999999,87.98,119.78,0.0,0.8900000000000002,0.8900000000000002,1.7800000000000005,0.0,2.0,2.0,4.0,0.0,0.0,0.0,0.0,0.0,-2.0,-2.0,-4.0,0.0,-0.04,-0.04,-0.08,0.0,-6.000000000000001,-6.000000000000001,-12.000000000000002,11.5256,11.806333333333331,19.85733333333333,23.4666,101.5,60.333333333333336,127.33333333333331,182.5,1.0,1.4166666666666667,2.0,2.75,2.25,5.083333333333333,6.416666666666667,9.583333333333334,0.6074333333333333,0.7080083333333334,1.1666,1.593875,58.935,87.35820125000002,128.31000000000003,227.7865345833333,0.0,1.3600000000000003,0.9450000000000004,2.3050000000000006,0.0,6.416666666666667,5.333333333333333,11.75,0.0,0.0,0.0,0.0,0.0,-1.1666666666666667,-1.9166666666666667,-3.5,0.0,0.1533333333333333,0.0399999999999999,0.1933333333333332,0.0,-4.119629166666667,-3.900000000000001,-8.019629166666668,2283.85,1.71103,0.0,0.0,0.0,128.262,561.604,328.225,0.0,0.0,0.0,54.1728,0.02372,0.013863,0.0,0.0,0.0,414.518,0.1815,0.106076,6.18552,1.58955,6.02029
DB1-Uio66Zr-irmof6_A-irmof7_A_No78,0.15,272.314745,486.6785999999998,920.8192000000004,4251.559199999997,4714.176000000005,12084.0,33088.0,72384.0,91776.0,54.0,152.0,432.0,672.0,632.0,2336.0,4812.0,6360.0,38.9448,137.06480000000005,306.5663999999999,470.5872000000002,1.7689,36.60160000000001,26.493600000000004,105.06999999999996,1600.0,2560.0,7440.0,7360.0,1.0,8.0,10.0,24.0,64.0,176.0,368.0,464.0,2.3716000000000004,8.9936,15.369200000000005,27.22720000000001,0.0,-16.88,-6.619999999999998,-47.07999999999999,0.0,256.0,214.0,776.0,0.0,0.0,0.0,0.0,0.0,42.0,34.0,134.0,0.0,6.480000000000003,5.420000000000001,19.28,195.56493333333333,373.1996666666666,584.8630666666666,707.0548666666667,1003.3333333333334,1782.6666666666667,2724.6666666666665,3278.6666666666665,25.33333333333333,52.66666666666666,82.0,102.0,138.0,349.0,480.6666666666667,569.3333333333334,12.1252,27.34726666666668,40.47726666666667,49.3082,11.8336,8.771999999999998,20.605599999999995,17.543999999999997,64.0,48.0,112.0,96.0,1.0,1.0,2.0,2.0,1.0,3.0,4.0,6.0,0.5328999999999998,0.5621,1.095,1.1242,28.09,59.88999999999999,87.98,119.78,0.0,0.8900000000000002,0.8900000000000002,1.7800000000000005,0.0,2.0,2.0,4.0,0.0,0.0,0.0,0.0,0.0,-2.0,-2.0,-4.0,0.0,-0.04,-0.04,-0.08,0.0,-6.000000000000001,-6.000000000000001,-12.000000000000002,11.5256,11.806333333333331,19.85733333333333,23.4666,101.5,60.333333333333336,127.33333333333331,182.5,1.0,1.4166666666666667,2.0,2.75,2.25,5.083333333333333,6.416666666666667,9.583333333333334,0.6074333333333333,0.7080083333333334,1.1666,1.593875,58.935,87.35820125000002,128.31000000000003,227.7865345833333,0.0,1.3600000000000003,0.9450000000000004,2.3050000000000006,0.0,6.416666666666667,5.333333333333333,11.75,0.0,0.0,0.0,0.0,0.0,-1.1666666666666667,-1.9166666666666667,-3.5,0.0,0.1533333333333333,0.0399999999999999,0.1933333333333332,0.0,-4.119629166666667,-3.900000000000001,-8.019629166666668,2283.85,1.71103,0.0,0.0,0.0,128.262,561.604,328.225,0.0,0.0,0.0,54.1728,0.02372,0.013863,0.0,0.0,0.0,414.518,0.1815,0.106076,6.18552,1.58955,6.02029
DB1-Uio66Zr-BDC_A-irmof6_A_No127,0.015,219.451375,486.6785999999998,920.8192000000004,4251.559199999998,4714.176000000004,12084.0,33088.0,72384.0,91776.0,54.0,152.0,432.0,672.0,632.0,2336.0,4812.0,6360.0,38.94480000000001,137.06480000000005,306.5663999999999,470.5872000000002,1.7689,36.60160000000001,26.493600000000004,105.06999999999996,1600.0,2560.0,7440.0,7360.0,1.0,8.0,10.0,24.0,64.0,176.0,368.0,464.0,2.3716000000000004,8.9936,15.369200000000005,27.22720000000001,0.0,-16.88,-6.619999999999998,-47.07999999999999,0.0,256.0,214.0,776.0,0.0,0.0,0.0,0.0,0.0,42.0,34.0,134.0,0.0,6.480000000000003,5.420000000000001,19.28,154.15993333333333,298.7588333333333,480.7097333333332,551.3748666666667,640.3333333333334,1241.3333333333333,1839.3333333333333,2037.6666666666667,22.33333333333333,45.0,73.33333333333333,84.33333333333333,119.0,286.6666666666667,390.6666666666667,459.6666666666667,9.3433,21.48596666666668,31.439066666666672,36.95016666666668,11.8336,8.771999999999998,20.605599999999995,17.543999999999997,64.0,48.0,112.0,96.0,1.0,1.0,2.0,2.0,1.0,3.0,4.0,6.0,0.5328999999999998,0.5621,1.095,1.1242,28.09,59.88999999999999,87.98,119.78,0.0,0.8900000000000002,0.8900000000000002,1.7800000000000005,0.0,2.0,2.0,4.0,0.0,0.0,0.0,0.0,0.0,-2.0,-2.0,-4.0,0.0,-0.04,-0.04,-0.08,0.0,-6.000000000000001,-6.000000000000001,-12.000000000000002,1.540266666666667,3.521333333333333,2.584,5.416266666666666,8.166666666666666,9.333333333333334,14.0,29.166666666666668,0.1666666666666666,0.5,0.3333333333333333,0.6666666666666666,1.5,2.5,3.0,6.0,0.09375,0.1887499999999999,0.1925,0.3825,9.126666666666669,25.054204666666667,27.87333333333333,50.93666666666667,0.0,0.3616666666666666,0.1633333333333334,0.2450000000000001,0.0,2.1666666666666665,0.3333333333333333,0.5,0.0,0.0,0.0,0.0,0.0,0.6666666666666666,0.0,0.0,0.0,0.1233333333333333,-0.0066666666666666,-0.01,0.0,0.3142966666666667,-1.3,-1.95,2235.84,1.3817,0.0,0.0,0.0,182.54,816.425,590.883,0.0,0.0,0.0,93.2346,0.0417,0.0301802,0.0,0.0,0.0,572.376,0.256,0.185279,7.31796,2.25297,7.30984
DB1-Uio66Zr-BDC_A-irmof6_A_No127,0.15,227.61369,486.6785999999998,920.8192000000004,4251.559199999998,4714.176000000004,12084.0,33088.0,72384.0,91776.0,54.0,152.0,432.0,672.0,632.0,2336.0,4812.0,6360.0,38.94480000000001,137.06480000000005,306.5663999999999,470.5872000000002,1.7689,36.60160000000001,26.493600000000004,105.06999999999996,1600.0,2560.0,7440.0,7360.0,1.0,8.0,10.0,24.0,64.0,176.0,368.0,464.0,2.3716000000000004,8.9936,15.369200000000005,27.22720000000001,0.0,-16.88,-6.619999999999998,-47.07999999999999,0.0,256.0,214.0,776.0,0.0,0.0,0.0,0.0,0.0,42.0,34.0,134.0,0.0,6.480000000000003,5.420000000000001,19.28,154.15993333333333,298.7588333333333,480.7097333333332,551.3748666666667,640.3333333333334,1241.3333333333333,1839.3333333333333,2037.6666666666667,22.33333333333333,45.0,73.33333333333333,84.33333333333333,119.0,286.6666666666667,390.6666666666667,459.6666666666667,9.3433,21.48596666666668,31.439066666666672,36.95016666666668,11.8336,8.771999999999998,20.605599999999995,17.543999999999997,64.0,48.0,112.0,96.0,1.0,1.0,2.0,2.0,1.0,3.0,4.0,6.0,0.5328999999999998,0.5621,1.095,1.1242,28.09,59.88999999999999,87.98,119.78,0.0,0.8900000000000002,0.8900000000000002,1.7800000000000005,0.0,2.0,2.0,4.0,0.0,0.0,0.0,0.0,0.0,-2.0,-2.0,-4.0,0.0,-0.04,-0.04,-0.08,0.0,-6.000000000000001,-6.000000000000001,-12.000000000000002,1.540266666666667,3.521333333333333,2.584,5.416266666666666,8.166666666666666,9.333333333333334,14.0,29.166666666666668,0.1666666666666666,0.5,0.3333333333333333,0.6666666666666666,1.5,2.5,3.0,6.0,0.09375,0.1887499999999999,0.1925,0.3825,9.126666666666669,25.054204666666667,27.87333333333333,50.93666666666667,0.0,0.3616666666666666,0.1633333333333334,0.2450000000000001,0.0,2.1666666666666665,0.3333333333333333,0.5,0.0,0.0,0.0,0.0,0.0,0.6666666666666666,0.0,0.0,0.0,0.1233333333333333,-0.0066666666666666,-0.01,0.0,0.3142966666666667,-1.3,-1.95,2235.84,1.3817,0.0,0.0,0.0,182.54,816.425,590.883,0.0,0.0,0.0,93.2346,0.0417,0.0301802,0.0,0.0,0.0,572.376,0.256,0.185279,7.31796,2.25297,7.30984
DB1-Uio66Zr-irmof12_A-irmof14_A_No13,0.015,9.7555,486.6785999999998,920.8191999999998,4251.559199999997,4714.176000000002,12084.0,33088.0,72384.0,91776.0,54.0,152.0,432.0,672.0,632.0,2336.0,4812.0,6360.0,38.94480000000002,137.0648000000001,306.5664000000002,470.5872000000002,1.7689,36.60160000000001,26.493600000000004,105.06999999999998,1600.0,2560.0,7440.0,7360.0,1.0,8.0,10.0,24.0,64.0,176.0,368.0,464.0,2.3716000000000004,8.9936,15.369200000000005,27.22720000000001,0.0,-16.88,-6.619999999999998,-47.07999999999999,0.0,256.0,214.0,776.0,0.0,0.0,0.0,0.0,0.0,42.0,34.0,134.0,0.0,6.480000000000003,5.420000000000001,19.28,223.9266,480.7863333333334,833.8197333333331,1097.1180000000002,932.0,2065.333333333333,3279.333333333333,3778.0,34.0,74.0,130.0,176.66666666666666,204.0,534.6666666666666,832.6666666666666,1010.0,14.58846666666667,36.42140000000001,59.2634,74.31846666666668,11.8336,8.771999999999998,20.605599999999995,17.543999999999997,64.0,48.0,112.0,96.0,1.0,1.0,2.0,2.0,1.0,3.0,4.0,6.0,0.5328999999999998,0.5621,1.095,1.1242,28.09,59.88999999999999,87.98,119.78,0.0,0.8900000000000002,0.8900000000000002,1.7800000000000005,0.0,2.0,2.0,4.0,0.0,0.0,0.0,0.0,0.0,-2.0,-2.0,-4.0,0.0,-0.04,-0.04,-0.08,0.0,-6.000000000000001,-6.000000000000001,-12.000000000000002,1.540266666666667,3.521333333333333,2.584,4.990666666666667,8.166666666666666,9.333333333333334,14.0,22.166666666666668,0.1666666666666666,0.5,0.3333333333333333,0.6666666666666666,1.5,2.5,3.0,5.0,0.09375,0.1887499999999999,0.1925,0.335,9.126666666666669,25.054204666666667,27.87333333333333,47.36876900000001,0.0,0.3616666666666666,0.1633333333333334,0.385,0.0,2.1666666666666665,0.3333333333333333,1.5,0.0,0.0,0.0,0.0,0.0,0.6666666666666666,0.0,0.3333333333333333,0.0,0.1233333333333333,-0.0066666666666666,0.0533333333333333,0.0,0.3142966666666667,-1.3,-1.467851666666667,4847.21,0.842431,821.654,1695.11,2012.16,0.0,0.0,0.0,640.898,0.13222,0.156951,0.0,0.0,0.0,2033.41,0.4195,0.497964,0.0,0.0,0.0,8.99832,4.16769,8.9983
DB1-Uio66Zr-irmof12_A-irmof14_A_No13,0.15,54.722135,486.6785999999998,920.8191999999998,4251.559199999997,4714.176000000002,12084.0,33088.0,72384.0,91776.0,54.0,152.0,432.0,672.0,632.0,2336.0,4812.0,6360.0,38.94480000000002,137.0648000000001,306.5664000000002,470.5872000000002,1.7689,36.60160000000001,26.493600000000004,105.06999999999998,1600.0,2560.0,7440.0,7360.0,1.0,8.0,10.0,24.0,64.0,176.0,368.0,464.0,2.3716000000000004,8.9936,15.369200000000005,27.22720000000001,0.0,-16.88,-6.619999999999998,-47.07999999999999,0.0,256.0,214.0,776.0,0.0,0.0,0.0,0.0,0.0,42.0,34.0,134.0,0.0,6.480000000000003,5.420000000000001,19.28,223.9266,480.7863333333334,833.8197333333331,1097.1180000000002,932.0,2065.333333333333,3279.333333333333,3778.0,34.0,74.0,130.0,176.66666666666666,204.0,534.6666666666666,832.6666666666666,1010.0,14.58846666666667,36.42140000000001,59.2634,74.31846666666668,11.8336,8.771999999999998,20.605599999999995,17.543999999999997,64.0,48.0,112.0,96.0,1.0,1.0,2.0,2.0,1.0,3.0,4.0,6.0,0.5328999999999998,0.5621,1.095,1.1242,28.09,59.88999999999999,87.98,119.78,0.0,0.8900000000000002,0.8900000000000002,1.7800000000000005,0.0,2.0,2.0,4.0,0.0,0.0,0.0,0.0,0.0,-2.0,-2.0,-4.0,0.0,-0.04,-0.04,-0.08,0.0,-6.000000000000001,-6.000000000000001,-12.000000000000002,1.540266666666667,3.521333333333333,2.584,4.990666666666667,8.166666666666666,9.333333333333334,14.0,22.166666666666668,0.1666666666666666,0.5,0.3333333333333333,0.6666666666666666,1.5,2.5,3.0,5.0,0.09375,0.1887499999999999,0.1925,0.335,9.126666666666669,25.054204666666667,27.87333333333333,47.36876900000001,0.0,0.3616666666666666,0.1633333333333334,0.385,0.0,2.1666666666666665,0.3333333333333333,1.5,0.0,0.0,0.0,0.0,0.0,0.6666666666666666,0.0,0.3333333333333333,0.0,0.1233333333333333,-0.0066666666666666,0.0533333333333333,0.0,0.3142966666666667,-1.3,-1.467851666666667,4847.21,0.842431,821.654,1695.11,2012.16,0.0,0.0,0.0,640.898,0.13222,0.156951,0.0,0.0,0.0,2033.41,0.4195,0.497964,0.0,0.0,0.0,8.99832,4.16769,8.9983
DB1-Uio66Zr-irmof8_A-imdb_No11,0.015,11.23998,486.6785999999998,920.8191999999996,4251.5592000000015,4714.176000000001,12084.0,33088.0,72384.0,91776.0,54.0,152.0,432.0,672.0,632.0,2336.0,4812.0,6360.0,38.94480000000005,137.06480000000013,306.56640000000016,470.5872000000002,1.7689,36.60160000000001,26.493600000000004,105.06999999999998,1600.0,2560.0,7440.0,7360.0,1.0,8.0,10.0,24.0,64.0,176.0,368.0,464.0,2.3716000000000004,8.9936,15.369200000000005,27.22720000000001,0.0,-16.88,-6.619999999999998,-47.07999999999999,0.0,256.0,214.0,776.0,0.0,0.0,0.0,0.0,0.0,42.0,34.0,134.0,0.0,6.480000000000003,5.420000000000001,19.280000000000005,182.5676,368.633,567.6163999999999,715.0479999999998,794.0,1592.0,2420.0,2716.0,26.0,54.0,84.0,108.0,138.0,342.0,500.0,588.0,11.4666,26.721400000000006,39.97800000000001,48.54200000000001,11.8336,8.771999999999998,20.605599999999995,17.543999999999997,64.0,48.0,112.0,96.0,1.0,1.0,2.0,2.0,1.0,3.0,4.0,6.0,0.5328999999999998,0.5621,1.095,1.1242,28.09,59.88999999999999,87.98,119.78,0.0,0.8900000000000002,0.8900000000000002,1.7800000000000005,0.0,2.0,2.0,4.0,0.0,0.0,0.0,0.0,0.0,-2.0,-2.0,-4.0,0.0,-0.04,-0.04,-0.08,0.0,-6.000000000000001,-6.000000000000001,-12.000000000000002,9.2416,21.128,15.504,29.94400000000001,49.0,56.0,84.0,133.0,1.0,3.0,2.0,4.0,9.0,15.0,18.0,30.0,0.5625,1.1325,1.155,2.01,54.76,150.325228,167.24,284.21261400000003,0.0,2.17,0.9800000000000004,2.3100000000000005,0.0,13.0,2.0,9.0,0.0,0.0,0.0,0.0,0.0,4.0,0.0,2.0,0.0,0.7400000000000001,-0.04,0.3199999999999999,0.0,1.8857800000000005,-7.8,-8.807110000000002,3454.13,1.031,0.0,0.0,0.0,396.575,1148.12,1113.6,0.0,0.0,0.0,292.012,0.08454,0.0819983,0.0,0.0,0.0,1227.94,0.3555,0.344812,8.68499,2.54728,8.66441
DB1-Uio66Zr-irmof8_A-imdb_No11,0.15,91.607165,486.6785999999998,920.8191999999996,4251.5592000000015,4714.176000000001,12084.0,33088.0,72384.0,91776.0,54.0,152.0,432.0,672.0,632.0,2336.0,4812.0,6360.0,38.94480000000005,137.06480000000013,306.56640000000016,470.5872000000002,1.7689,36.60160000000001,26.493600000000004,105.06999999999998,1600.0,2560.0,7440.0,7360.0,1.0,8.0,10.0,24.0,64.0,176.0,368.0,464.0,2.3716000000000004,8.9936,15.369200000000005,27.22720000000001,0.0,-16.88,-6.619999999999998,-47.07999999999999,0.0,256.0,214.0,776.0,0.0,0.0,0.0,0.0,0.0,42.0,34.0,134.0,0.0,6.480000000000003,5.420000000000001,19.280000000000005,182.5676,368.633,567.6163999999999,715.0479999999998,794.0,1592.0,2420.0,2716.0,26.0,54.0,84.0,108.0,138.0,342.0,500.0,588.0,11.4666,26.721400000000006,39.97800000000001,48.54200000000001,11.8336,8.771999999999998,20.605599999999995,17.543999999999997,64.0,48.0,112.0,96.0,1.0,1.0,2.0,2.0,1.0,3.0,4.0,6.0,0.5328999999999998,0.5621,1.095,1.1242,28.09,59.88999999999999,87.98,119.78,0.0,0.8900000000000002,0.8900000000000002,1.7800000000000005,0.0,2.0,2.0,4.0,0.0,0.0,0.0,0.0,0.0,-2.0,-2.0,-4.0,0.0,-0.04,-0.04,-0.08,0.0,-6.000000000000001,-6.000000000000001,-12.000000000000002,9.2416,21.128,15.504,29.94400000000001,49.0,56.0,84.0,133.0,1.0,3.0,2.0,4.0,9.0,15.0,18.0,30.0,0.5625,1.1325,1.155,2.01,54.76,150.325228,167.24,284.21261400000003,0.0,2.17,0.9800000000000004,2.3100000000000005,0.0,13.0,2.0,9.0,0.0,0.0,0.0,0.0,0.0,4.0,0.0,2.0,0.0,0.7400000000000001,-0.04,0.3199999999999999,0.0,1.8857800000000005,-7.8,-8.807110000000002,3454.13,1.031,0.0,0.0,0.0,396.575,1148.12,1113.6,0.0,0.0,0.0,292.012,0.08454,0.0819983,0.0,0.0,0.0,1227.94,0.3555,0.344812,8.68499,2.54728,8.66441
DB1-Uio66Zr-irmof7_A-TED_A_No1,0.015,120.60569,486.6785999999998,920.8192000000004,4251.559199999998,4714.176000000004,12084.0,33088.0,72384.0,91776.0,54.0,152.0,432.0,672.0,632.0,2336.0,4812.0,6360.0,38.94480000000001,137.06480000000005,306.5663999999998,470.5872000000002,1.7689,36.60160000000001,26.493600000000004,105.06999999999996,1600.0,2560.0,7440.0,7360.0,1.0,8.0,10.0,24.0,64.0,176.0,368.0,469.3333333333333,2.3716000000000004,8.9936,15.369200000000005,27.22720000000001,0.0,-16.88,-6.619999999999998,-47.07999999999999,0.0,256.0,214.0,776.0,0.0,0.0,0.0,0.0,0.0,42.0,34.0,133.33333333333334,0.0,6.480000000000003,5.420000000000001,19.28,157.0769,313.4460000000001,518.3604,666.2871666666666,683.0,1380.0,2106.0,2334.6666666666665,22.666666666666668,47.333333333333336,78.0,105.0,125.33333333333331,321.0,481.3333333333333,538.0,10.007066666666663,23.505533333333343,36.2238,43.71530000000001,11.8336,8.771999999999998,20.605599999999995,19.006,64.0,48.0,112.0,104.0,1.0,1.0,2.0,2.1666666666666665,1.0,3.0,4.166666666666667,7.0,0.5328999999999998,0.5621,1.095,1.2178833333333334,28.09,59.88999999999999,87.98,129.76166666666666,0.0,0.8900000000000002,0.8900000000000002,1.9283333333333328,0.0,2.0,2.0,4.333333333333333,0.0,0.0,0.0,0.0,0.0,-2.0,-2.1666666666666665,-4.833333333333333,0.0,-0.04,-0.04,-0.0866666666666667,0.0,-6.000000000000001,-6.000000000000001,-13.000000000000002,0.0,0.0,0.0,0.0,0.0,0.0,0.0,0.0,0.0,0.0,0.0,0.0,0.0,0.0,0.0,0.0,0.0,0.0,0.0,0.0,0.0,0.0,0.0,0.0,0.0,0.0,0.0,0.0,0.0,0.0,0.0,0.0,0.0,0.0,0.0,0.0,0.0,0.0,0.0,0.0,0.0,0.0,0.0,0.0,0.0,0.0,0.0,0.0,2164.81,1.49304,0.0,0.0,0.0,156.059,720.888,482.832,0.0,0.0,0.0,89.4934,0.04134,0.0276885,0.0,0.0,0.0,427.551,0.1975,0.13228,7.37939,3.3187,7.37939
DB1-Uio66Zr-irmof7_A-TED_A_No1,0.15,201.05962,486.6785999999998,920.8192000000004,4251.559199999998,4714.176000000004,12084.0,33088.0,72384.0,91776.0,54.0,152.0,432.0,672.0,632.0,2336.0,4812.0,6360.0,38.94480000000001,137.06480000000005,306.5663999999998,470.5872000000002,1.7689,36.60160000000001,26.493600000000004,105.06999999999996,1600.0,2560.0,7440.0,7360.0,1.0,8.0,10.0,24.0,64.0,176.0,368.0,469.3333333333333,2.3716000000000004,8.9936,15.369200000000005,27.22720000000001,0.0,-16.88,-6.619999999999998,-47.07999999999999,0.0,256.0,214.0,776.0,0.0,0.0,0.0,0.0,0.0,42.0,34.0,133.33333333333334,0.0,6.480000000000003,5.420000000000001,19.28,157.0769,313.4460000000001,518.3604,666.2871666666666,683.0,1380.0,2106.0,2334.6666666666665,22.666666666666668,47.333333333333336,78.0,105.0,125.33333333333331,321.0,481.3333333333333,538.0,10.007066666666663,23.505533333333343,36.2238,43.71530000000001,11.8336,8.771999999999998,20.605599999999995,19.006,64.0,48.0,112.0,104.0,1.0,1.0,2.0,2.1666666666666665,1.0,3.0,4.166666666666667,7.0,0.5328999999999998,0.5621,1.095,1.2178833333333334,28.09,59.88999999999999,87.98,129.76166666666666,0.0,0.8900000000000002,0.8900000000000002,1.9283333333333328,0.0,2.0,2.0,4.333333333333333,0.0,0.0,0.0,0.0,0.0,-2.0,-2.1666666666666665,-4.833333333333333,0.0,-0.04,-0.04,-0.0866666666666667,0.0,-6.000000000000001,-6.000000000000001,-13.000000000000002,0.0,0.0,0.0,0.0,0.0,0.0,0.0,0.0,0.0,0.0,0.0,0.0,0.0,0.0,0.0,0.0,0.0,0.0,0.0,0.0,0.0,0.0,0.0,0.0,0.0,0.0,0.0,0.0,0.0,0.0,0.0,0.0,0.0,0.0,0.0,0.0,0.0,0.0,0.0,0.0,0.0,0.0,0.0,0.0,0.0,0.0,0.0,0.0,2164.81,1.49304,0.0,0.0,0.0,156.059,720.888,482.832,0.0,0.0,0.0,89.4934,0.04134,0.0276885,0.0,0.0,0.0,427.551,0.1975,0.13228,7.37939,3.3187,7.37939
DB1-Uio66Zr-BDC_A-irmof6_A_No180,0.015,271.53285,486.6785999999997,920.8192000000006,4251.559199999997,4714.176000000003,12084.0,33088.0,72384.0,91776.0,54.0,152.0,432.0,672.0,632.0,2336.0,4812.0,6360.0,38.94480000000001,137.06480000000013,306.56640000000027,470.5872000000002,1.7689,36.60160000000001,26.493600000000004,105.06999999999998,1600.0,2560.0,7440.0,7360.0,1.0,8.0,10.0,24.0,64.0,176.0,368.0,464.0,2.3716000000000004,8.9936,15.369200000000005,27.22720000000001,0.0,-16.88,-6.619999999999998,-47.07999999999999,0.0,256.0,214.0,776.0,0.0,0.0,0.0,0.0,0.0,42.0,34.0,134.0,0.0,6.480000000000003,5.420000000000001,19.28,144.3411,256.00383333333326,402.8997333333333,493.7952,1537.0,1721.3333333333333,2849.333333333333,4481.0,17.333333333333332,35.0,53.333333333333336,64.33333333333333,89.0,216.66666666666663,290.6666666666667,299.6666666666667,10.709466666666666,20.79296666666667,31.533066666666667,40.0375,11.8336,8.771999999999998,20.605599999999995,17.543999999999997,64.0,48.0,112.0,96.0,1.0,1.0,2.0,2.0,1.0,3.0,4.0,6.0,0.5328999999999998,0.5621,1.095,1.1242,28.09,59.88999999999999,87.98,119.78,0.0,0.8900000000000002,0.8900000000000002,1.7800000000000005,0.0,2.0,2.0,4.0,0.0,0.0,0.0,0.0,0.0,-2.0,-2.0,-4.0,0.0,-0.04,-0.04,-0.08,0.0,-6.000000000000001,-6.000000000000001,-12.000000000000002,9.861600000000005,10.236333333333333,16.014,33.8826,249.0,94.33333333333331,184.0,525.0,1.0,1.3333333333333333,2.0,4.0,2.333333333333333,5.0,8.0,14.333333333333334,0.9105,0.8239999999999998,1.463,3.104999999999999,186.76,162.537538,302.84000000000003,641.02,0.0,0.8700000000000002,1.1800000000000006,1.770000000000001,0.0,11.333333333333334,18.666666666666668,28.0,0.0,0.0,0.0,0.0,0.0,-1.0,-3.333333333333333,-5.0,0.0,0.3066666666666666,0.3599999999999999,0.5399999999999999,0.0,3.064296666666666,4.199999999999998,6.299999999999997,2235.84,1.78916,0.0,0.0,0.0,168.546,753.838,421.335,0.0,0.0,0.0,86.3035,0.0386,0.0215743,0.0,0.0,0.0,543.31,0.243,0.135818,7.31796,2.70139,7.31339
DB1-Uio66Zr-BDC_A-irmof6_A_No180,0.15,202.789185,486.6785999999997,920.8192000000006,4251.559199999997,4714.176000000003,12084.0,33088.0,72384.0,91776.0,54.0,152.0,432.0,672.0,632.0,2336.0,4812.0,6360.0,38.94480000000001,137.06480000000013,306.56640000000027,470.5872000000002,1.7689,36.60160000000001,26.493600000000004,105.06999999999998,1600.0,2560.0,7440.0,7360.0,1.0,8.0,10.0,24.0,64.0,176.0,368.0,464.0,2.3716000000000004,8.9936,15.369200000000005,27.22720000000001,0.0,-16.88,-6.619999999999998,-47.07999999999999,0.0,256.0,214.0,776.0,0.0,0.0,0.0,0.0,0.0,42.0,34.0,134.0,0.0,6.480000000000003,5.420000000000001,19.28,144.3411,256.00383333333326,402.8997333333333,493.7952,1537.0,1721.3333333333333,2849.333333333333,4481.0,17.333333333333332,35.0,53.333333333333336,64.33333333333333,89.0,216.66666666666663,290.6666666666667,299.6666666666667,10.709466666666666,20.79296666666667,31.533066666666667,40.0375,11.8336,8.771999999999998,20.605599999999995,17.543999999999997,64.0,48.0,112.0,96.0,1.0,1.0,2.0,2.0,1.0,3.0,4.0,6.0,0.5328999999999998,0.5621,1.095,1.1242,28.09,59.88999999999999,87.98,119.78,0.0,0.8900000000000002,0.8900000000000002,1.7800000000000005,0.0,2.0,2.0,4.0,0.0,0.0,0.0,0.0,0.0,-2.0,-2.0,-4.0,0.0,-0.04,-0.04,-0.08,0.0,-6.000000000000001,-6.000000000000001,-12.000000000000002,9.861600000000005,10.236333333333333,16.014,33.8826,249.0,94.33333333333331,184.0,525.0,1.0,1.3333333333333333,2.0,4.0,2.333333333333333,5.0,8.0,14.333333333333334,0.9105,0.8239999999999998,1.463,3.104999999999999,186.76,162.537538,302.84000000000003,641.02,0.0,0.8700000000000002,1.1800000000000006,1.770000000000001,0.0,11.333333333333334,18.666666666666668,28.0,0.0,0.0,0.0,0.0,0.0,-1.0,-3.333333333333333,-5.0,0.0,0.3066666666666666,0.3599999999999999,0.5399999999999999,0.0,3.064296666666666,4.199999999999998,6.299999999999997,2235.84,1.78916,0.0,0.0,0.0,168.546,753.838,421.335,0.0,0.0,0.0,86.3035,0.0386,0.0215743,0.0,0.0,0.0,543.31,0.243,0.135818,7.31796,2.70139,7.31339
DB1-Uio66Zr-DPAC_A_No3,0.015,2.007605,486.6785999999998,920.8191999999996,4251.559199999998,4714.176000000001,12084.0,33088.0,72384.0,91776.0,54.0,152.0,432.0,672.0,632.0,2336.0,4812.0,6360.0,38.94480000000002,137.06480000000008,306.56640000000004,470.5872000000002,1.7689,36.60160000000001,26.493600000000004,105.06999999999998,1600.0,2560.0,7440.0,7360.0,1.0,8.0,10.0,24.0,64.0,176.0,368.0,464.0,2.3716000000000004,8.9936,15.369200000000005,27.22720000000001,0.0,-16.88,-6.619999999999998,-47.07999999999999,0.0,256.0,214.0,776.0,0.0,0.0,0.0,0.0,0.0,42.0,34.0,134.0,0.0,6.480000000000003,5.420000000000001,19.280000000000005,197.9376,388.7730000000001,598.6444,725.3909999999997,3288.0,2520.0,4048.0,5016.0,28.0,58.0,88.0,110.0,146.0,356.0,484.0,486.0,15.038600000000002,31.585400000000007,46.576000000000015,54.548600000000015,11.8336,8.771999999999998,20.605599999999995,17.543999999999997,64.0,48.0,112.0,96.0,1.0,1.0,2.0,2.0,1.0,3.0,4.0,6.0,0.5328999999999998,0.5621,1.095,1.1242,28.09,59.88999999999999,87.98,119.78,0.0,0.8900000000000002,0.8900000000000002,1.7800000000000005,0.0,2.0,2.0,4.0,0.0,0.0,0.0,0.0,0.0,-2.0,-2.0,-4.0,0.0,-0.04,-0.04,-0.08,0.0,-6.000000000000001,-6.000000000000001,-12.000000000000002,8.7616,7.547999999999999,15.095999999999998,29.155999999999995,1225.0,210.0,420.0,665.0,1.0,1.0,2.0,4.0,1.0,3.0,6.0,9.0,1.2996,0.8777999999999998,1.7555999999999996,3.0551999999999992,441.0,237.3,474.6,806.5493100000002,0.0,0.4100000000000001,0.8200000000000003,1.99,0.0,29.0,58.0,121.0,0.0,0.0,0.0,0.0,0.0,-2.0,-4.0,-5.0,0.0,0.3699999999999999,0.7399999999999998,1.8799999999999992,0.0,9.7,19.4,45.59289,6880.59,0.775061,1538.82,2236.46,2885.53,0.0,0.0,0.0,1879.64,0.27318,0.352463,0.0,0.0,0.0,4155.88,0.604,0.779294,0.0,0.0,0.0,11.9197,5.73839,11.74824
DB1-Uio66Zr-DPAC_A_No3,0.15,10.98087,486.6785999999998,920.8191999999996,4251.559199999998,4714.176000000001,12084.0,33088.0,72384.0,91776.0,54.0,152.0,432.0,672.0,632.0,2336.0,4812.0,6360.0,38.94480000000002,137.06480000000008,306.56640000000004,470.5872000000002,1.7689,36.60160000000001,26.493600000000004,105.06999999999998,1600.0,2560.0,7440.0,7360.0,1.0,8.0,10.0,24.0,64.0,176.0,368.0,464.0,2.3716000000000004,8.9936,15.369200000000005,27.22720000000001,0.0,-16.88,-6.619999999999998,-47.07999999999999,0.0,256.0,214.0,776.0,0.0,0.0,0.0,0.0,0.0,42.0,34.0,134.0,0.0,6.480000000000003,5.420000000000001,19.280000000000005,197.9376,388.7730000000001,598.6444,725.3909999999997,3288.0,2520.0,4048.0,5016.0,28.0,58.0,88.0,110.0,146.0,356.0,484.0,486.0,15.038600000000002,31.585400000000007,46.576000000000015,54.548600000000015,11.8336,8.771999999999998,20.605599999999995,17.543999999999997,64.0,48.0,112.0,96.0,1.0,1.0,2.0,2.0,1.0,3.0,4.0,6.0,0.5328999999999998,0.5621,1.095,1.1242,28.09,59.88999999999999,87.98,119.78,0.0,0.8900000000000002,0.8900000000000002,1.7800000000000005,0.0,2.0,2.0,4.0,0.0,0.0,0.0,0.0,0.0,-2.0,-2.0,-4.0,0.0,-0.04,-0.04,-0.08,0.0,-6.000000000000001,-6.000000000000001,-12.000000000000002,8.7616,7.547999999999999,15.095999999999998,29.155999999999995,1225.0,210.0,420.0,665.0,1.0,1.0,2.0,4.0,1.0,3.0,6.0,9.0,1.2996,0.8777999999999998,1.7555999999999996,3.0551999999999992,441.0,237.3,474.6,806.5493100000002,0.0,0.4100000000000001,0.8200000000000003,1.99,0.0,29.0,58.0,121.0,0.0,0.0,0.0,0.0,0.0,-2.0,-4.0,-5.0,0.0,0.3699999999999999,0.7399999999999998,1.8799999999999992,0.0,9.7,19.4,45.59289,6880.59,0.775061,1538.82,2236.46,2885.53,0.0,0.0,0.0,1879.64,0.27318,0.352463,0.0,0.0,0.0,4155.88,0.604,0.779294,0.0,0.0,0.0,11.9197,5.73839,11.74824
DB1-Uio66Zr-irmof10_A-irmof14_A_No2,0.015,4.440495,486.6785999999998,920.8191999999996,4251.5592000000015,4714.176000000001,12084.0,33088.0,72384.0,91776.0,54.0,152.0,432.0,672.0,632.0,2336.0,4812.0,6360.0,38.94480000000005,137.06480000000013,306.56640000000016,470.5872000000002,1.7689,36.60160000000001,26.493600000000004,105.06999999999996,1600.0,2560.0,7440.0,7360.0,1.0,8.0,10.0,24.0,64.0,176.0,368.0,464.0,2.3716000000000004,8.9936,15.369200000000005,27.22720000000001,0.0,-16.88,-6.619999999999998,-47.07999999999999,0.0,256.0,214.0,776.0,0.0,0.0,0.0,0.0,0.0,42.0,34.0,134.0,0.0,6.480000000000003,5.420000000000001,19.280000000000005,187.9604,374.47600000000006,596.0604,746.3286666666667,2832.0,2312.0,3776.0,4712.666666666667,26.666666666666668,56.0,88.0,114.0,144.0,360.0,520.0,575.3333333333334,13.860500000000002,30.00433333333333,45.78546666666668,55.43780000000002,11.8336,8.771999999999998,20.605599999999995,17.543999999999997,64.0,48.0,112.0,96.0,1.0,1.0,2.0,2.0,1.0,3.0,4.0,6.0,0.5328999999999998,0.5621,1.095,1.1242,28.09,59.88999999999999,87.98,119.78,0.0,0.8900000000000002,0.8900000000000002,1.7800000000000005,0.0,2.0,2.0,4.0,0.0,0.0,0.0,0.0,0.0,-2.0,-2.0,-4.0,0.0,-0.04,-0.04,-0.08,0.0,-6.000000000000001,-6.000000000000001,-12.000000000000002,7.301333333333333,6.289999999999999,12.579999999999998,24.296666666666667,1020.8333333333334,175.0,350.0,554.1666666666666,0.8333333333333334,0.8333333333333334,1.6666666666666667,3.333333333333333,0.8333333333333334,2.5,5.0,8.333333333333334,1.083,0.7314999999999999,1.463,2.546,367.5,197.75,395.5,672.1244250000001,0.0,0.3416666666666668,0.6833333333333336,1.6583333333333334,0.0,24.166666666666668,48.333333333333336,100.83333333333331,0.0,0.0,0.0,0.0,0.0,-1.6666666666666667,-3.333333333333333,-5.0,0.0,0.3083333333333332,0.6166666666666665,1.5666666666666662,0.0,8.083333333333334,16.166666666666668,37.994075,4791.32,1.02504,922.893,1926.18,1879.12,0.0,0.0,0.0,1064.25,0.22212,0.216694,0.0,0.0,0.0,2647.2,0.5525,0.539002,0.0,0.0,0.0,10.72882,6.56005,10.72882
DB1-Uio66Zr-irmof10_A-irmof14_A_No2,0.15,36.52993,486.6785999999998,920.8191999999996,4251.5592000000015,4714.176000000001,12084.0,33088.0,72384.0,91776.0,54.0,152.0,432.0,672.0,632.0,2336.0,4812.0,6360.0,38.94480000000005,137.06480000000013,306.56640000000016,470.5872000000002,1.7689,36.60160000000001,26.493600000000004,105.06999999999996,1600.0,2560.0,7440.0,7360.0,1.0,8.0,10.0,24.0,64.0,176.0,368.0,464.0,2.3716000000000004,8.9936,15.369200000000005,27.22720000000001,0.0,-16.88,-6.619999999999998,-47.07999999999999,0.0,256.0,214.0,776.0,0.0,0.0,0.0,0.0,0.0,42.0,34.0,134.0,0.0,6.480000000000003,5.420000000000001,19.280000000000005,187.9604,374.47600000000006,596.0604,746.3286666666667,2832.0,2312.0,3776.0,4712.666666666667,26.666666666666668,56.0,88.0,114.0,144.0,360.0,520.0,575.3333333333334,13.860500000000002,30.00433333333333,45.78546666666668,55.43780000000002,11.8336,8.771999999999998,20.605599999999995,17.543999999999997,64.0,48.0,112.0,96.0,1.0,1.0,2.0,2.0,1.0,3.0,4.0,6.0,0.5328999999999998,0.5621,1.095,1.1242,28.09,59.88999999999999,87.98,119.78,0.0,0.8900000000000002,0.8900000000000002,1.7800000000000005,0.0,2.0,2.0,4.0,0.0,0.0,0.0,0.0,0.0,-2.0,-2.0,-4.0,0.0,-0.04,-0.04,-0.08,0.0,-6.000000000000001,-6.000000000000001,-12.000000000000002,7.301333333333333,6.289999999999999,12.579999999999998,24.296666666666667,1020.8333333333334,175.0,350.0,554.1666666666666,0.8333333333333334,0.8333333333333334,1.6666666666666667,3.333333333333333,0.8333333333333334,2.5,5.0,8.333333333333334,1.083,0.7314999999999999,1.463,2.546,367.5,197.75,395.5,672.1244250000001,0.0,0.3416666666666668,0.6833333333333336,1.6583333333333334,0.0,24.166666666666668,48.333333333333336,100.83333333333331,0.0,0.0,0.0,0.0,0.0,-1.6666666666666667,-3.333333333333333,-5.0,0.0,0.3083333333333332,0.6166666666666665,1.5666666666666662,0.0,8.083333333333334,16.166666666666668,37.994075,4791.32,1.02504,922.893,1926.18,1879.12,0.0,0.0,0.0,1064.25,0.22212,0.216694,0.0,0.0,0.0,2647.2,0.5525,0.539002,0.0,0.0,0.0,10.72882,6.56005,10.72882
DB1-Uio66Zr-irmof10_A-irmof14_A_No82,0.015,4.286845,486.6785999999998,920.8191999999996,4251.5592000000015,4714.176000000001,12084.0,33088.0,72384.0,91776.0,54.0,152.0,432.0,672.0,632.0,2336.0,4812.0,6360.0,38.94480000000005,137.06480000000013,306.56640000000016,470.5872000000002,1.7689,36.60160000000001,26.493600000000004,105.06999999999996,1600.0,2560.0,7440.0,7360.0,1.0,8.0,10.0,24.0,64.0,176.0,368.0,464.0,2.3716000000000004,8.9936,15.369200000000005,27.22720000000001,0.0,-16.88,-6.619999999999998,-47.07999999999999,0.0,256.0,214.0,776.0,0.0,0.0,0.0,0.0,0.0,42.0,34.0,134.0,0.0,6.480000000000003,5.420000000000001,19.280000000000005,195.84946666666664,388.7826666666666,611.9724,778.5990666666665,2874.6666666666665,2378.6666666666665,3896.0,4938.666666666667,27.33333333333333,57.333333333333336,89.33333333333333,116.66666666666669,146.66666666666666,366.6666666666667,532.0,597.3333333333334,14.215766666666669,30.73406666666668,46.90453333333335,57.57033333333336,11.8336,8.771999999999998,20.605599999999995,17.543999999999997,64.0,48.0,112.0,96.0,1.0,1.0,2.0,2.0,1.0,3.0,4.0,6.0,0.5328999999999998,0.5621,1.095,1.1242,28.09,59.88999999999999,87.98,119.78,0.0,0.8900000000000002,0.8900000000000002,1.7800000000000005,0.0,2.0,2.0,4.0,0.0,0.0,0.0,0.0,0.0,-2.0,-2.0,-4.0,0.0,-0.04,-0.04,-0.08,0.0,-6.000000000000001,-6.000000000000001,-12.000000000000002,9.2736,9.013333333333334,15.503999999999998,30.65493333333333,1031.5,184.3333333333333,366.0,588.8333333333334,1.0,1.1666666666666667,2.0,4.0,1.5,3.8333333333333335,7.0,12.0,1.1718166666666665,0.8702,1.6503666666666663,2.915866666666666,372.1816666666667,211.71294716666668,415.46333333333337,706.7510916666669,0.0,0.6966666666666668,0.9800000000000004,2.103333333333333,0.0,25.666666666666668,49.0,101.83333333333331,0.0,0.0,0.0,0.0,0.0,-1.6666666666666667,-3.6666666666666665,-5.5,0.0,0.3616666666666666,0.6033333333333332,1.5466666666666662,0.0,7.215481666666666,14.166666666666666,34.994075,4791.32,1.04722,901.047,1880.58,1795.78,0.0,0.0,0.0,1006.85,0.21014,0.200664,0.0,0.0,0.0,2596.89,0.542,0.51756,0.0,0.0,0.0,10.06126,6.56005,10.06126
DB1-Uio66Zr-irmof10_A-irmof14_A_No82,0.15,39.99529,486.6785999999998,920.8191999999996,4251.5592000000015,4714.176000000001,12084.0,33088.0,72384.0,91776.0,54.0,152.0,432.0,672.0,632.0,2336.0,4812.0,6360.0,38.94480000000005,137.06480000000013,306.56640000000016,470.5872000000002,1.7689,36.60160000000001,26.493600000000004,105.06999999999996,1600.0,2560.0,7440.0,7360.0,1.0,8.0,10.0,24.0,64.0,176.0,368.0,464.0,2.3716000000000004,8.9936,15.369200000000005,27.22720000000001,0.0,-16.88,-6.619999999999998,-47.07999999999999,0.0,256.0,214.0,776.0,0.0,0.0,0.0,0.0,0.0,42.0,34.0,134.0,0.0,6.480000000000003,5.420000000000001,19.280000000000005,195.84946666666664,388.7826666666666,611.9724,778.5990666666665,2874.6666666666665,2378.6666666666665,3896.0,4938.666666666667,27.33333333333333,57.333333333333336,89.33333333333333,116.66666666666669,146.66666666666666,366.6666666666667,532.0,597.3333333333334,14.215766666666669,30.73406666666668,46.90453333333335,57.57033333333336,11.8336,8.771999999999998,20.605599999999995,17.543999999999997,64.0,48.0,112.0,96.0,1.0,1.0,2.0,2.0,1.0,3.0,4.0,6.0,0.5328999999999998,0.5621,1.095,1.1242,28.09,59.88999999999999,87.98,119.78,0.0,0.8900000000000002,0.8900000000000002,1.7800000000000005,0.0,2.0,2.0,4.0,0.0,0.0,0.0,0.0,0.0,-2.0,-2.0,-4.0,0.0,-0.04,-0.04,-0.08,0.0,-6.000000000000001,-6.000000000000001,-12.000000000000002,9.2736,9.013333333333334,15.503999999999998,30.65493333333333,1031.5,184.3333333333333,366.0,588.8333333333334,1.0,1.1666666666666667,2.0,4.0,1.5,3.8333333333333335,7.0,12.0,1.1718166666666665,0.8702,1.6503666666666663,2.915866666666666,372.1816666666667,211.71294716666668,415.46333333333337,706.7510916666669,0.0,0.6966666666666668,0.9800000000000004,2.103333333333333,0.0,25.666666666666668,49.0,101.83333333333331,0.0,0.0,0.0,0.0,0.0,-1.6666666666666667,-3.6666666666666665,-5.5,0.0,0.3616666666666666,0.6033333333333332,1.5466666666666662,0.0,7.215481666666666,14.166666666666666,34.994075,4791.32,1.04722,901.047,1880.58,1795.78,0.0,0.0,0.0,1006.85,0.21014,0.200664,0.0,0.0,0.0,2596.89,0.542,0.51756,0.0,0.0,0.0,10.06126,6.56005,10.06126
DB1-Uio66Zr-BDC_A-irmof7_A_No389,0.015,143.49709,486.6785999999997,920.8192000000006,4251.559199999997,4714.176000000003,12084.0,33088.0,72384.0,91776.0,54.0,152.0,432.0,672.0,632.0,2336.0,4812.0,6360.0,38.94480000000001,137.06480000000013,306.56640000000027,470.5872000000002,1.7689,36.60160000000001,26.493600000000004,105.06999999999998,1600.0,2560.0,7440.0,7360.0,1.0,8.0,10.0,24.0,64.0,176.0,368.0,464.0,2.3716000000000004,8.9936,15.369200000000005,27.22720000000001,0.0,-16.88,-6.619999999999998,-47.07999999999999,0.0,256.0,214.0,776.0,0.0,0.0,0.0,0.0,0.0,42.0,34.0,134.0,0.0,6.480000000000003,5.420000000000001,19.28,146.35766666666666,273.0168333333333,405.8984,507.6216333333333,689.6666666666666,1255.3333333333333,1890.0,2134.333333333333,18.83333333333333,38.0,55.66666666666666,71.0,93.66666666666669,227.3333333333333,317.0,346.3333333333333,8.840283333333334,19.44726666666667,28.08316666666667,33.02816666666667,11.8336,8.771999999999998,20.605599999999995,17.543999999999997,64.0,48.0,112.0,96.0,1.0,1.0,2.0,2.0,1.0,3.0,4.0,6.0,0.5328999999999998,0.5621,1.095,1.1242,28.09,59.88999999999999,87.98,119.78,0.0,0.8900000000000002,0.8900000000000002,1.7800000000000005,0.0,2.0,2.0,4.0,0.0,0.0,0.0,0.0,0.0,-2.0,-2.0,-4.0,0.0,-0.04,-0.04,-0.08,0.0,-6.000000000000001,-6.000000000000001,-12.000000000000002,11.8336,16.34,17.543999999999997,34.76502222222222,64.0,56.0,96.0,162.22222222222223,1.0,2.0,2.0,4.0,4.0,8.0,12.0,20.22222222222222,0.5328999999999998,0.8322000000000002,1.1242,1.998577777777778,28.09,83.77768300000001,119.78,202.4914025,0.0,2.1299999999999994,1.7800000000000005,3.6538888888888894,0.0,9.0,4.0,11.722222222222223,0.0,0.0,0.0,0.0,0.0,0.0,-2.0,-2.111111111111111,0.0,0.3199999999999999,-0.08,0.1822222222222221,0.0,-5.207110000000001,-12.000000000000002,-17.005925,2235.84,1.40377,0.0,0.0,0.0,246.92,1104.37,786.72,0.0,0.0,0.0,118.321,0.05292,0.0376985,0.0,0.0,0.0,679.696,0.304,0.21656,7.04952,3.70223,7.04952
DB1-Uio66Zr-BDC_A-irmof7_A_No389,0.15,155.046285,486.6785999999997,920.8192000000006,4251.559199999997,4714.176000000003,12084.0,33088.0,72384.0,91776.0,54.0,152.0,432.0,672.0,632.0,2336.0,4812.0,6360.0,38.94480000000001,137.06480000000013,306.56640000000027,470.5872000000002,1.7689,36.60160000000001,26.493600000000004,105.06999999999998,1600.0,2560.0,7440.0,7360.0,1.0,8.0,10.0,24.0,64.0,176.0,368.0,464.0,2.3716000000000004,8.9936,15.369200000000005,27.22720000000001,0.0,-16.88,-6.619999999999998,-47.07999999999999,0.0,256.0,214.0,776.0,0.0,0.0,0.0,0.0,0.0,42.0,34.0,134.0,0.0,6.480000000000003,5.420000000000001,19.28,146.35766666666666,273.0168333333333,405.8984,507.6216333333333,689.6666666666666,1255.3333333333333,1890.0,2134.333333333333,18.83333333333333,38.0,55.66666666666666,71.0,93.66666666666669,227.3333333333333,317.0,346.3333333333333,8.840283333333334,19.44726666666667,28.08316666666667,33.02816666666667,11.8336,8.771999999999998,20.605599999999995,17.543999999999997,64.0,48.0,112.0,96.0,1.0,1.0,2.0,2.0,1.0,3.0,4.0,6.0,0.5328999999999998,0.5621,1.095,1.1242,28.09,59.88999999999999,87.98,119.78,0.0,0.8900000000000002,0.8900000000000002,1.7800000000000005,0.0,2.0,2.0,4.0,0.0,0.0,0.0,0.0,0.0,-2.0,-2.0,-4.0,0.0,-0.04,-0.04,-0.08,0.0,-6.000000000000001,-6.000000000000001,-12.000000000000002,11.8336,16.34,17.543999999999997,34.76502222222222,64.0,56.0,96.0,162.22222222222223,1.0,2.0,2.0,4.0,4.0,8.0,12.0,20.22222222222222,0.5328999999999998,0.8322000000000002,1.1242,1.998577777777778,28.09,83.77768300000001,119.78,202.4914025,0.0,2.1299999999999994,1.7800000000000005,3.6538888888888894,0.0,9.0,4.0,11.722222222222223,0.0,0.0,0.0,0.0,0.0,0.0,-2.0,-2.111111111111111,0.0,0.3199999999999999,-0.08,0.1822222222222221,0.0,-5.207110000000001,-12.000000000000002,-17.005925,2235.84,1.40377,0.0,0.0,0.0,246.92,1104.37,786.72,0.0,0.0,0.0,118.321,0.05292,0.0376985,0.0,0.0,0.0,679.696,0.304,0.21656,7.04952,3.70223,7.04952
DB1-Uio66Zr-BDC_A-irmof6_A_No429,0.015,71.767225,486.6785999999997,920.8192000000006,4251.559199999997,4714.176000000003,12084.0,33088.0,72384.0,91776.0,54.0,152.0,432.0,672.0,632.0,2336.0,4812.0,6360.0,38.94480000000001,137.06480000000013,306.56640000000027,470.5872000000002,1.7689,36.60160000000001,26.493600000000004,105.06999999999998,1600.0,2560.0,7440.0,7360.0,1.0,8.0,10.0,24.0,64.0,176.0,368.0,464.0,2.3716000000000004,8.9936,15.369200000000005,27.22720000000001,0.0,-16.88,-6.619999999999998,-47.07999999999999,0.0,256.0,214.0,776.0,0.0,0.0,0.0,0.0,0.0,42.0,34.0,134.0,0.0,6.480000000000003,5.420000000000001,19.28,135.05364999999998,253.1293333333333,387.6320666666666,458.3978333333334,620.0,1147.3333333333333,1689.6666666666667,1782.3333333333333,18.0,36.333333333333336,55.0,67.0,92.0,224.0,303.0,319.6666666666667,8.254199999999999,18.34496666666667,26.33243333333333,29.67683333333333,11.8336,8.771999999999998,20.605599999999995,17.543999999999997,64.0,48.0,112.0,96.0,1.0,1.0,2.0,2.0,1.0,3.0,4.0,6.0,0.5328999999999998,0.5621,1.095,1.1242,28.09,59.88999999999999,87.98,119.78,0.0,0.8900000000000002,0.8900000000000002,1.7800000000000005,0.0,2.0,2.0,4.0,0.0,0.0,0.0,0.0,0.0,-2.0,-2.0,-4.0,0.0,-0.04,-0.04,-0.08,0.0,-6.000000000000001,-6.000000000000001,-12.000000000000002,9.861333333333333,13.616666666666667,14.619999999999996,28.23666666666666,53.333333333333336,46.66666666666666,80.0,126.66666666666669,0.8333333333333334,1.6666666666666667,1.6666666666666667,3.333333333333333,3.333333333333333,6.666666666666667,10.0,16.666666666666668,0.4440833333333332,0.6935000000000001,0.9368333333333334,1.6303333333333334,23.40833333333333,69.81473583333333,99.81666666666666,169.6314025,0.0,1.7749999999999997,1.4833333333333336,3.2583333333333333,0.0,7.5,3.333333333333333,10.833333333333334,0.0,0.0,0.0,0.0,0.0,0.0,-1.6666666666666667,-1.6666666666666667,0.0,0.2666666666666666,-0.0666666666666667,0.1999999999999998,0.0,-4.339258333333334,-10.000000000000002,-14.339258333333335,2235.84,1.32505,0.0,0.0,0.0,231.38,1034.87,781.0,0.0,0.0,0.0,122.882,0.05496,0.0414776,0.0,0.0,0.0,690.875,0.309,0.233198,7.31796,3.56484,7.2744
DB1-Uio66Zr-BDC_A-irmof6_A_No429,0.15,127.042285,486.6785999999997,920.8192000000006,4251.559199999997,4714.176000000003,12084.0,33088.0,72384.0,91776.0,54.0,152.0,432.0,672.0,632.0,2336.0,4812.0,6360.0,38.94480000000001,137.06480000000013,306.56640000000027,470.5872000000002,1.7689,36.60160000000001,26.493600000000004,105.06999999999998,1600.0,2560.0,7440.0,7360.0,1.0,8.0,10.0,24.0,64.0,176.0,368.0,464.0,2.3716000000000004,8.9936,15.369200000000005,27.22720000000001,0.0,-16.88,-6.619999999999998,-47.07999999999999,0.0,256.0,214.0,776.0,0.0,0.0,0.0,0.0,0.0,42.0,34.0,134.0,0.0,6.480000000000003,5.420000000000001,19.28,135.05364999999998,253.1293333333333,387.6320666666666,458.3978333333334,620.0,1147.3333333333333,1689.6666666666667,1782.3333333333333,18.0,36.333333333333336,55.0,67.0,92.0,224.0,303.0,319.6666666666667,8.254199999999999,18.34496666666667,26.33243333333333,29.67683333333333,11.8336,8.771999999999998,20.605599999999995,17.543999999999997,64.0,48.0,112.0,96.0,1.0,1.0,2.0,2.0,1.0,3.0,4.0,6.0,0.5328999999999998,0.5621,1.095,1.1242,28.09,59.88999999999999,87.98,119.78,0.0,0.8900000000000002,0.8900000000000002,1.7800000000000005,0.0,2.0,2.0,4.0,0.0,0.0,0.0,0.0,0.0,-2.0,-2.0,-4.0,0.0,-0.04,-0.04,-0.08,0.0,-6.000000000000001,-6.000000000000001,-12.000000000000002,9.861333333333333,13.616666666666667,14.619999999999996,28.23666666666666,53.333333333333336,46.66666666666666,80.0,126.66666666666669,0.8333333333333334,1.6666666666666667,1.6666666666666667,3.333333333333333,3.333333333333333,6.666666666666667,10.0,16.666666666666668,0.4440833333333332,0.6935000000000001,0.9368333333333334,1.6303333333333334,23.40833333333333,69.81473583333333,99.81666666666666,169.6314025,0.0,1.7749999999999997,1.4833333333333336,3.2583333333333333,0.0,7.5,3.333333333333333,10.833333333333334,0.0,0.0,0.0,0.0,0.0,0.0,-1.6666666666666667,-1.6666666666666667,0.0,0.2666666666666666,-0.0666666666666667,0.1999999999999998,0.0,-4.339258333333334,-10.000000000000002,-14.339258333333335,2235.84,1.32505,0.0,0.0,0.0,231.38,1034.87,781.0,0.0,0.0,0.0,122.882,0.05496,0.0414776,0.0,0.0,0.0,690.875,0.309,0.233198,7.31796,3.56484,7.2744
DB1-Uio66Zr-irmof6_A-irmof7_A_No135,0.015,295.24342,486.6785999999998,920.8192000000006,4251.559199999997,4714.176000000006,12084.0,33088.0,72384.0,91776.0,54.0,152.0,432.0,672.0,632.0,2336.0,4812.0,6360.0,38.9448,137.06480000000005,306.5663999999999,470.5872000000002,1.7689,36.60160000000001,26.493600000000004,105.06999999999998,1600.0,2560.0,7440.0,7360.0,1.0,8.0,10.0,24.0,64.0,176.0,368.0,464.0,2.3716000000000004,8.9936,15.369200000000005,27.22720000000001,0.0,-16.88,-6.619999999999998,-47.07999999999999,0.0,256.0,214.0,776.0,0.0,0.0,0.0,0.0,0.0,42.0,34.0,134.0,0.0,6.480000000000003,5.420000000000001,19.28,172.3517333333333,335.12966666666665,537.2164,624.9103333333333,793.3333333333334,1550.6666666666667,2284.0,2551.333333333333,23.0,48.0,77.66666666666667,92.66666666666669,129.0,326.3333333333333,445.6666666666667,511.0,10.611366666666669,24.44246666666667,36.3055,42.23993333333334,11.8336,8.771999999999998,20.605599999999995,17.543999999999997,64.0,48.0,112.0,96.0,1.0,1.0,2.0,2.0,1.0,3.0,4.0,6.0,0.5328999999999998,0.5621,1.095,1.1242,28.09,59.88999999999999,87.98,119.78,0.0,0.8900000000000002,0.8900000000000002,1.7800000000000005,0.0,2.0,2.0,4.0,0.0,0.0,0.0,0.0,0.0,-2.0,-2.0,-4.0,0.0,-0.04,-0.04,-0.08,0.0,-6.000000000000001,-6.000000000000001,-12.000000000000002,9.141333333333334,13.772888888888888,15.75422222222222,18.064444444444444,49.16666666666666,73.8888888888889,85.55555555555556,90.27777777777776,0.8333333333333334,1.388888888888889,1.6666666666666667,2.222222222222222,3.055555555555556,5.833333333333333,7.222222222222221,11.666666666666666,0.4523055555555555,0.7687499999999999,0.9291666666666668,1.1828888888888889,30.816666666666663,66.80555555555556,95.33333333333336,145.49239277777778,0.0,0.1361111111111111,0.7666666666666669,1.6305555555555558,0.0,0.2777777777777777,1.6666666666666667,4.722222222222222,0.0,0.0,0.0,0.0,0.0,0.0,-1.111111111111111,-1.6666666666666667,0.0,-0.0055555555555555,-0.0333333333333333,0.0444444444444443,0.0,-1.0833333333333333,-5.500000000000001,-9.113086111111114,2283.85,1.52494,0.0,0.0,0.0,144.646,633.342,415.322,0.0,0.0,0.0,55.4061,0.02426,0.0159088,0.0,0.0,0.0,431.647,0.189,0.123939,6.02029,2.76005,5.98461
DB1-Uio66Zr-irmof6_A-irmof7_A_No135,0.15,296.23892,486.6785999999998,920.8192000000006,4251.559199999997,4714.176000000006,12084.0,33088.0,72384.0,91776.0,54.0,152.0,432.0,672.0,632.0,2336.0,4812.0,6360.0,38.9448,137.06480000000005,306.5663999999999,470.5872000000002,1.7689,36.60160000000001,26.493600000000004,105.06999999999998,1600.0,2560.0,7440.0,7360.0,1.0,8.0,10.0,24.0,64.0,176.0,368.0,464.0,2.3716000000000004,8.9936,15.369200000000005,27.22720000000001,0.0,-16.88,-6.619999999999998,-47.07999999999999,0.0,256.0,214.0,776.0,0.0,0.0,0.0,0.0,0.0,42.0,34.0,134.0,0.0,6.480000000000003,5.420000000000001,19.28,172.3517333333333,335.12966666666665,537.2164,624.9103333333333,793.3333333333334,1550.6666666666667,2284.0,2551.333333333333,23.0,48.0,77.66666666666667,92.66666666666669,129.0,326.3333333333333,445.6666666666667,511.0,10.611366666666669,24.44246666666667,36.3055,42.23993333333334,11.8336,8.771999999999998,20.605599999999995,17.543999999999997,64.0,48.0,112.0,96.0,1.0,1.0,2.0,2.0,1.0,3.0,4.0,6.0,0.5328999999999998,0.5621,1.095,1.1242,28.09,59.88999999999999,87.98,119.78,0.0,0.8900000000000002,0.8900000000000002,1.7800000000000005,0.0,2.0,2.0,4.0,0.0,0.0,0.0,0.0,0.0,-2.0,-2.0,-4.0,0.0,-0.04,-0.04,-0.08,0.0,-6.000000000000001,-6.000000000000001,-12.000000000000002,9.141333333333334,13.772888888888888,15.75422222222222,18.064444444444444,49.16666666666666,73.8888888888889,85.55555555555556,90.27777777777776,0.8333333333333334,1.388888888888889,1.6666666666666667,2.222222222222222,3.055555555555556,5.833333333333333,7.222222222222221,11.666666666666666,0.4523055555555555,0.7687499999999999,0.9291666666666668,1.1828888888888889,30.816666666666663,66.80555555555556,95.33333333333336,145.49239277777778,0.0,0.1361111111111111,0.7666666666666669,1.6305555555555558,0.0,0.2777777777777777,1.6666666666666667,4.722222222222222,0.0,0.0,0.0,0.0,0.0,0.0,-1.111111111111111,-1.6666666666666667,0.0,-0.0055555555555555,-0.0333333333333333,0.0444444444444443,0.0,-1.0833333333333333,-5.500000000000001,-9.113086111111114,2283.85,1.52494,0.0,0.0,0.0,144.646,633.342,415.322,0.0,0.0,0.0,55.4061,0.02426,0.0159088,0.0,0.0,0.0,431.647,0.189,0.123939,6.02029,2.76005,5.98461
DB1-Uio66Zr-BDC_A-irmof7_A_No122,0.015,562.458525,486.6785999999998,920.8191999999996,4251.5592000000015,4714.176000000001,12084.0,33088.0,72384.0,91776.0,54.0,152.0,432.0,672.0,632.0,2336.0,4812.0,6360.0,38.94480000000005,137.06480000000013,306.56640000000016,470.5872000000002,1.7689,36.60160000000001,26.493600000000004,105.06999999999996,1600.0,2560.0,7440.0,7360.0,1.0,8.0,10.0,24.0,64.0,176.0,368.0,464.0,2.3716000000000004,8.9936,15.369200000000005,27.22720000000001,0.0,-16.88,-6.619999999999998,-47.07999999999999,0.0,256.0,214.0,776.0,0.0,0.0,0.0,0.0,0.0,42.0,34.0,134.0,0.0,6.480000000000003,5.420000000000001,19.280000000000005,190.438,373.2835,606.9083999999999,716.3566333333333,763.0,1492.0,2280.0,2849.333333333333,28.0,56.333333333333336,94.0,107.66666666666669,150.33333333333334,359.0,502.0,669.6666666666666,11.285199999999998,26.28643333333335,39.227,49.5465,11.8336,8.771999999999998,20.605599999999995,17.543999999999997,64.0,48.0,112.0,96.0,1.0,1.0,2.0,2.0,1.0,3.0,4.0,6.0,0.5328999999999998,0.5621,1.095,1.1242,28.09,59.88999999999999,87.98,119.78,0.0,0.8900000000000002,0.8900000000000002,1.7800000000000005,0.0,2.0,2.0,4.0,0.0,0.0,0.0,0.0,0.0,-2.0,-2.0,-4.0,0.0,-0.04,-0.04,-0.08,0.0,-6.000000000000001,-6.000000000000001,-12.000000000000002,1.9722666666666664,2.723333333333333,2.9239999999999995,6.528355555555554,10.666666666666666,9.333333333333334,16.0,35.55555555555556,0.1666666666666666,0.3333333333333333,0.3333333333333333,0.6666666666666666,0.6666666666666666,1.3333333333333333,2.0,3.555555555555556,0.0888166666666666,0.1387,0.1873666666666666,0.3682444444444444,4.681666666666667,13.962947166666668,19.96333333333333,32.86,0.0,0.3549999999999999,0.2966666666666667,0.3955555555555556,0.0,1.5,0.6666666666666666,0.8888888888888888,0.0,0.0,0.0,0.0,0.0,0.0,-0.3333333333333333,-0.4444444444444444,0.0,0.0533333333333333,-0.0133333333333333,-0.0177777777777777,0.0,-0.8678516666666668,-2.0000000000000004,-2.6666666666666674,2235.84,1.55271,0.0,0.0,0.0,155.357,694.849,447.507,0.0,0.0,0.0,69.5347,0.0311,0.0200295,0.0,0.0,0.0,486.296,0.2175,0.140078,6.63108,2.25166,6.63108
DB1-Uio66Zr-BDC_A-irmof7_A_No122,0.15,291.73709,486.6785999999998,920.8191999999996,4251.5592000000015,4714.176000000001,12084.0,33088.0,72384.0,91776.0,54.0,152.0,432.0,672.0,632.0,2336.0,4812.0,6360.0,38.94480000000005,137.06480000000013,306.56640000000016,470.5872000000002,1.7689,36.60160000000001,26.493600000000004,105.06999999999996,1600.0,2560.0,7440.0,7360.0,1.0,8.0,10.0,24.0,64.0,176.0,368.0,464.0,2.3716000000000004,8.9936,15.369200000000005,27.22720000000001,0.0,-16.88,-6.619999999999998,-47.07999999999999,0.0,256.0,214.0,776.0,0.0,0.0,0.0,0.0,0.0,42.0,34.0,134.0,0.0,6.480000000000003,5.420000000000001,19.280000000000005,190.438,373.2835,606.9083999999999,716.3566333333333,763.0,1492.0,2280.0,2849.333333333333,28.0,56.333333333333336,94.0,107.66666666666669,150.33333333333334,359.0,502.0,669.6666666666666,11.285199999999998,26.28643333333335,39.227,49.5465,11.8336,8.771999999999998,20.605599999999995,17.543999999999997,64.0,48.0,112.0,96.0,1.0,1.0,2.0,2.0,1.0,3.0,4.0,6.0,0.5328999999999998,0.5621,1.095,1.1242,28.09,59.88999999999999,87.98,119.78,0.0,0.8900000000000002,0.8900000000000002,1.7800000000000005,0.0,2.0,2.0,4.0,0.0,0.0,0.0,0.0,0.0,-2.0,-2.0,-4.0,0.0,-0.04,-0.04,-0.08,0.0,-6.000000000000001,-6.000000000000001,-12.000000000000002,1.9722666666666664,2.723333333333333,2.9239999999999995,6.528355555555554,10.666666666666666,9.333333333333334,16.0,35.55555555555556,0.1666666666666666,0.3333333333333333,0.3333333333333333,0.6666666666666666,0.6666666666666666,1.3333333333333333,2.0,3.555555555555556,0.0888166666666666,0.1387,0.1873666666666666,0.3682444444444444,4.681666666666667,13.962947166666668,19.96333333333333,32.86,0.0,0.3549999999999999,0.2966666666666667,0.3955555555555556,0.0,1.5,0.6666666666666666,0.8888888888888888,0.0,0.0,0.0,0.0,0.0,0.0,-0.3333333333333333,-0.4444444444444444,0.0,0.0533333333333333,-0.0133333333333333,-0.0177777777777777,0.0,-0.8678516666666668,-2.0000000000000004,-2.6666666666666674,2235.84,1.55271,0.0,0.0,0.0,155.357,694.849,447.507,0.0,0.0,0.0,69.5347,0.0311,0.0200295,0.0,0.0,0.0,486.296,0.2175,0.140078,6.63108,2.25166,6.63108
DB1-Uio66Zr-irmof6_A-irmof7_A_No52,0.015,424.046355,486.6785999999998,920.8191999999996,4251.5592000000015,4714.176000000001,12084.0,33088.0,72384.0,91776.0,54.0,152.0,432.0,672.0,632.0,2336.0,4812.0,6360.0,38.94480000000005,137.06480000000013,306.56640000000016,470.5872000000002,1.7689,36.60160000000001,26.493600000000004,105.06999999999996,1600.0,2560.0,7440.0,7360.0,1.0,8.0,10.0,24.0,64.0,176.0,368.0,464.0,2.3716000000000004,8.9936,15.369200000000005,27.22720000000001,0.0,-16.88,-6.619999999999998,-47.07999999999999,0.0,256.0,214.0,776.0,0.0,0.0,0.0,0.0,0.0,42.0,34.0,134.0,0.0,6.480000000000003,5.420000000000001,19.280000000000005,175.23160000000004,354.30633333333327,583.0364,672.4682,714.0,1465.3333333333333,2170.0,2528.0,26.0,54.0,90.66666666666669,104.66666666666669,148.0,370.3333333333333,506.6666666666667,620.3333333333334,10.757266666666666,25.79540000000001,38.44666666666667,45.91246666666667,11.8336,8.771999999999998,20.605599999999995,17.543999999999997,64.0,48.0,112.0,96.0,1.0,1.0,2.0,2.0,1.0,3.0,4.0,6.0,0.5328999999999998,0.5621,1.095,1.1242,28.09,59.88999999999999,87.98,119.78,0.0,0.8900000000000002,0.8900000000000002,1.7800000000000005,0.0,2.0,2.0,4.0,0.0,0.0,0.0,0.0,0.0,-2.0,-2.0,-4.0,0.0,-0.04,-0.04,-0.08,0.0,-6.000000000000001,-6.000000000000001,-12.000000000000002,1.540266666666667,3.521333333333333,2.584,5.416266666666666,8.166666666666666,9.333333333333334,14.0,29.166666666666668,0.1666666666666666,0.5,0.3333333333333333,0.6666666666666666,1.5,2.5,3.0,6.0,0.09375,0.1887499999999999,0.1925,0.3825,9.126666666666669,25.054204666666667,27.87333333333333,50.93666666666667,0.0,0.3616666666666666,0.1633333333333334,0.2450000000000001,0.0,2.1666666666666665,0.3333333333333333,0.5,0.0,0.0,0.0,0.0,0.0,0.6666666666666666,0.0,0.0,0.0,0.1233333333333333,-0.0066666666666666,-0.01,0.0,0.3142966666666667,-1.3,-1.95,2283.85,1.46479,0.0,0.0,0.0,156.182,683.857,466.865,0.0,0.0,0.0,69.3376,0.03036,0.0207266,0.0,0.0,0.0,511.582,0.224,0.152923,6.35607,2.21395,6.35607
DB1-Uio66Zr-irmof6_A-irmof7_A_No52,0.15,235.28889,486.6785999999998,920.8191999999996,4251.5592000000015,4714.176000000001,12084.0,33088.0,72384.0,91776.0,54.0,152.0,432.0,672.0,632.0,2336.0,4812.0,6360.0,38.94480000000005,137.06480000000013,306.56640000000016,470.5872000000002,1.7689,36.60160000000001,26.493600000000004,105.06999999999996,1600.0,2560.0,7440.0,7360.0,1.0,8.0,10.0,24.0,64.0,176.0,368.0,464.0,2.3716000000000004,8.9936,15.369200000000005,27.22720000000001,0.0,-16.88,-6.619999999999998,-47.07999999999999,0.0,256.0,214.0,776.0,0.0,0.0,0.0,0.0,0.0,42.0,34.0,134.0,0.0,6.480000000000003,5.420000000000001,19.280000000000005,175.23160000000004,354.30633333333327,583.0364,672.4682,714.0,1465.3333333333333,2170.0,2528.0,26.0,54.0,90.66666666666669,104.66666666666669,148.0,370.3333333333333,506.6666666666667,620.3333333333334,10.757266666666666,25.79540000000001,38.44666666666667,45.91246666666667,11.8336,8.771999999999998,20.605599999999995,17.543999999999997,64.0,48.0,112.0,96.0,1.0,1.0,2.0,2.0,1.0,3.0,4.0,6.0,0.5328999999999998,0.5621,1.095,1.1242,28.09,59.88999999999999,87.98,119.78,0.0,0.8900000000000002,0.8900000000000002,1.7800000000000005,0.0,2.0,2.0,4.0,0.0,0.0,0.0,0.0,0.0,-2.0,-2.0,-4.0,0.0,-0.04,-0.04,-0.08,0.0,-6.000000000000001,-6.000000000000001,-12.000000000000002,1.540266666666667,3.521333333333333,2.584,5.416266666666666,8.166666666666666,9.333333333333334,14.0,29.166666666666668,0.1666666666666666,0.5,0.3333333333333333,0.6666666666666666,1.5,2.5,3.0,6.0,0.09375,0.1887499999999999,0.1925,0.3825,9.126666666666669,25.054204666666667,27.87333333333333,50.93666666666667,0.0,0.3616666666666666,0.1633333333333334,0.2450000000000001,0.0,2.1666666666666665,0.3333333333333333,0.5,0.0,0.0,0.0,0.0,0.0,0.6666666666666666,0.0,0.0,0.0,0.1233333333333333,-0.0066666666666666,-0.01,0.0,0.3142966666666667,-1.3,-1.95,2283.85,1.46479,0.0,0.0,0.0,156.182,683.857,466.865,0.0,0.0,0.0,69.3376,0.03036,0.0207266,0.0,0.0,0.0,511.582,0.224,0.152923,6.35607,2.21395,6.35607
DB1-Uio66Zr-irmof10_A-irmof14_A_No144,0.015,2.8627,486.6785999999998,920.8191999999996,4251.559199999999,4714.176000000001,12084.0,33088.0,72384.0,91776.0,54.0,152.0,432.0,672.0,632.0,2336.0,4812.0,6360.0,38.94480000000004,137.06480000000013,306.56640000000016,470.5872000000002,1.7689,36.60160000000001,26.493600000000004,105.06999999999996,1600.0,2560.0,7440.0,7360.0,1.0,8.0,10.0,24.0,64.0,176.0,368.0,464.0,2.3716000000000004,8.9936,15.369200000000005,27.22720000000001,0.0,-16.88,-6.619999999999998,-47.07999999999999,0.0,256.0,214.0,776.0,0.0,0.0,0.0,0.0,0.0,42.0,34.0,134.0,0.0,6.480000000000003,5.420000000000001,19.280000000000005,191.3076,377.468,602.0444,757.886,1680.0,2088.0,3328.0,4003.3333333333335,26.666666666666668,56.0,88.0,114.0,144.0,360.0,520.0,575.3333333333334,13.715566666666668,30.0146,45.806,55.473533333333336,11.8336,8.771999999999998,20.605599999999995,17.543999999999997,64.0,48.0,112.0,96.0,1.0,1.0,2.0,2.0,1.0,3.0,4.0,6.0,0.5328999999999998,0.5621,1.095,1.1242,28.09,59.88999999999999,87.98,119.78,0.0,0.8900000000000002,0.8900000000000002,1.7800000000000005,0.0,2.0,2.0,4.0,0.0,0.0,0.0,0.0,0.0,-2.0,-2.0,-4.0,0.0,-0.04,-0.04,-0.08,0.0,-6.000000000000001,-6.000000000000001,-12.000000000000002,9.781600000000005,7.973,15.946,30.797666666666668,445.0,120.0,240.0,380.0,1.0,1.0,2.0,4.0,1.0,3.0,6.0,10.0,1.03335,0.7815499999999999,1.5630999999999995,2.7202,251.13333333333333,177.03333333333333,354.06666666666666,601.71139,0.0,0.576666666666667,1.153333333333334,2.656666666666668,0.0,14.0,28.0,61.0,0.0,0.0,0.0,0.0,0.0,-2.0,-4.0,-6.0,0.0,0.2449999999999999,0.4899999999999999,1.38,0.0,4.366666666666665,8.73333333333333,24.259556666666658,4791.32,0.925674,887.777,1852.89,2001.66,0.0,0.0,0.0,764.694,0.1596,0.172415,0.0,0.0,0.0,2263.9,0.4725,0.510439,0.0,0.0,0.0,10.06126,4.37138,10.06126
DB1-Uio66Zr-irmof10_A-irmof14_A_No144,0.15,32.83776,486.6785999999998,920.8191999999996,4251.559199999999,4714.176000000001,12084.0,33088.0,72384.0,91776.0,54.0,152.0,432.0,672.0,632.0,2336.0,4812.0,6360.0,38.94480000000004,137.06480000000013,306.56640000000016,470.5872000000002,1.7689,36.60160000000001,26.493600000000004,105.06999999999996,1600.0,2560.0,7440.0,7360.0,1.0,8.0,10.0,24.0,64.0,176.0,368.0,464.0,2.3716000000000004,8.9936,15.369200000000005,27.22720000000001,0.0,-16.88,-6.619999999999998,-47.07999999999999,0.0,256.0,214.0,776.0,0.0,0.0,0.0,0.0,0.0,42.0,34.0,134.0,0.0,6.480000000000003,5.420000000000001,19.280000000000005,191.3076,377.468,602.0444,757.886,1680.0,2088.0,3328.0,4003.3333333333335,26.666666666666668,56.0,88.0,114.0,144.0,360.0,520.0,575.3333333333334,13.715566666666668,30.0146,45.806,55.473533333333336,11.8336,8.771999999999998,20.605599999999995,17.543999999999997,64.0,48.0,112.0,96.0,1.0,1.0,2.0,2.0,1.0,3.0,4.0,6.0,0.5328999999999998,0.5621,1.095,1.1242,28.09,59.88999999999999,87.98,119.78,0.0,0.8900000000000002,0.8900000000000002,1.7800000000000005,0.0,2.0,2.0,4.0,0.0,0.0,0.0,0.0,0.0,-2.0,-2.0,-4.0,0.0,-0.04,-0.04,-0.08,0.0,-6.000000000000001,-6.000000000000001,-12.000000000000002,9.781600000000005,7.973,15.946,30.797666666666668,445.0,120.0,240.0,380.0,1.0,1.0,2.0,4.0,1.0,3.0,6.0,10.0,1.03335,0.7815499999999999,1.5630999999999995,2.7202,251.13333333333333,177.03333333333333,354.06666666666666,601.71139,0.0,0.576666666666667,1.153333333333334,2.656666666666668,0.0,14.0,28.0,61.0,0.0,0.0,0.0,0.0,0.0,-2.0,-4.0,-6.0,0.0,0.2449999999999999,0.4899999999999999,1.38,0.0,4.366666666666665,8.73333333333333,24.259556666666658,4791.32,0.925674,887.777,1852.89,2001.66,0.0,0.0,0.0,764.694,0.1596,0.172415,0.0,0.0,0.0,2263.9,0.4725,0.510439,0.0,0.0,0.0,10.06126,4.37138,10.06126
DB1-Uio66Zr-irmof20_A_No3,0.015,10.84552,486.6785999999997,920.8192000000006,4251.559199999997,4714.176000000003,12084.0,33088.0,72384.0,91776.0,54.0,152.0,432.0,672.0,632.0,2336.0,4812.0,6360.0,38.94480000000001,137.06480000000013,306.56640000000027,470.5872000000002,1.7689,36.60160000000001,26.493600000000004,105.06999999999998,1600.0,2560.0,7440.0,7360.0,1.0,8.0,10.0,24.0,64.0,176.0,368.0,464.0,2.3716000000000004,8.9936,15.369200000000005,27.22720000000001,0.0,-16.88,-6.619999999999998,-47.07999999999999,0.0,256.0,214.0,776.0,0.0,0.0,0.0,0.0,0.0,42.0,34.0,134.0,0.0,6.480000000000003,5.420000000000001,19.28,130.19039999999998,244.035,387.1984,393.3198,3506.0,2496.0,4432.0,8968.0,16.0,34.0,52.0,52.0,86.0,210.0,292.0,238.0,11.5548,22.591800000000003,35.703599999999994,40.3014,11.8336,8.771999999999998,20.605599999999995,17.647199999999998,64.0,48.0,112.0,176.0,1.0,1.0,2.0,2.0,1.0,3.0,4.0,5.0,0.5328999999999998,0.5621,1.095,1.3067000000000002,28.09,59.88999999999999,87.98,162.71,0.0,0.8900000000000002,0.8900000000000002,1.75,0.0,2.0,2.0,-6.0,0.0,0.0,0.0,0.0,0.0,-2.0,-2.0,-3.0,0.0,-0.04,-0.04,-0.33,0.0,-6.000000000000001,-6.000000000000001,-20.1,7.709,10.353,20.706,38.3145,740.5,201.0,402.0,1634.0,1.0,1.5,3.0,5.0,2.5,7.5,15.0,14.0,1.17,1.2242999999999995,2.4485999999999994,4.8609,408.6799999999999,337.86999999999995,675.7399999999999,1452.7099999999998,0.0,0.2350000000000003,0.4700000000000006,-0.4349999999999996,0.0,24.5,49.0,42.0,0.0,0.0,0.0,0.0,0.0,-2.0,-4.0,-1.5,0.0,0.435,0.87,0.785,0.0,12.95,25.9,27.849999999999994,3163.9,1.56587,0.0,0.0,0.0,366.825,1159.41,740.427,0.0,0.0,0.0,254.883,0.08056,0.0514476,0.0,0.0,0.0,1042.5,0.3295,0.210427,8.33703,3.56568,8.33703
DB1-Uio66Zr-irmof20_A_No3,0.15,79.36499,486.6785999999997,920.8192000000006,4251.559199999997,4714.176000000003,12084.0,33088.0,72384.0,91776.0,54.0,152.0,432.0,672.0,632.0,2336.0,4812.0,6360.0,38.94480000000001,137.06480000000013,306.56640000000027,470.5872000000002,1.7689,36.60160000000001,26.493600000000004,105.06999999999998,1600.0,2560.0,7440.0,7360.0,1.0,8.0,10.0,24.0,64.0,176.0,368.0,464.0,2.3716000000000004,8.9936,15.369200000000005,27.22720000000001,0.0,-16.88,-6.619999999999998,-47.07999999999999,0.0,256.0,214.0,776.0,0.0,0.0,0.0,0.0,0.0,42.0,34.0,134.0,0.0,6.480000000000003,5.420000000000001,19.28,130.19039999999998,244.035,387.1984,393.3198,3506.0,2496.0,4432.0,8968.0,16.0,34.0,52.0,52.0,86.0,210.0,292.0,238.0,11.5548,22.591800000000003,35.703599999999994,40.3014,11.8336,8.771999999999998,20.605599999999995,17.647199999999998,64.0,48.0,112.0,176.0,1.0,1.0,2.0,2.0,1.0,3.0,4.0,5.0,0.5328999999999998,0.5621,1.095,1.3067000000000002,28.09,59.88999999999999,87.98,162.71,0.0,0.8900000000000002,0.8900000000000002,1.75,0.0,2.0,2.0,-6.0,0.0,0.0,0.0,0.0,0.0,-2.0,-2.0,-3.0,0.0,-0.04,-0.04,-0.33,0.0,-6.000000000000001,-6.000000000000001,-20.1,7.709,10.353,20.706,38.3145,740.5,201.0,402.0,1634.0,1.0,1.5,3.0,5.0,2.5,7.5,15.0,14.0,1.17,1.2242999999999995,2.4485999999999994,4.8609,408.6799999999999,337.86999999999995,675.7399999999999,1452.7099999999998,0.0,0.2350000000000003,0.4700000000000006,-0.4349999999999996,0.0,24.5,49.0,42.0,0.0,0.0,0.0,0.0,0.0,-2.0,-4.0,-1.5,0.0,0.435,0.87,0.785,0.0,12.95,25.9,27.849999999999994,3163.9,1.56587,0.0,0.0,0.0,366.825,1159.41,740.427,0.0,0.0,0.0,254.883,0.08056,0.0514476,0.0,0.0,0.0,1042.5,0.3295,0.210427,8.33703,3.56568,8.33703
DB1-Uio66Zr-irmof20_A-imdb_No7,0.015,15.717435,486.6785999999997,920.8192000000006,4251.559199999997,4714.176000000003,12084.0,33088.0,72384.0,91776.0,54.0,152.0,432.0,672.0,632.0,2336.0,4812.0,6360.0,38.94480000000001,137.06480000000013,306.56640000000027,470.5872000000002,1.7688999999999997,36.60160000000001,26.49360000000001,105.06999999999996,1600.0,2560.0,7440.0,7360.0,1.0,8.0,10.0,24.0,64.0,176.0,368.0,464.0,2.3716000000000004,8.9936,15.369200000000005,27.22720000000002,0.0,-16.88,-6.62,-47.07999999999999,0.0,256.0,214.0,776.0,0.0,0.0,0.0,0.0,0.0,42.0,34.0,134.0,0.0,6.480000000000003,5.420000000000001,19.28,132.63840000000002,246.0749999999999,391.2783999999999,401.5277999999999,1634.0,2064.0,3568.0,5800.0,16.0,34.0,52.0,52.0,86.0,210.0,292.0,238.0,10.915800000000004,22.129799999999992,34.7796,38.15339999999999,11.833599999999995,8.771999999999995,20.60559999999999,17.647199999999998,64.0,48.0,112.0,176.0,1.0,1.0,2.0,2.0,1.0,3.0,4.0,5.0,0.5328999999999998,0.5621000000000003,1.095,1.3066999999999998,28.09,59.89000000000001,87.98,162.71,0.0,0.8900000000000003,0.8900000000000003,1.75,0.0,2.0,2.0,-6.0,0.0,0.0,0.0,0.0,0.0,-2.0,-2.0,-3.0,0.0,-0.04,-0.04,-0.33,0.0,-6.000000000000001,-6.000000000000001,-20.100000000000005,8.321,10.608,21.216,39.85649999999999,272.5,147.0,294.0,950.0,1.0,1.5,3.0,5.0,2.5,7.5,15.0,14.0,1.0102499999999996,1.1665500000000004,2.333100000000001,4.439400000000001,294.7600000000001,301.71000000000004,603.4200000000001,1132.07,0.0,0.3350000000000006,0.6700000000000012,-0.2349999999999994,0.0,15.5,31.0,24.0,0.0,0.0,0.0,0.0,0.0,-2.0,-4.0,-1.5,0.0,0.3600000000000001,0.7200000000000002,0.6349999999999999,0.0,9.749999999999998,19.5,21.449999999999992,6327.81,1.28591,893.598,1412.18,1098.2,0.0,0.0,0.0,595.32,0.09408,0.0731624,0.0,0.0,0.0,2217.9,0.3505,0.27257,0.0,0.0,0.0,8.34579,4.04166,8.33537
DB1-Uio66Zr-irmof20_A-imdb_No7,0.15,76.047775,486.6785999999997,920.8192000000006,4251.559199999997,4714.176000000003,12084.0,33088.0,72384.0,91776.0,54.0,152.0,432.0,672.0,632.0,2336.0,4812.0,6360.0,38.94480000000001,137.06480000000013,306.56640000000027,470.5872000000002,1.7688999999999997,36.60160000000001,26.49360000000001,105.06999999999996,1600.0,2560.0,7440.0,7360.0,1.0,8.0,10.0,24.0,64.0,176.0,368.0,464.0,2.3716000000000004,8.9936,15.369200000000005,27.22720000000002,0.0,-16.88,-6.62,-47.07999999999999,0.0,256.0,214.0,776.0,0.0,0.0,0.0,0.0,0.0,42.0,34.0,134.0,0.0,6.480000000000003,5.420000000000001,19.28,132.63840000000002,246.0749999999999,391.2783999999999,401.5277999999999,1634.0,2064.0,3568.0,5800.0,16.0,34.0,52.0,52.0,86.0,210.0,292.0,238.0,10.915800000000004,22.129799999999992,34.7796,38.15339999999999,11.833599999999995,8.771999999999995,20.60559999999999,17.647199999999998,64.0,48.0,112.0,176.0,1.0,1.0,2.0,2.0,1.0,3.0,4.0,5.0,0.5328999999999998,0.5621000000000003,1.095,1.3066999999999998,28.09,59.89000000000001,87.98,162.71,0.0,0.8900000000000003,0.8900000000000003,1.75,0.0,2.0,2.0,-6.0,0.0,0.0,0.0,0.0,0.0,-2.0,-2.0,-3.0,0.0,-0.04,-0.04,-0.33,0.0,-6.000000000000001,-6.000000000000001,-20.100000000000005,8.321,10.608,21.216,39.85649999999999,272.5,147.0,294.0,950.0,1.0,1.5,3.0,5.0,2.5,7.5,15.0,14.0,1.0102499999999996,1.1665500000000004,2.333100000000001,4.439400000000001,294.7600000000001,301.71000000000004,603.4200000000001,1132.07,0.0,0.3350000000000006,0.6700000000000012,-0.2349999999999994,0.0,15.5,31.0,24.0,0.0,0.0,0.0,0.0,0.0,-2.0,-4.0,-1.5,0.0,0.3600000000000001,0.7200000000000002,0.6349999999999999,0.0,9.749999999999998,19.5,21.449999999999992,6327.81,1.28591,893.598,1412.18,1098.2,0.0,0.0,0.0,595.32,0.09408,0.0731624,0.0,0.0,0.0,2217.9,0.3505,0.27257,0.0,0.0,0.0,8.34579,4.04166,8.33537
DB1-Uio66Zr-BDC_A-irmof6_A_No424,0.015,97.646965,486.6785999999997,920.8192000000006,4251.559199999997,4714.176000000003,12084.0,33088.0,72384.0,91776.0,54.0,152.0,432.0,672.0,632.0,2336.0,4812.0,6360.0,38.94480000000001,137.06480000000013,306.56640000000027,470.5872000000002,1.7689,36.60160000000001,26.493600000000004,105.06999999999998,1600.0,2560.0,7440.0,7360.0,1.0,8.0,10.0,24.0,64.0,176.0,368.0,464.0,2.3716000000000004,8.9936,15.369200000000005,27.22720000000001,0.0,-16.88,-6.619999999999998,-47.07999999999999,0.0,256.0,214.0,776.0,0.0,0.0,0.0,0.0,0.0,42.0,34.0,134.0,0.0,6.480000000000003,5.420000000000001,19.28,133.66376666666667,248.5138333333333,379.1710666666666,451.2118666666667,1021.6666666666666,1267.3333333333333,1934.6666666666667,2554.6666666666665,17.5,35.333333333333336,53.0,65.0,89.0,217.0,293.0,303.6666666666667,8.497316666666666,18.352666666666668,26.495833333333334,30.323066666666666,11.8336,8.771999999999998,20.605599999999995,17.543999999999997,64.0,48.0,112.0,96.0,1.0,1.0,2.0,2.0,1.0,3.0,4.0,6.0,0.5328999999999998,0.5621,1.095,1.1242,28.09,59.88999999999999,87.98,119.78,0.0,0.8900000000000002,0.8900000000000002,1.7800000000000005,0.0,2.0,2.0,4.0,0.0,0.0,0.0,0.0,0.0,-2.0,-2.0,-4.0,0.0,-0.04,-0.04,-0.08,0.0,-6.000000000000001,-6.000000000000001,-12.000000000000002,11.321599999999998,14.874666666666668,17.136,33.47093333333333,257.5,81.66666666666667,150.0,435.8333333333333,1.0,1.8333333333333333,2.0,4.0,3.5,7.166666666666667,11.0,18.33333333333333,0.6606833333333332,0.8398,1.2294333333333334,2.285833333333333,96.90833333333336,109.36473583333334,178.91666666666666,361.7814025,0.0,1.843333333333333,1.6200000000000003,3.4633333333333334,0.0,12.333333333333334,13.0,25.33333333333333,0.0,0.0,0.0,0.0,0.0,-0.3333333333333333,-2.333333333333333,-2.6666666666666665,0.0,0.3283333333333333,0.0566666666666665,0.3849999999999998,0.0,-2.722591666666668,-6.766666666666668,-9.489258333333336,2235.84,1.43182,0.0,0.0,0.0,221.33,989.917,691.367,0.0,0.0,0.0,114.743,0.05132,0.0358424,0.0,0.0,0.0,671.871,0.3005,0.209872,7.31796,3.56484,7.31327
DB1-Uio66Zr-BDC_A-irmof6_A_No424,0.15,143.565025,486.6785999999997,920.8192000000006,4251.559199999997,4714.176000000003,12084.0,33088.0,72384.0,91776.0,54.0,152.0,432.0,672.0,632.0,2336.0,4812.0,6360.0,38.94480000000001,137.06480000000013,306.56640000000027,470.5872000000002,1.7689,36.60160000000001,26.493600000000004,105.06999999999998,1600.0,2560.0,7440.0,7360.0,1.0,8.0,10.0,24.0,64.0,176.0,368.0,464.0,2.3716000000000004,8.9936,15.369200000000005,27.22720000000001,0.0,-16.88,-6.619999999999998,-47.07999999999999,0.0,256.0,214.0,776.0,0.0,0.0,0.0,0.0,0.0,42.0,34.0,134.0,0.0,6.480000000000003,5.420000000000001,19.28,133.66376666666667,248.5138333333333,379.1710666666666,451.2118666666667,1021.6666666666666,1267.3333333333333,1934.6666666666667,2554.6666666666665,17.5,35.333333333333336,53.0,65.0,89.0,217.0,293.0,303.6666666666667,8.497316666666666,18.352666666666668,26.495833333333334,30.323066666666666,11.8336,8.771999999999998,20.605599999999995,17.543999999999997,64.0,48.0,112.0,96.0,1.0,1.0,2.0,2.0,1.0,3.0,4.0,6.0,0.5328999999999998,0.5621,1.095,1.1242,28.09,59.88999999999999,87.98,119.78,0.0,0.8900000000000002,0.8900000000000002,1.7800000000000005,0.0,2.0,2.0,4.0,0.0,0.0,0.0,0.0,0.0,-2.0,-2.0,-4.0,0.0,-0.04,-0.04,-0.08,0.0,-6.000000000000001,-6.000000000000001,-12.000000000000002,11.321599999999998,14.874666666666668,17.136,33.47093333333333,257.5,81.66666666666667,150.0,435.8333333333333,1.0,1.8333333333333333,2.0,4.0,3.5,7.166666666666667,11.0,18.33333333333333,0.6606833333333332,0.8398,1.2294333333333334,2.285833333333333,96.90833333333336,109.36473583333334,178.91666666666666,361.7814025,0.0,1.843333333333333,1.6200000000000003,3.4633333333333334,0.0,12.333333333333334,13.0,25.33333333333333,0.0,0.0,0.0,0.0,0.0,-0.3333333333333333,-2.333333333333333,-2.6666666666666665,0.0,0.3283333333333333,0.0566666666666665,0.3849999999999998,0.0,-2.722591666666668,-6.766666666666668,-9.489258333333336,2235.84,1.43182,0.0,0.0,0.0,221.33,989.917,691.367,0.0,0.0,0.0,114.743,0.05132,0.0358424,0.0,0.0,0.0,671.871,0.3005,0.209872,7.31796,3.56484,7.31327
DB1-Uio66Zr-BDC_A-irmof7_A_No25,0.015,134.980875,486.6785999999997,920.8192000000006,4251.559199999997,4714.176000000003,12084.0,33088.0,72384.0,91776.0,54.0,152.0,432.0,672.0,632.0,2336.0,4812.0,6360.0,38.94480000000001,137.06480000000013,306.56640000000027,470.5872000000002,1.7689,36.60160000000001,26.493600000000004,105.06999999999998,1600.0,2560.0,7440.0,7360.0,1.0,8.0,10.0,24.0,64.0,176.0,368.0,464.0,2.3716000000000004,8.9936,15.369200000000005,27.22720000000001,0.0,-16.88,-6.619999999999998,-47.07999999999999,0.0,256.0,214.0,776.0,0.0,0.0,0.0,0.0,0.0,42.0,34.0,134.0,0.0,6.480000000000003,5.420000000000001,19.28,144.38539999999998,269.44016666666664,401.9204,498.0495,679.0,1238.6666666666667,1860.0,2044.0,18.666666666666668,37.66666666666666,55.333333333333336,70.33333333333333,93.0,225.66666666666663,314.0,341.0,8.751466666666666,19.26483333333334,27.803400000000007,32.43983333333333,11.8336,8.771999999999998,20.605599999999995,17.543999999999997,64.0,48.0,112.0,96.0,1.0,1.0,2.0,2.0,1.0,3.0,4.0,6.0,0.5328999999999998,0.5621,1.095,1.1242,28.09,59.88999999999999,87.98,119.78,0.0,0.8900000000000002,0.8900000000000002,1.7800000000000005,0.0,2.0,2.0,4.0,0.0,0.0,0.0,0.0,0.0,-2.0,-2.0,-4.0,0.0,-0.04,-0.04,-0.08,0.0,-6.000000000000001,-6.000000000000001,-12.000000000000002,9.861333333333333,13.616666666666667,14.619999999999996,28.236666666666665,53.333333333333336,46.66666666666666,80.0,126.66666666666669,0.8333333333333334,1.6666666666666667,1.6666666666666667,3.333333333333333,3.333333333333333,6.666666666666667,10.0,16.666666666666668,0.4440833333333332,0.6935000000000001,0.9368333333333334,1.6303333333333334,23.40833333333333,69.81473583333333,99.81666666666666,169.6314025,0.0,1.7749999999999997,1.4833333333333336,3.2583333333333333,0.0,7.5,3.333333333333333,10.833333333333334,0.0,0.0,0.0,0.0,0.0,0.0,-1.6666666666666667,-1.6666666666666667,0.0,0.2666666666666666,-0.0666666666666667,0.1999999999999998,0.0,-4.339258333333334,-10.000000000000002,-14.339258333333335,2235.84,1.39189,0.0,0.0,0.0,217.321,971.987,698.324,0.0,0.0,0.0,99.9869,0.04472,0.0321291,0.0,0.0,0.0,623.8,0.279,0.200447,7.04707,3.33358,7.04707
DB1-Uio66Zr-BDC_A-irmof7_A_No25,0.15,176.515375,486.6785999999997,920.8192000000006,4251.559199999997,4714.176000000003,12084.0,33088.0,72384.0,91776.0,54.0,152.0,432.0,672.0,632.0,2336.0,4812.0,6360.0,38.94480000000001,137.06480000000013,306.56640000000027,470.5872000000002,1.7689,36.60160000000001,26.493600000000004,105.06999999999998,1600.0,2560.0,7440.0,7360.0,1.0,8.0,10.0,24.0,64.0,176.0,368.0,464.0,2.3716000000000004,8.9936,15.369200000000005,27.22720000000001,0.0,-16.88,-6.619999999999998,-47.07999999999999,0.0,256.0,214.0,776.0,0.0,0.0,0.0,0.0,0.0,42.0,34.0,134.0,0.0,6.480000000000003,5.420000000000001,19.28,144.38539999999998,269.44016666666664,401.9204,498.0495,679.0,1238.6666666666667,1860.0,2044.0,18.666666666666668,37.66666666666666,55.333333333333336,70.33333333333333,93.0,225.66666666666663,314.0,341.0,8.751466666666666,19.26483333333334,27.803400000000007,32.43983333333333,11.8336,8.771999999999998,20.605599999999995,17.543999999999997,64.0,48.0,112.0,96.0,1.0,1.0,2.0,2.0,1.0,3.0,4.0,6.0,0.5328999999999998,0.5621,1.095,1.1242,28.09,59.88999999999999,87.98,119.78,0.0,0.8900000000000002,0.8900000000000002,1.7800000000000005,0.0,2.0,2.0,4.0,0.0,0.0,0.0,0.0,0.0,-2.0,-2.0,-4.0,0.0,-0.04,-0.04,-0.08,0.0,-6.000000000000001,-6.000000000000001,-12.000000000000002,9.861333333333333,13.616666666666667,14.619999999999996,28.236666666666665,53.333333333333336,46.66666666666666,80.0,126.66666666666669,0.8333333333333334,1.6666666666666667,1.6666666666666667,3.333333333333333,3.333333333333333,6.666666666666667,10.0,16.666666666666668,0.4440833333333332,0.6935000000000001,0.9368333333333334,1.6303333333333334,23.40833333333333,69.81473583333333,99.81666666666666,169.6314025,0.0,1.7749999999999997,1.4833333333333336,3.2583333333333333,0.0,7.5,3.333333333333333,10.833333333333334,0.0,0.0,0.0,0.0,0.0,0.0,-1.6666666666666667,-1.6666666666666667,0.0,0.2666666666666666,-0.0666666666666667,0.1999999999999998,0.0,-4.339258333333334,-10.000000000000002,-14.339258333333335,2235.84,1.39189,0.0,0.0,0.0,217.321,971.987,698.324,0.0,0.0,0.0,99.9869,0.04472,0.0321291,0.0,0.0,0.0,623.8,0.279,0.200447,7.04707,3.33358,7.04707
DB1-Uio66Zr-BDC_A-irmof6_A_No413,0.015,155.029555,486.6785999999997,920.8192000000006,4251.559199999997,4714.176000000003,12084.0,33088.0,72384.0,91776.0,54.0,152.0,432.0,672.0,632.0,2336.0,4812.0,6360.0,38.94480000000001,137.06480000000013,306.56640000000027,470.5872000000002,1.7689,36.60160000000001,26.493600000000004,105.06999999999998,1600.0,2560.0,7440.0,7360.0,1.0,8.0,10.0,24.0,64.0,176.0,368.0,464.0,2.3716000000000004,8.9936,15.369200000000005,27.22720000000001,0.0,-16.88,-6.619999999999998,-47.07999999999999,0.0,256.0,214.0,776.0,0.0,0.0,0.0,0.0,0.0,42.0,34.0,134.0,0.0,6.480000000000003,5.420000000000001,19.28,173.95469999999997,313.88156666666663,480.12293333333326,565.9659999999999,883.0,1590.6666666666667,2363.333333333333,2619.0,20.33333333333333,41.0,62.333333333333336,76.33333333333333,104.0,252.66666666666663,347.6666666666667,394.3333333333333,10.3999,22.1331,32.52823333333333,38.170300000000005,11.8336,8.771999999999998,20.605599999999995,17.543999999999997,64.0,48.0,112.0,96.0,1.0,1.0,2.0,2.0,1.0,3.0,4.0,6.0,0.5328999999999998,0.5621,1.095,1.1242,28.09,59.88999999999999,87.98,119.78,0.0,0.8900000000000002,0.8900000000000002,1.7800000000000005,0.0,2.0,2.0,4.0,0.0,0.0,0.0,0.0,0.0,-2.0,-2.0,-4.0,0.0,-0.04,-0.04,-0.08,0.0,-6.000000000000001,-6.000000000000001,-12.000000000000002,10.9696,16.527466666666665,18.905066666666663,21.677333333333333,59.0,88.66666666666667,102.66666666666669,108.33333333333331,1.0,1.6666666666666667,2.0,2.6666666666666665,3.6666666666666665,7.0,8.666666666666666,14.0,0.5427666666666666,0.9225,1.115,1.4194666666666669,36.98,80.16666666666669,114.40000000000002,174.59087133333333,0.0,0.1633333333333334,0.9200000000000004,1.956666666666667,0.0,0.3333333333333333,2.0,5.666666666666667,0.0,0.0,0.0,0.0,0.0,0.0,-1.3333333333333333,-2.0,0.0,-0.0066666666666666,-0.04,0.0533333333333332,0.0,-1.3,-6.600000000000001,-10.935703333333336,2235.84,1.62283,0.0,0.0,0.0,144.019,644.136,396.922,0.0,0.0,0.0,75.9292,0.03396,0.0209264,0.0,0.0,0.0,481.824,0.2155,0.132793,7.31796,3.0421,7.30775
DB1-Uio66Zr-BDC_A-irmof6_A_No413,0.15,161.23774,486.6785999999997,920.8192000000006,4251.559199999997,4714.176000000003,12084.0,33088.0,72384.0,91776.0,54.0,152.0,432.0,672.0,632.0,2336.0,4812.0,6360.0,38.94480000000001,137.06480000000013,306.56640000000027,470.5872000000002,1.7689,36.60160000000001,26.493600000000004,105.06999999999998,1600.0,2560.0,7440.0,7360.0,1.0,8.0,10.0,24.0,64.0,176.0,368.0,464.0,2.3716000000000004,8.9936,15.369200000000005,27.22720000000001,0.0,-16.88,-6.619999999999998,-47.07999999999999,0.0,256.0,214.0,776.0,0.0,0.0,0.0,0.0,0.0,42.0,34.0,134.0,0.0,6.480000000000003,5.420000000000001,19.28,173.95469999999997,313.88156666666663,480.12293333333326,565.9659999999999,883.0,1590.6666666666667,2363.333333333333,2619.0,20.33333333333333,41.0,62.333333333333336,76.33333333333333,104.0,252.66666666666663,347.6666666666667,394.3333333333333,10.3999,22.1331,32.52823333333333,38.170300000000005,11.8336,8.771999999999998,20.605599999999995,17.543999999999997,64.0,48.0,112.0,96.0,1.0,1.0,2.0,2.0,1.0,3.0,4.0,6.0,0.5328999999999998,0.5621,1.095,1.1242,28.09,59.88999999999999,87.98,119.78,0.0,0.8900000000000002,0.8900000000000002,1.7800000000000005,0.0,2.0,2.0,4.0,0.0,0.0,0.0,0.0,0.0,-2.0,-2.0,-4.0,0.0,-0.04,-0.04,-0.08,0.0,-6.000000000000001,-6.000000000000001,-12.000000000000002,10.9696,16.527466666666665,18.905066666666663,21.677333333333333,59.0,88.66666666666667,102.66666666666669,108.33333333333331,1.0,1.6666666666666667,2.0,2.6666666666666665,3.6666666666666665,7.0,8.666666666666666,14.0,0.5427666666666666,0.9225,1.115,1.4194666666666669,36.98,80.16666666666669,114.40000000000002,174.59087133333333,0.0,0.1633333333333334,0.9200000000000004,1.956666666666667,0.0,0.3333333333333333,2.0,5.666666666666667,0.0,0.0,0.0,0.0,0.0,0.0,-1.3333333333333333,-2.0,0.0,-0.0066666666666666,-0.04,0.0533333333333332,0.0,-1.3,-6.600000000000001,-10.935703333333336,2235.84,1.62283,0.0,0.0,0.0,144.019,644.136,396.922,0.0,0.0,0.0,75.9292,0.03396,0.0209264,0.0,0.0,0.0,481.824,0.2155,0.132793,7.31796,3.0421,7.30775
DB1-Uio66Zr-BDC_A-irmof6_A_No453,0.015,183.67276,252.98754999999983,472.5528000000003,2128.2785999999983,2357.0880000000016,6096.5,16616.0,36210.0,45888.0,28.5,78.0,217.0,336.0,319.0,1172.0,2407.0,3180.0,20.919750000000004,70.06540000000007,154.30730000000014,235.2936000000001,1.6534000000000002,31.854400000000016,23.065800000000003,90.774,1372.7142857142858,2197.714285714286,6379.714285714285,6313.714285714285,1.0,7.0,8.714285714285714,20.857142857142858,55.0,151.14285714285714,315.85714285714283,398.57142857142856,2.2855000000000003,7.847500000000001,13.319900000000004,23.630200000000013,0.0,-14.819999999999997,-5.898571428571428,-40.802857142857135,0.0,218.7142857142857,183.0,664.2857142857143,0.0,0.0,0.0,0.0,0.0,35.857142857142854,28.857142857142858,114.28571428571428,0.0,5.640000000000002,4.725714285714287,16.685714285714287,133.52216666666666,248.2758333333333,378.69506666666666,450.1,624.1666666666666,1145.3333333333333,1690.6666666666667,1783.0,17.5,35.333333333333336,53.0,65.0,89.0,217.0,293.0,303.6666666666667,8.175749999999999,18.0498,25.8901,29.0713,11.8336,8.771999999999998,20.430651428571423,18.477714285714285,64.0,48.0,111.08571428571427,99.2,1.0,1.0,2.0,2.1142857142857143,1.0,3.0,4.114285714285714,6.228571428571429,0.5328999999999998,0.5621,1.096668571428571,1.1717542857142855,28.09,59.88999999999999,89.79714285714286,124.56729617142857,0.0,0.8900000000000003,0.9408571428571432,1.901714285714286,0.0,2.0,2.1142857142857143,4.514285714285714,0.0,0.0,0.0,0.0,0.0,-2.0,-2.1142857142857143,-4.114285714285714,0.0,-0.04,-0.0422857142857143,-0.0617142857142857,0.0,-6.000000000000001,-6.342857142857143,-12.297549142857145,8.452571428571428,11.671428571428573,12.531428571428568,24.202857142857145,45.71428571428572,40.0,68.57142857142857,108.57142857142856,0.7142857142857143,1.4285714285714286,1.4285714285714286,2.857142857142857,2.857142857142857,5.714285714285714,8.571428571428571,14.285714285714286,0.380642857142857,0.5944285714285715,0.803,1.3974285714285717,20.06428571428572,59.84120214285714,85.55714285714285,145.398345,0.0,1.5214285714285711,1.2714285714285718,2.792857142857143,0.0,6.428571428571429,2.857142857142857,9.285714285714286,0.0,0.0,0.0,0.0,0.0,0.0,-1.4285714285714286,-1.4285714285714286,0.0,0.2285714285714285,-0.0571428571428572,0.1714285714285713,0.0,-3.719364285714286,-8.571428571428573,-12.29079285714286,2235.84,1.33092,0.0,0.0,0.0,217.25,971.67,730.073,0.0,0.0,0.0,103.52,0.0463,0.0347879,0.0,0.0,0.0,640.569,0.2865,0.215264,7.31796,3.56484,7.31796
DB1-Uio66Zr-BDC_A-irmof6_A_No453,0.15,190.998685,252.98754999999983,472.5528000000003,2128.2785999999983,2357.0880000000016,6096.5,16616.0,36210.0,45888.0,28.5,78.0,217.0,336.0,319.0,1172.0,2407.0,3180.0,20.919750000000004,70.06540000000007,154.30730000000014,235.2936000000001,1.6534000000000002,31.854400000000016,23.065800000000003,90.774,1372.7142857142858,2197.714285714286,6379.714285714285,6313.714285714285,1.0,7.0,8.714285714285714,20.857142857142858,55.0,151.14285714285714,315.85714285714283,398.57142857142856,2.2855000000000003,7.847500000000001,13.319900000000004,23.630200000000013,0.0,-14.819999999999997,-5.898571428571428,-40.802857142857135,0.0,218.7142857142857,183.0,664.2857142857143,0.0,0.0,0.0,0.0,0.0,35.857142857142854,28.857142857142858,114.28571428571428,0.0,5.640000000000002,4.725714285714287,16.685714285714287,133.52216666666666,248.2758333333333,378.69506666666666,450.1,624.1666666666666,1145.3333333333333,1690.6666666666667,1783.0,17.5,35.333333333333336,53.0,65.0,89.0,217.0,293.0,303.6666666666667,8.175749999999999,18.0498,25.8901,29.0713,11.8336,8.771999999999998,20.430651428571423,18.477714285714285,64.0,48.0,111.08571428571427,99.2,1.0,1.0,2.0,2.1142857142857143,1.0,3.0,4.114285714285714,6.228571428571429,0.5328999999999998,0.5621,1.096668571428571,1.1717542857142855,28.09,59.88999999999999,89.79714285714286,124.56729617142857,0.0,0.8900000000000003,0.9408571428571432,1.901714285714286,0.0,2.0,2.1142857142857143,4.514285714285714,0.0,0.0,0.0,0.0,0.0,-2.0,-2.1142857142857143,-4.114285714285714,0.0,-0.04,-0.0422857142857143,-0.0617142857142857,0.0,-6.000000000000001,-6.342857142857143,-12.297549142857145,8.452571428571428,11.671428571428573,12.531428571428568,24.202857142857145,45.71428571428572,40.0,68.57142857142857,108.57142857142856,0.7142857142857143,1.4285714285714286,1.4285714285714286,2.857142857142857,2.857142857142857,5.714285714285714,8.571428571428571,14.285714285714286,0.380642857142857,0.5944285714285715,0.803,1.3974285714285717,20.06428571428572,59.84120214285714,85.55714285714285,145.398345,0.0,1.5214285714285711,1.2714285714285718,2.792857142857143,0.0,6.428571428571429,2.857142857142857,9.285714285714286,0.0,0.0,0.0,0.0,0.0,0.0,-1.4285714285714286,-1.4285714285714286,0.0,0.2285714285714285,-0.0571428571428572,0.1714285714285713,0.0,-3.719364285714286,-8.571428571428573,-12.29079285714286,2235.84,1.33092,0.0,0.0,0.0,217.25,971.67,730.073,0.0,0.0,0.0,103.52,0.0463,0.0347879,0.0,0.0,0.0,640.569,0.2865,0.215264,7.31796,3.56484,7.31796
DB1-Uio66Zr-irmof10_A-irmof14_A_No173,0.015,9.86993,175.09053333333327,323.13066666666657,1420.5184000000006,1571.3920000000005,4100.666666666667,11125.333333333334,24152.0,30592.0,20.0,53.333333333333336,145.33333333333334,224.0,214.66666666666663,784.0,1605.3333333333333,2120.0,14.911400000000016,47.73226666666671,103.55426666666672,156.86240000000006,1.5667750000000005,28.29400000000001,20.494950000000003,80.05199999999996,1202.25,1926.0,5584.5,5529.0,1.0,6.25,7.75,18.5,48.25,132.5,276.75,349.5,2.2209250000000003,6.987925000000001,11.782925000000004,20.932450000000006,0.0,-13.274999999999997,-5.357499999999998,-36.09499999999999,0.0,190.75,159.75,580.5,0.0,0.0,0.0,0.0,0.0,31.25,25.0,99.5,0.0,5.0100000000000025,4.205000000000001,14.740000000000002,192.3316,378.28399999999993,603.6764,761.0379999999999,1293.0,1980.0,3112.0,3661.3333333333335,26.666666666666668,56.0,88.0,114.0,144.0,360.0,520.0,575.3333333333334,13.460000000000004,29.80413333333334,45.38506666666668,54.74100000000001,11.8336,8.771999999999998,20.2229,19.5865,64.0,48.0,110.0,103.0,1.0,1.0,2.0,2.25,1.0,3.0,4.25,6.5,0.5328999999999998,0.5621,1.09865,1.228225,28.09,59.88999999999999,91.955,130.25221037499998,0.0,0.8900000000000003,1.0012500000000004,2.046250000000001,0.0,2.0,2.25,5.125,0.0,0.0,0.0,0.0,0.0,-2.0,-2.25,-4.25,0.0,-0.04,-0.045,-0.04,0.0,-6.000000000000001,-6.750000000000001,-12.650888750000002,6.241000000000001,5.03625,10.0725,19.45375,180.625,63.75,127.5,201.875,0.625,0.625,1.25,2.5,0.625,1.875,3.75,6.25,0.6125625,0.4764374999999999,0.952875,1.65825,133.225,103.1125,206.225,350.46487875,0.0,0.3812500000000002,0.7625000000000004,1.7437500000000006,0.0,6.875,13.75,30.625,0.0,0.0,0.0,0.0,0.0,-1.25,-2.5,-3.75,0.0,0.1374999999999999,0.2749999999999999,0.8,0.0,2.062499999999999,4.124999999999998,12.495556249999996,4791.32,0.886189,939.957,1961.79,2213.74,0.0,0.0,0.0,931.528,0.19442,0.219389,0.0,0.0,0.0,2580.12,0.5385,0.607658,0.0,0.0,0.0,10.06126,6.56005,10.06126
DB1-Uio66Zr-irmof10_A-irmof14_A_No173,0.15,66.462225,175.09053333333327,323.13066666666657,1420.5184000000006,1571.3920000000005,4100.666666666667,11125.333333333334,24152.0,30592.0,20.0,53.333333333333336,145.33333333333334,224.0,214.66666666666663,784.0,1605.3333333333333,2120.0,14.911400000000016,47.73226666666671,103.55426666666672,156.86240000000006,1.5667750000000005,28.29400000000001,20.494950000000003,80.05199999999996,1202.25,1926.0,5584.5,5529.0,1.0,6.25,7.75,18.5,48.25,132.5,276.75,349.5,2.2209250000000003,6.987925000000001,11.782925000000004,20.932450000000006,0.0,-13.274999999999997,-5.357499999999998,-36.09499999999999,0.0,190.75,159.75,580.5,0.0,0.0,0.0,0.0,0.0,31.25,25.0,99.5,0.0,5.0100000000000025,4.205000000000001,14.740000000000002,192.3316,378.28399999999993,603.6764,761.0379999999999,1293.0,1980.0,3112.0,3661.3333333333335,26.666666666666668,56.0,88.0,114.0,144.0,360.0,520.0,575.3333333333334,13.460000000000004,29.80413333333334,45.38506666666668,54.74100000000001,11.8336,8.771999999999998,20.2229,19.5865,64.0,48.0,110.0,103.0,1.0,1.0,2.0,2.25,1.0,3.0,4.25,6.5,0.5328999999999998,0.5621,1.09865,1.228225,28.09,59.88999999999999,91.955,130.25221037499998,0.0,0.8900000000000003,1.0012500000000004,2.046250000000001,0.0,2.0,2.25,5.125,0.0,0.0,0.0,0.0,0.0,-2.0,-2.25,-4.25,0.0,-0.04,-0.045,-0.04,0.0,-6.000000000000001,-6.750000000000001,-12.650888750000002,6.241000000000001,5.03625,10.0725,19.45375,180.625,63.75,127.5,201.875,0.625,0.625,1.25,2.5,0.625,1.875,3.75,6.25,0.6125625,0.4764374999999999,0.952875,1.65825,133.225,103.1125,206.225,350.46487875,0.0,0.3812500000000002,0.7625000000000004,1.7437500000000006,0.0,6.875,13.75,30.625,0.0,0.0,0.0,0.0,0.0,-1.25,-2.5,-3.75,0.0,0.1374999999999999,0.2749999999999999,0.8,0.0,2.062499999999999,4.124999999999998,12.495556249999996,4791.32,0.886189,939.957,1961.79,2213.74,0.0,0.0,0.0,931.528,0.19442,0.219389,0.0,0.0,0.0,2580.12,0.5385,0.607658,0.0,0.0,0.0,10.06126,6.56005,10.06126
DB1-Uio66Zr-BDC_A-irmof6_A_No307,0.015,751.27068,61.78578181818179,105.78938181818188,391.0490181818178,428.5614545454548,1197.6363636363635,3138.909090909091,6613.090909090909,8343.272727272728,7.636363636363637,17.454545454545453,41.09090909090909,61.09090909090909,62.90909090909091,219.63636363636363,439.27272727272725,578.1818181818181,6.17198181818182,15.247709090909105,29.731672727272755,42.78065454545457,1.2635875,15.832600000000012,11.496975000000004,42.524999999999984,605.625,975.0,2801.25,2782.5,1.0,3.625,4.375,10.25,24.625,67.25,139.875,177.75,1.9949125000000003,3.979412500000002,6.403512500000004,11.490325000000007,0.0,-7.867499999999998,-3.463749999999998,-19.6175,0.0,92.875,78.375,287.25,0.0,0.0,0.0,0.0,0.0,15.125,11.5,47.75,0.0,2.805,2.3825000000000003,7.9300000000000015,135.86643333333333,241.5105,381.0410666666665,454.2965333333332,761.3333333333334,1252.0,1920.6666666666667,2228.333333333333,16.666666666666668,33.666666666666664,51.333333333333336,61.66666666666666,85.66666666666667,208.66666666666663,278.0,277.0,8.606733333333333,18.2875,26.791000000000007,30.6439,11.833599999999995,8.771999999999995,19.64884999999999,22.65025,64.0,48.0,107.0,113.50000000000004,1.0,1.0,2.0,2.625,1.0,3.0,4.625,7.249999999999998,0.5328999999999998,0.5621,1.1041250000000002,1.3842625000000006,28.08999999999999,59.88999999999999,97.9175,145.96052593750002,0.0,0.8900000000000005,1.1681250000000003,2.445625000000001,0.0,2.0,2.625,6.8125,0.0,0.0,0.0,0.0,0.0,-2.0,-2.625,-4.625,0.0,-0.04,-0.0525,0.0199999999999999,0.0,-6.000000000000001,-7.875000000000001,-13.627221875000002,0.6241000000000001,0.503625,1.00725,2.134975,18.0625,6.375,12.75,37.1875,0.0625,0.0625,0.125,0.25,0.0625,0.1875,0.375,0.625,0.06125625,0.04764375,0.0952875,0.2041874999999999,13.3225,10.31125,20.6225,44.25625,0.0,0.038125,0.07625,0.114375,0.0,0.6875,1.375,2.0625,0.0,0.0,0.0,0.0,0.0,-0.125,-0.25,-0.375,0.0,0.0137499999999999,0.0274999999999999,0.0412499999999999,0.0,0.2062499999999999,0.4124999999999998,0.6187499999999998,2235.84,1.46927,0.0,0.0,0.0,141.646,633.524,431.182,0.0,0.0,0.0,75.5715,0.0338,0.0230046,0.0,0.0,0.0,447.169,0.2,0.136122,7.31796,1.41456,7.31339
DB1-Uio66Zr-BDC_A-irmof6_A_No307,0.15,390.32769,61.78578181818179,105.78938181818188,391.0490181818178,428.5614545454548,1197.6363636363635,3138.909090909091,6613.090909090909,8343.272727272728,7.636363636363637,17.454545454545453,41.09090909090909,61.09090909090909,62.90909090909091,219.63636363636363,439.27272727272725,578.1818181818181,6.17198181818182,15.247709090909105,29.731672727272755,42.78065454545457,1.2635875,15.832600000000012,11.496975000000004,42.524999999999984,605.625,975.0,2801.25,2782.5,1.0,3.625,4.375,10.25,24.625,67.25,139.875,177.75,1.9949125000000003,3.979412500000002,6.403512500000004,11.490325000000007,0.0,-7.867499999999998,-3.463749999999998,-19.6175,0.0,92.875,78.375,287.25,0.0,0.0,0.0,0.0,0.0,15.125,11.5,47.75,0.0,2.805,2.3825000000000003,7.9300000000000015,135.86643333333333,241.5105,381.0410666666665,454.2965333333332,761.3333333333334,1252.0,1920.6666666666667,2228.333333333333,16.666666666666668,33.666666666666664,51.333333333333336,61.66666666666666,85.66666666666667,208.66666666666663,278.0,277.0,8.606733333333333,18.2875,26.791000000000007,30.6439,11.833599999999995,8.771999999999995,19.64884999999999,22.65025,64.0,48.0,107.0,113.50000000000004,1.0,1.0,2.0,2.625,1.0,3.0,4.625,7.249999999999998,0.5328999999999998,0.5621,1.1041250000000002,1.3842625000000006,28.08999999999999,59.88999999999999,97.9175,145.96052593750002,0.0,0.8900000000000005,1.1681250000000003,2.445625000000001,0.0,2.0,2.625,6.8125,0.0,0.0,0.0,0.0,0.0,-2.0,-2.625,-4.625,0.0,-0.04,-0.0525,0.0199999999999999,0.0,-6.000000000000001,-7.875000000000001,-13.627221875000002,0.6241000000000001,0.503625,1.00725,2.134975,18.0625,6.375,12.75,37.1875,0.0625,0.0625,0.125,0.25,0.0625,0.1875,0.375,0.625,0.06125625,0.04764375,0.0952875,0.2041874999999999,13.3225,10.31125,20.6225,44.25625,0.0,0.038125,0.07625,0.114375,0.0,0.6875,1.375,2.0625,0.0,0.0,0.0,0.0,0.0,-0.125,-0.25,-0.375,0.0,0.0137499999999999,0.0274999999999999,0.0412499999999999,0.0,0.2062499999999999,0.4124999999999998,0.6187499999999998,2235.84,1.46927,0.0,0.0,0.0,141.646,633.524,431.182,0.0,0.0,0.0,75.5715,0.0338,0.0230046,0.0,0.0,0.0,447.169,0.2,0.136122,7.31796,1.41456,7.31339
DB1-Uio66Zr-BDC_A-irmof7_A_No155,0.015,142.800525,486.6785999999997,920.8192000000006,4251.559199999997,4714.176000000003,12084.0,33088.0,72384.0,91776.0,54.0,152.0,432.0,672.0,632.0,2336.0,4812.0,6360.0,38.94480000000001,137.06480000000013,306.56640000000027,470.5872000000002,1.7689,36.60160000000001,26.493600000000004,105.06999999999998,1600.0,2560.0,7440.0,7360.0,1.0,8.0,10.0,24.0,64.0,176.0,368.0,464.0,2.3716000000000004,8.9936,15.369200000000005,27.22720000000001,0.0,-16.88,-6.619999999999998,-47.07999999999999,0.0,256.0,214.0,776.0,0.0,0.0,0.0,0.0,0.0,42.0,34.0,134.0,0.0,6.480000000000003,5.420000000000001,19.28,136.8398,252.06016666666665,386.2124,467.6772333333333,855.0,1298.6666666666667,2000.0,2270.0,17.666666666666668,35.666666666666664,53.333333333333336,66.33333333333333,89.0,215.66666666666663,296.0,308.3333333333333,8.921233333333332,18.965900000000005,27.71613333333333,32.13036666666667,11.8336,8.771999999999998,20.605599999999995,17.543999999999997,64.0,48.0,112.0,96.0,1.0,1.0,2.0,2.0,1.0,3.0,4.0,6.0,0.5328999999999998,0.5621,1.095,1.1242,28.09,59.88999999999999,87.98,119.78,0.0,0.8900000000000002,0.8900000000000002,1.7800000000000005,0.0,2.0,2.0,4.0,0.0,0.0,0.0,0.0,0.0,-2.0,-2.0,-4.0,0.0,-0.04,-0.04,-0.08,0.0,-6.000000000000001,-6.000000000000001,-12.000000000000002,10.2936,9.438333333333334,16.354,32.196266666666666,251.5,94.33333333333331,186.0,300.5,1.0,1.1666666666666667,2.0,4.0,1.5,3.8333333333333335,7.0,11.666666666666666,0.9055666666666666,0.77395,1.4578666666666666,2.5565333333333333,182.31500000000003,151.44628050000003,294.93,498.91297858333337,0.0,0.8633333333333336,1.313333333333334,2.799166666666668,0.0,10.666666666666666,19.0,42.25,0.0,0.0,0.0,0.0,0.0,-1.6666666666666667,-3.6666666666666665,-5.333333333333333,0.0,0.2366666666666666,0.3533333333333333,1.08,0.0,1.882148333333332,3.499999999999998,14.226815833333328,2235.84,1.4485,0.0,0.0,0.0,225.415,1008.19,696.021,0.0,0.0,0.0,97.4827,0.0436,0.0301001,0.0,0.0,0.0,610.385,0.273,0.188471,6.32717,3.5112,6.27074
DB1-Uio66Zr-BDC_A-irmof7_A_No155,0.15,143.37921,486.6785999999997,920.8192000000006,4251.559199999997,4714.176000000003,12084.0,33088.0,72384.0,91776.0,54.0,152.0,432.0,672.0,632.0,2336.0,4812.0,6360.0,38.94480000000001,137.06480000000013,306.56640000000027,470.5872000000002,1.7689,36.60160000000001,26.493600000000004,105.06999999999998,1600.0,2560.0,7440.0,7360.0,1.0,8.0,10.0,24.0,64.0,176.0,368.0,464.0,2.3716000000000004,8.9936,15.369200000000005,27.22720000000001,0.0,-16.88,-6.619999999999998,-47.07999999999999,0.0,256.0,214.0,776.0,0.0,0.0,0.0,0.0,0.0,42.0,34.0,134.0,0.0,6.480000000000003,5.420000000000001,19.28,136.8398,252.06016666666665,386.2124,467.6772333333333,855.0,1298.6666666666667,2000.0,2270.0,17.666666666666668,35.666666666666664,53.333333333333336,66.33333333333333,89.0,215.66666666666663,296.0,308.3333333333333,8.921233333333332,18.965900000000005,27.71613333333333,32.13036666666667,11.8336,8.771999999999998,20.605599999999995,17.543999999999997,64.0,48.0,112.0,96.0,1.0,1.0,2.0,2.0,1.0,3.0,4.0,6.0,0.5328999999999998,0.5621,1.095,1.1242,28.09,59.88999999999999,87.98,119.78,0.0,0.8900000000000002,0.8900000000000002,1.7800000000000005,0.0,2.0,2.0,4.0,0.0,0.0,0.0,0.0,0.0,-2.0,-2.0,-4.0,0.0,-0.04,-0.04,-0.08,0.0,-6.000000000000001,-6.000000000000001,-12.000000000000002,10.2936,9.438333333333334,16.354,32.196266666666666,251.5,94.33333333333331,186.0,300.5,1.0,1.1666666666666667,2.0,4.0,1.5,3.8333333333333335,7.0,11.666666666666666,0.9055666666666666,0.77395,1.4578666666666666,2.5565333333333333,182.31500000000003,151.44628050000003,294.93,498.91297858333337,0.0,0.8633333333333336,1.313333333333334,2.799166666666668,0.0,10.666666666666666,19.0,42.25,0.0,0.0,0.0,0.0,0.0,-1.6666666666666667,-3.6666666666666665,-5.333333333333333,0.0,0.2366666666666666,0.3533333333333333,1.08,0.0,1.882148333333332,3.499999999999998,14.226815833333328,2235.84,1.4485,0.0,0.0,0.0,225.415,1008.19,696.021,0.0,0.0,0.0,97.4827,0.0436,0.0301001,0.0,0.0,0.0,610.385,0.273,0.188471,6.32717,3.5112,6.27074
DB1-Uio66Zr-BDC_A-irmof6_A_No408,0.015,174.789075,486.6785999999997,920.8192000000006,4251.559199999997,4714.176000000003,12084.0,33088.0,72384.0,91776.0,54.0,152.0,432.0,672.0,632.0,2336.0,4812.0,6360.0,38.94480000000001,137.06480000000013,306.56640000000027,470.5872000000002,1.7689,36.60160000000001,26.493600000000004,105.06999999999998,1600.0,2560.0,7440.0,7360.0,1.0,8.0,10.0,24.0,64.0,176.0,368.0,464.0,2.3716000000000004,8.9936,15.369200000000005,27.22720000000001,0.0,-16.88,-6.619999999999998,-47.07999999999999,0.0,256.0,214.0,776.0,0.0,0.0,0.0,0.0,0.0,42.0,34.0,134.0,0.0,6.480000000000003,5.420000000000001,19.28,173.97043333333332,316.5411666666667,482.4650666666666,572.2232,870.3333333333334,1574.6666666666667,2342.6666666666665,2621.0,20.666666666666668,41.66666666666666,63.333333333333336,77.66666666666667,105.66666666666669,256.6666666666667,354.0,406.3333333333333,10.384466666666668,22.235633333333336,32.64206666666667,38.56816666666668,11.8336,8.771999999999998,20.605599999999995,17.543999999999997,64.0,48.0,112.0,96.0,1.0,1.0,2.0,2.0,1.0,3.0,4.0,6.0,0.5328999999999998,0.5621,1.095,1.1242,28.09,59.88999999999999,87.98,119.78,0.0,0.8900000000000002,0.8900000000000002,1.7800000000000005,0.0,2.0,2.0,4.0,0.0,0.0,0.0,0.0,0.0,-2.0,-2.0,-4.0,0.0,-0.04,-0.04,-0.08,0.0,-6.000000000000001,-6.000000000000001,-12.000000000000002,10.6816,17.29422222222222,18.338222222222225,23.48071111111111,57.333333333333336,83.22222222222223,99.55555555555556,119.44444444444444,1.0,1.888888888888889,2.0,2.888888888888889,4.555555555555555,8.333333333333334,10.22222222222222,17.666666666666668,0.5460555555555555,0.9575,1.1216666666666668,1.565388888888889,39.94333333333333,91.85976022222223,123.20666666666668,196.4290594444444,0.0,0.4977777777777779,0.9300000000000004,1.875555555555556,0.0,2.444444444444444,2.0,5.222222222222222,0.0,0.0,0.0,0.0,0.0,0.6666666666666666,-1.111111111111111,-1.6666666666666667,0.0,0.1177777777777777,-0.04,0.0344444444444443,0.0,-0.7690366666666666,-6.800000000000002,-11.063086111111112,2235.84,1.61171,0.0,0.0,0.0,146.52,655.321,406.599,0.0,0.0,0.0,76.4658,0.0342,0.0212196,0.0,0.0,0.0,489.65,0.219,0.13588,7.31796,3.0421,7.30984
DB1-Uio66Zr-BDC_A-irmof6_A_No408,0.15,192.226035,486.6785999999997,920.8192000000006,4251.559199999997,4714.176000000003,12084.0,33088.0,72384.0,91776.0,54.0,152.0,432.0,672.0,632.0,2336.0,4812.0,6360.0,38.94480000000001,137.06480000000013,306.56640000000027,470.5872000000002,1.7689,36.60160000000001,26.493600000000004,105.06999999999998,1600.0,2560.0,7440.0,7360.0,1.0,8.0,10.0,24.0,64.0,176.0,368.0,464.0,2.3716000000000004,8.9936,15.369200000000005,27.22720000000001,0.0,-16.88,-6.619999999999998,-47.07999999999999,0.0,256.0,214.0,776.0,0.0,0.0,0.0,0.0,0.0,42.0,34.0,134.0,0.0,6.480000000000003,5.420000000000001,19.28,173.97043333333332,316.5411666666667,482.4650666666666,572.2232,870.3333333333334,1574.6666666666667,2342.6666666666665,2621.0,20.666666666666668,41.66666666666666,63.333333333333336,77.66666666666667,105.66666666666669,256.6666666666667,354.0,406.3333333333333,10.384466666666668,22.235633333333336,32.64206666666667,38.56816666666668,11.8336,8.771999999999998,20.605599999999995,17.543999999999997,64.0,48.0,112.0,96.0,1.0,1.0,2.0,2.0,1.0,3.0,4.0,6.0,0.5328999999999998,0.5621,1.095,1.1242,28.09,59.88999999999999,87.98,119.78,0.0,0.8900000000000002,0.8900000000000002,1.7800000000000005,0.0,2.0,2.0,4.0,0.0,0.0,0.0,0.0,0.0,-2.0,-2.0,-4.0,0.0,-0.04,-0.04,-0.08,0.0,-6.000000000000001,-6.000000000000001,-12.000000000000002,10.6816,17.29422222222222,18.338222222222225,23.48071111111111,57.333333333333336,83.22222222222223,99.55555555555556,119.44444444444444,1.0,1.888888888888889,2.0,2.888888888888889,4.555555555555555,8.333333333333334,10.22222222222222,17.666666666666668,0.5460555555555555,0.9575,1.1216666666666668,1.565388888888889,39.94333333333333,91.85976022222223,123.20666666666668,196.4290594444444,0.0,0.4977777777777779,0.9300000000000004,1.875555555555556,0.0,2.444444444444444,2.0,5.222222222222222,0.0,0.0,0.0,0.0,0.0,0.6666666666666666,-1.111111111111111,-1.6666666666666667,0.0,0.1177777777777777,-0.04,0.0344444444444443,0.0,-0.7690366666666666,-6.800000000000002,-11.063086111111112,2235.84,1.61171,0.0,0.0,0.0,146.52,655.321,406.599,0.0,0.0,0.0,76.4658,0.0342,0.0212196,0.0,0.0,0.0,489.65,0.219,0.13588,7.31796,3.0421,7.30984
DB1-Uio66Zr-BDC_A-irmof6_A_No91,0.015,125.891395,486.6785999999997,920.8192000000008,4251.559199999996,4714.176000000004,12084.0,33088.0,72384.0,91776.0,54.0,152.0,432.0,672.0,632.0,2336.0,4812.0,6360.0,38.9448,137.06480000000008,306.5664000000001,470.58720000000017,1.7689,36.60160000000001,26.493600000000004,105.06999999999998,1600.0,2560.0,7440.0,7360.0,1.0,8.0,10.0,24.0,64.0,176.0,368.0,464.0,2.3716000000000004,8.9936,15.369200000000005,27.22720000000001,0.0,-16.88,-6.619999999999998,-47.07999999999999,0.0,256.0,214.0,776.0,0.0,0.0,0.0,0.0,0.0,42.0,34.0,134.0,0.0,6.480000000000003,5.420000000000001,19.28,136.63424999999998,259.522,413.21406666666667,471.3131666666666,796.0,1196.0,1783.6666666666667,1930.6666666666667,19.166666666666668,38.66666666666666,61.333333333333336,71.66666666666667,100.66666666666669,243.66666666666663,328.0,357.0,8.5817,19.180700000000005,27.8374,31.51556666666667,11.8336,8.771999999999998,20.605599999999995,17.543999999999997,64.0,48.0,112.0,96.0,1.0,1.0,2.0,2.0,1.0,3.0,4.0,6.0,0.5328999999999998,0.5621,1.095,1.1242,28.09,59.88999999999999,87.98,119.78,0.0,0.8900000000000002,0.8900000000000002,1.7800000000000005,0.0,2.0,2.0,4.0,0.0,0.0,0.0,0.0,0.0,-2.0,-2.0,-4.0,0.0,-0.04,-0.04,-0.08,0.0,-6.000000000000001,-6.000000000000001,-12.000000000000002,1.4602666666666666,1.2579999999999998,2.516,4.859333333333333,204.16666666666663,35.0,70.0,110.83333333333331,0.1666666666666666,0.1666666666666666,0.3333333333333333,0.6666666666666666,0.1666666666666666,0.5,1.0,1.6666666666666667,0.2166,0.1462999999999999,0.2925999999999999,0.5091999999999999,73.5,39.55,79.10000000000001,134.42488500000002,0.0,0.0683333333333333,0.1366666666666667,0.3316666666666667,0.0,4.833333333333333,9.666666666666666,20.166666666666668,0.0,0.0,0.0,0.0,0.0,-0.3333333333333333,-0.6666666666666666,-1.0,0.0,0.0616666666666666,0.1233333333333333,0.3133333333333332,0.0,1.6166666666666665,3.233333333333333,7.598814999999999,2235.84,1.36591,0.0,0.0,0.0,211.132,944.305,691.339,0.0,0.0,0.0,109.512,0.04898,0.035859,0.0,0.0,0.0,646.159,0.289,0.211581,7.31796,3.13894,7.31339
DB1-Uio66Zr-BDC_A-irmof6_A_No91,0.15,137.34266,486.6785999999997,920.8192000000008,4251.559199999996,4714.176000000004,12084.0,33088.0,72384.0,91776.0,54.0,152.0,432.0,672.0,632.0,2336.0,4812.0,6360.0,38.9448,137.06480000000008,306.5664000000001,470.58720000000017,1.7689,36.60160000000001,26.493600000000004,105.06999999999998,1600.0,2560.0,7440.0,7360.0,1.0,8.0,10.0,24.0,64.0,176.0,368.0,464.0,2.3716000000000004,8.9936,15.369200000000005,27.22720000000001,0.0,-16.88,-6.619999999999998,-47.07999999999999,0.0,256.0,214.0,776.0,0.0,0.0,0.0,0.0,0.0,42.0,34.0,134.0,0.0,6.480000000000003,5.420000000000001,19.28,136.63424999999998,259.522,413.21406666666667,471.3131666666666,796.0,1196.0,1783.6666666666667,1930.6666666666667,19.166666666666668,38.66666666666666,61.333333333333336,71.66666666666667,100.66666666666669,243.66666666666663,328.0,357.0,8.5817,19.180700000000005,27.8374,31.51556666666667,11.8336,8.771999999999998,20.605599999999995,17.543999999999997,64.0,48.0,112.0,96.0,1.0,1.0,2.0,2.0,1.0,3.0,4.0,6.0,0.5328999999999998,0.5621,1.095,1.1242,28.09,59.88999999999999,87.98,119.78,0.0,0.8900000000000002,0.8900000000000002,1.7800000000000005,0.0,2.0,2.0,4.0,0.0,0.0,0.0,0.0,0.0,-2.0,-2.0,-4.0,0.0,-0.04,-0.04,-0.08,0.0,-6.000000000000001,-6.000000000000001,-12.000000000000002,1.4602666666666666,1.2579999999999998,2.516,4.859333333333333,204.16666666666663,35.0,70.0,110.83333333333331,0.1666666666666666,0.1666666666666666,0.3333333333333333,0.6666666666666666,0.1666666666666666,0.5,1.0,1.6666666666666667,0.2166,0.1462999999999999,0.2925999999999999,0.5091999999999999,73.5,39.55,79.10000000000001,134.42488500000002,0.0,0.0683333333333333,0.1366666666666667,0.3316666666666667,0.0,4.833333333333333,9.666666666666666,20.166666666666668,0.0,0.0,0.0,0.0,0.0,-0.3333333333333333,-0.6666666666666666,-1.0,0.0,0.0616666666666666,0.1233333333333333,0.3133333333333332,0.0,1.6166666666666665,3.233333333333333,7.598814999999999,2235.84,1.36591,0.0,0.0,0.0,211.132,944.305,691.339,0.0,0.0,0.0,109.512,0.04898,0.035859,0.0,0.0,0.0,646.159,0.289,0.211581,7.31796,3.13894,7.31339
DB1-Uio66Zr-BDC_A-irmof7_A_No84,0.015,149.834715,486.6785999999998,920.8192000000008,4251.559199999997,4714.176000000006,12084.0,33088.0,72384.0,91776.0,54.0,152.0,432.0,672.0,632.0,2336.0,4812.0,6360.0,38.9448,137.06480000000002,306.5663999999999,470.58720000000017,1.7689,36.60160000000001,26.493600000000004,105.06999999999998,1600.0,2560.0,7440.0,7360.0,1.0,8.0,10.0,24.0,64.0,176.0,368.0,464.0,2.3716000000000004,8.9936,15.369200000000005,27.22720000000001,0.0,-16.88,-6.619999999999998,-47.07999999999999,0.0,256.0,214.0,776.0,0.0,0.0,0.0,0.0,0.0,42.0,34.0,134.0,0.0,6.480000000000003,5.420000000000001,19.28,143.54231666666666,275.026,439.45540000000005,506.5611666666666,616.6666666666666,1184.0,1749.0,1874.6666666666667,20.5,41.333333333333336,66.0,77.66666666666667,107.33333333333331,258.0,354.0,402.6666666666667,8.87445,20.15346666666667,29.39566666666667,33.867766666666675,11.8336,8.771999999999998,20.605599999999995,17.543999999999997,64.0,48.0,112.0,96.0,1.0,1.0,2.0,2.0,1.0,3.0,4.0,6.0,0.5328999999999998,0.5621,1.095,1.1242,28.09,59.88999999999999,87.98,119.78,0.0,0.8900000000000002,0.8900000000000002,1.7800000000000005,0.0,2.0,2.0,4.0,0.0,0.0,0.0,0.0,0.0,-2.0,-2.0,-4.0,0.0,-0.04,-0.04,-0.08,0.0,-6.000000000000001,-6.000000000000001,-12.000000000000002,0.0,0.0,0.0,0.0,0.0,0.0,0.0,0.0,0.0,0.0,0.0,0.0,0.0,0.0,0.0,0.0,0.0,0.0,0.0,0.0,0.0,0.0,0.0,0.0,0.0,0.0,0.0,0.0,0.0,0.0,0.0,0.0,0.0,0.0,0.0,0.0,0.0,0.0,0.0,0.0,0.0,0.0,0.0,0.0,0.0,0.0,0.0,0.0,2235.84,1.34599,0.0,0.0,0.0,218.52,977.348,726.12,0.0,0.0,0.0,96.186,0.04302,0.0319617,0.0,0.0,0.0,615.975,0.2755,0.204682,6.64659,3.28875,6.64659
DB1-Uio66Zr-BDC_A-irmof7_A_No84,0.15,152.528735,486.6785999999998,920.8192000000008,4251.559199999997,4714.176000000006,12084.0,33088.0,72384.0,91776.0,54.0,152.0,432.0,672.0,632.0,2336.0,4812.0,6360.0,38.9448,137.06480000000002,306.5663999999999,470.58720000000017,1.7689,36.60160000000001,26.493600000000004,105.06999999999998,1600.0,2560.0,7440.0,7360.0,1.0,8.0,10.0,24.0,64.0,176.0,368.0,464.0,2.3716000000000004,8.9936,15.369200000000005,27.22720000000001,0.0,-16.88,-6.619999999999998,-47.07999999999999,0.0,256.0,214.0,776.0,0.0,0.0,0.0,0.0,0.0,42.0,34.0,134.0,0.0,6.480000000000003,5.420000000000001,19.28,143.54231666666666,275.026,439.45540000000005,506.5611666666666,616.6666666666666,1184.0,1749.0,1874.6666666666667,20.5,41.333333333333336,66.0,77.66666666666667,107.33333333333331,258.0,354.0,402.6666666666667,8.87445,20.15346666666667,29.39566666666667,33.867766666666675,11.8336,8.771999999999998,20.605599999999995,17.543999999999997,64.0,48.0,112.0,96.0,1.0,1.0,2.0,2.0,1.0,3.0,4.0,6.0,0.5328999999999998,0.5621,1.095,1.1242,28.09,59.88999999999999,87.98,119.78,0.0,0.8900000000000002,0.8900000000000002,1.7800000000000005,0.0,2.0,2.0,4.0,0.0,0.0,0.0,0.0,0.0,-2.0,-2.0,-4.0,0.0,-0.04,-0.04,-0.08,0.0,-6.000000000000001,-6.000000000000001,-12.000000000000002,0.0,0.0,0.0,0.0,0.0,0.0,0.0,0.0,0.0,0.0,0.0,0.0,0.0,0.0,0.0,0.0,0.0,0.0,0.0,0.0,0.0,0.0,0.0,0.0,0.0,0.0,0.0,0.0,0.0,0.0,0.0,0.0,0.0,0.0,0.0,0.0,0.0,0.0,0.0,0.0,0.0,0.0,0.0,0.0,0.0,0.0,0.0,0.0,2235.84,1.34599,0.0,0.0,0.0,218.52,977.348,726.12,0.0,0.0,0.0,96.186,0.04302,0.0319617,0.0,0.0,0.0,615.975,0.2755,0.204682,6.64659,3.28875,6.64659
DB1-Uio66Zr-irmof10_A-irmof14_A_No398,0.015,4.63242,486.6785999999998,920.8191999999996,4251.559199999999,4714.176000000001,12084.0,33088.0,72384.0,91776.0,54.0,152.0,432.0,672.0,632.0,2336.0,4812.0,6360.0,38.94480000000004,137.06480000000013,306.56640000000016,470.5872000000002,1.7689,36.60160000000001,26.493600000000004,105.06999999999998,1600.0,2560.0,7440.0,7360.0,1.0,8.0,10.0,24.0,64.0,176.0,368.0,464.0,2.3716000000000004,8.9936,15.369200000000005,27.22720000000001,0.0,-16.88,-6.619999999999998,-47.07999999999999,0.0,256.0,214.0,776.0,0.0,0.0,0.0,0.0,0.0,42.0,34.0,134.0,0.0,6.480000000000003,5.420000000000001,19.28,214.25,435.1141333333333,673.3947999999999,852.6633333333333,934.0,1897.3333333333333,2854.0,3223.333333333333,30.666666666666668,64.0,100.0,130.0,164.0,408.0,596.0,703.3333333333334,13.585466666666669,31.77840000000001,47.634000000000015,57.93033333333335,11.8336,8.771999999999998,20.605599999999995,17.543999999999997,64.0,48.0,112.0,96.0,1.0,1.0,2.0,2.0,1.0,3.0,4.0,6.0,0.5328999999999998,0.5621,1.095,1.1242,28.09,59.88999999999999,87.98,119.78,0.0,0.8900000000000002,0.8900000000000002,1.7800000000000005,0.0,2.0,2.0,4.0,0.0,0.0,0.0,0.0,0.0,-2.0,-2.0,-4.0,0.0,-0.04,-0.04,-0.08,0.0,-6.000000000000001,-6.000000000000001,-12.000000000000002,9.5296,20.361244444444445,16.070844444444443,28.566222222222223,50.66666666666666,61.44444444444445,87.11111111111113,128.88888888888889,1.0,2.777777777777777,2.0,3.777777777777778,8.11111111111111,13.666666666666666,16.444444444444446,27.33333333333333,0.5592111111111111,1.0975,1.1483333333333334,1.9115777777777776,51.796666666666674,138.63213444444446,158.43333333333334,265.9423235555556,0.0,1.835555555555556,0.9700000000000004,2.251111111111112,0.0,10.888888888888893,2.0,8.444444444444445,0.0,0.0,0.0,0.0,0.0,3.333333333333333,-0.2222222222222222,1.3333333333333333,0.0,0.6155555555555555,-0.04,0.2755555555555555,0.0,1.354816666666667,-7.600000000000001,-9.161875555555556,4791.32,0.834838,892.523,1862.79,2231.32,0.0,0.0,0.0,781.847,0.16318,0.195463,0.0,0.0,0.0,2333.37,0.487,0.583347,0.0,0.0,0.0,10.06126,4.61046,9.98323
DB1-Uio66Zr-irmof10_A-irmof14_A_No398,0.15,41.159235,486.6785999999998,920.8191999999996,4251.559199999999,4714.176000000001,12084.0,33088.0,72384.0,91776.0,54.0,152.0,432.0,672.0,632.0,2336.0,4812.0,6360.0,38.94480000000004,137.06480000000013,306.56640000000016,470.5872000000002,1.7689,36.60160000000001,26.493600000000004,105.06999999999998,1600.0,2560.0,7440.0,7360.0,1.0,8.0,10.0,24.0,64.0,176.0,368.0,464.0,2.3716000000000004,8.9936,15.369200000000005,27.22720000000001,0.0,-16.88,-6.619999999999998,-47.07999999999999,0.0,256.0,214.0,776.0,0.0,0.0,0.0,0.0,0.0,42.0,34.0,134.0,0.0,6.480000000000003,5.420000000000001,19.28,214.25,435.1141333333333,673.3947999999999,852.6633333333333,934.0,1897.3333333333333,2854.0,3223.333333333333,30.666666666666668,64.0,100.0,130.0,164.0,408.0,596.0,703.3333333333334,13.585466666666669,31.77840000000001,47.634000000000015,57.93033333333335,11.8336,8.771999999999998,20.605599999999995,17.543999999999997,64.0,48.0,112.0,96.0,1.0,1.0,2.0,2.0,1.0,3.0,4.0,6.0,0.5328999999999998,0.5621,1.095,1.1242,28.09,59.88999999999999,87.98,119.78,0.0,0.8900000000000002,0.8900000000000002,1.7800000000000005,0.0,2.0,2.0,4.0,0.0,0.0,0.0,0.0,0.0,-2.0,-2.0,-4.0,0.0,-0.04,-0.04,-0.08,0.0,-6.000000000000001,-6.000000000000001,-12.000000000000002,9.5296,20.361244444444445,16.070844444444443,28.566222222222223,50.66666666666666,61.44444444444445,87.11111111111113,128.88888888888889,1.0,2.777777777777777,2.0,3.777777777777778,8.11111111111111,13.666666666666666,16.444444444444446,27.33333333333333,0.5592111111111111,1.0975,1.1483333333333334,1.9115777777777776,51.796666666666674,138.63213444444446,158.43333333333334,265.9423235555556,0.0,1.835555555555556,0.9700000000000004,2.251111111111112,0.0,10.888888888888893,2.0,8.444444444444445,0.0,0.0,0.0,0.0,0.0,3.333333333333333,-0.2222222222222222,1.3333333333333333,0.0,0.6155555555555555,-0.04,0.2755555555555555,0.0,1.354816666666667,-7.600000000000001,-9.161875555555556,4791.32,0.834838,892.523,1862.79,2231.32,0.0,0.0,0.0,781.847,0.16318,0.195463,0.0,0.0,0.0,2333.37,0.487,0.583347,0.0,0.0,0.0,10.06126,4.61046,9.98323
DB1-Uio66Zr-BDC_A-DABCO_A_No22,0.015,78.21764,486.6785999999997,920.8192000000006,4251.559199999997,4714.176000000003,12084.0,33088.0,72384.0,91776.0,54.0,152.0,432.0,672.0,632.0,2336.0,4812.0,6360.0,38.94480000000001,137.06480000000013,306.56640000000027,470.5872000000002,1.7689,36.60160000000001,26.493600000000004,105.06999999999998,1600.0,2560.0,7440.0,7360.0,1.0,8.0,10.0,24.0,64.0,176.0,368.0,469.3333333333333,2.3716000000000004,8.9936,15.369200000000005,27.22720000000001,0.0,-16.88,-6.619999999999998,-47.07999999999999,0.0,256.0,214.0,776.0,0.0,0.0,0.0,0.0,0.0,42.0,34.0,133.33333333333334,0.0,6.480000000000003,5.420000000000001,19.28,164.43656666666664,294.97583333333336,451.9057333333332,528.9613333333332,852.6666666666666,1529.3333333333333,2309.333333333333,2551.333333333333,19.0,38.333333333333336,58.0,70.0,96.33333333333331,232.0,318.6666666666667,348.3333333333333,10.014433333333333,21.10076666666666,31.340466666666668,36.27313333333334,11.8336,8.771999999999998,20.605599999999995,19.006,64.0,48.0,112.0,104.0,1.0,1.0,2.0,2.1666666666666665,1.0,3.0,4.166666666666667,6.0,0.5328999999999998,0.5621,1.095,1.2178833333333334,28.09,59.88999999999999,87.98,129.76166666666666,0.0,0.8900000000000002,0.8900000000000002,1.9283333333333337,0.0,2.0,2.0,4.333333333333333,0.0,0.0,0.0,0.0,0.0,-2.0,-2.1666666666666665,-3.8333333333333335,0.0,-0.04,-0.04,-0.0866666666666667,0.0,-6.000000000000001,-6.000000000000001,-13.000000000000002,9.141333333333334,13.772888888888888,15.75422222222222,18.064444444444444,49.16666666666666,73.8888888888889,85.55555555555556,90.27777777777776,0.8333333333333334,1.388888888888889,1.6666666666666667,2.222222222222222,3.055555555555556,5.833333333333333,7.222222222222221,11.666666666666666,0.4523055555555555,0.7687499999999999,0.9291666666666668,1.1828888888888889,30.81666666666668,66.80555555555557,95.33333333333336,145.49239277777778,0.0,0.1361111111111111,0.7666666666666669,1.6305555555555558,0.0,0.2777777777777777,1.6666666666666667,4.722222222222222,0.0,0.0,0.0,0.0,0.0,0.0,-1.111111111111111,-1.6666666666666667,0.0,-0.0055555555555555,-0.0333333333333333,0.0444444444444443,0.0,-1.0833333333333333,-5.5,-9.113086111111112,2235.84,1.58492,0.0,0.0,0.0,133.005,594.874,375.334,0.0,0.0,0.0,56.9693,0.02548,0.0160765,0.0,0.0,0.0,456.112,0.204,0.128713,6.6053,3.31774,5.66073
DB1-Uio66Zr-BDC_A-DABCO_A_No22,0.15,121.98907,486.6785999999997,920.8192000000006,4251.559199999997,4714.176000000003,12084.0,33088.0,72384.0,91776.0,54.0,152.0,432.0,672.0,632.0,2336.0,4812.0,6360.0,38.94480000000001,137.06480000000013,306.56640000000027,470.5872000000002,1.7689,36.60160000000001,26.493600000000004,105.06999999999998,1600.0,2560.0,7440.0,7360.0,1.0,8.0,10.0,24.0,64.0,176.0,368.0,469.3333333333333,2.3716000000000004,8.9936,15.369200000000005,27.22720000000001,0.0,-16.88,-6.619999999999998,-47.07999999999999,0.0,256.0,214.0,776.0,0.0,0.0,0.0,0.0,0.0,42.0,34.0,133.33333333333334,0.0,6.480000000000003,5.420000000000001,19.28,164.43656666666664,294.97583333333336,451.9057333333332,528.9613333333332,852.6666666666666,1529.3333333333333,2309.333333333333,2551.333333333333,19.0,38.333333333333336,58.0,70.0,96.33333333333331,232.0,318.6666666666667,348.3333333333333,10.014433333333333,21.10076666666666,31.340466666666668,36.27313333333334,11.8336,8.771999999999998,20.605599999999995,19.006,64.0,48.0,112.0,104.0,1.0,1.0,2.0,2.1666666666666665,1.0,3.0,4.166666666666667,6.0,0.5328999999999998,0.5621,1.095,1.2178833333333334,28.09,59.88999999999999,87.98,129.76166666666666,0.0,0.8900000000000002,0.8900000000000002,1.9283333333333337,0.0,2.0,2.0,4.333333333333333,0.0,0.0,0.0,0.0,0.0,-2.0,-2.1666666666666665,-3.8333333333333335,0.0,-0.04,-0.04,-0.0866666666666667,0.0,-6.000000000000001,-6.000000000000001,-13.000000000000002,9.141333333333334,13.772888888888888,15.75422222222222,18.064444444444444,49.16666666666666,73.8888888888889,85.55555555555556,90.27777777777776,0.8333333333333334,1.388888888888889,1.6666666666666667,2.222222222222222,3.055555555555556,5.833333333333333,7.222222222222221,11.666666666666666,0.4523055555555555,0.7687499999999999,0.9291666666666668,1.1828888888888889,30.81666666666668,66.80555555555557,95.33333333333336,145.49239277777778,0.0,0.1361111111111111,0.7666666666666669,1.6305555555555558,0.0,0.2777777777777777,1.6666666666666667,4.722222222222222,0.0,0.0,0.0,0.0,0.0,0.0,-1.111111111111111,-1.6666666666666667,0.0,-0.0055555555555555,-0.0333333333333333,0.0444444444444443,0.0,-1.0833333333333333,-5.5,-9.113086111111112,2235.84,1.58492,0.0,0.0,0.0,133.005,594.874,375.334,0.0,0.0,0.0,56.9693,0.02548,0.0160765,0.0,0.0,0.0,456.112,0.204,0.128713,6.6053,3.31774,5.66073
DB1-Uio66Zr-BDC_A-irmof6_A_No445,0.015,394.683435,486.6785999999997,920.8192000000006,4251.559199999997,4714.176000000003,12084.0,33088.0,72384.0,91776.0,54.0,152.0,432.0,672.0,632.0,2336.0,4812.0,6360.0,38.94480000000001,137.06480000000013,306.56640000000027,470.5872000000002,1.7689,36.60160000000001,26.493600000000004,105.06999999999998,1600.0,2560.0,7440.0,7360.0,1.0,8.0,10.0,24.0,64.0,176.0,368.0,464.0,2.3716000000000004,8.9936,15.369200000000005,27.22720000000001,0.0,-16.88,-6.619999999999998,-47.07999999999999,0.0,256.0,214.0,776.0,0.0,0.0,0.0,0.0,0.0,42.0,34.0,134.0,0.0,6.480000000000003,5.420000000000001,19.28,166.96884999999995,309.5399999999999,448.5145999999999,585.5618333333332,801.0,1426.0,2188.0,2727.333333333333,20.5,41.333333333333336,59.333333333333336,77.0,101.33333333333331,247.66666666666663,346.6666666666667,401.0,9.71845,21.261333333333337,30.75446666666667,38.1465,11.8336,8.771999999999998,20.605599999999995,17.543999999999997,64.0,48.0,112.0,96.0,1.0,1.0,2.0,2.0,1.0,3.0,4.0,6.0,0.5328999999999998,0.5621,1.095,1.1242,28.09,59.88999999999999,87.98,119.78,0.0,0.8900000000000002,0.8900000000000002,1.7800000000000005,0.0,2.0,2.0,4.0,0.0,0.0,0.0,0.0,0.0,-2.0,-2.0,-4.0,0.0,-0.04,-0.04,-0.08,0.0,-6.000000000000001,-6.000000000000001,-12.000000000000002,11.8336,15.709333333333335,18.054266666666663,35.346,64.0,55.333333333333336,98.66666666666669,190.0,1.0,1.9166666666666667,2.0,3.75,3.75,7.583333333333333,11.083333333333334,19.916666666666668,0.5328999999999998,0.8096916666666668,1.1193333333333333,2.059208333333333,28.09,81.78704275000001,114.47999999999998,195.08730691666665,0.0,2.026666666666667,1.631666666666667,2.625,0.0,8.416666666666666,3.6666666666666665,6.25,0.0,0.0,0.0,0.0,0.0,-0.1666666666666666,-1.9166666666666667,-3.0,0.0,0.2899999999999998,-0.0733333333333334,-0.0833333333333334,0.0,-5.273184166666668,-11.000000000000002,-16.933925833333337,2235.84,1.52555,0.0,0.0,0.0,184.69,826.042,541.47,0.0,0.0,0.0,94.3973,0.04222,0.0276752,0.0,0.0,0.0,576.847,0.258,0.169119,7.31796,3.25594,7.31327
DB1-Uio66Zr-BDC_A-irmof6_A_No445,0.15,336.318175,486.6785999999997,920.8192000000006,4251.559199999997,4714.176000000003,12084.0,33088.0,72384.0,91776.0,54.0,152.0,432.0,672.0,632.0,2336.0,4812.0,6360.0,38.94480000000001,137.06480000000013,306.56640000000027,470.5872000000002,1.7689,36.60160000000001,26.493600000000004,105.06999999999998,1600.0,2560.0,7440.0,7360.0,1.0,8.0,10.0,24.0,64.0,176.0,368.0,464.0,2.3716000000000004,8.9936,15.369200000000005,27.22720000000001,0.0,-16.88,-6.619999999999998,-47.07999999999999,0.0,256.0,214.0,776.0,0.0,0.0,0.0,0.0,0.0,42.0,34.0,134.0,0.0,6.480000000000003,5.420000000000001,19.28,166.96884999999995,309.5399999999999,448.5145999999999,585.5618333333332,801.0,1426.0,2188.0,2727.333333333333,20.5,41.333333333333336,59.333333333333336,77.0,101.33333333333331,247.66666666666663,346.6666666666667,401.0,9.71845,21.261333333333337,30.75446666666667,38.1465,11.8336,8.771999999999998,20.605599999999995,17.543999999999997,64.0,48.0,112.0,96.0,1.0,1.0,2.0,2.0,1.0,3.0,4.0,6.0,0.5328999999999998,0.5621,1.095,1.1242,28.09,59.88999999999999,87.98,119.78,0.0,0.8900000000000002,0.8900000000000002,1.7800000000000005,0.0,2.0,2.0,4.0,0.0,0.0,0.0,0.0,0.0,-2.0,-2.0,-4.0,0.0,-0.04,-0.04,-0.08,0.0,-6.000000000000001,-6.000000000000001,-12.000000000000002,11.8336,15.709333333333335,18.054266666666663,35.346,64.0,55.333333333333336,98.66666666666669,190.0,1.0,1.9166666666666667,2.0,3.75,3.75,7.583333333333333,11.083333333333334,19.916666666666668,0.5328999999999998,0.8096916666666668,1.1193333333333333,2.059208333333333,28.09,81.78704275000001,114.47999999999998,195.08730691666665,0.0,2.026666666666667,1.631666666666667,2.625,0.0,8.416666666666666,3.6666666666666665,6.25,0.0,0.0,0.0,0.0,0.0,-0.1666666666666666,-1.9166666666666667,-3.0,0.0,0.2899999999999998,-0.0733333333333334,-0.0833333333333334,0.0,-5.273184166666668,-11.000000000000002,-16.933925833333337,2235.84,1.52555,0.0,0.0,0.0,184.69,826.042,541.47,0.0,0.0,0.0,94.3973,0.04222,0.0276752,0.0,0.0,0.0,576.847,0.258,0.169119,7.31796,3.25594,7.31327
DB1-Uio66Zr-irmof6_A-irmof7_A_No46,0.015,388.905325,486.6785999999998,920.8191999999996,4251.5592000000015,4714.176000000001,12084.0,33088.0,72384.0,91776.0,54.0,152.0,432.0,672.0,632.0,2336.0,4812.0,6360.0,38.94480000000005,137.06480000000013,306.56640000000016,470.5872000000002,1.7689,36.60160000000001,26.493600000000004,105.06999999999996,1600.0,2560.0,7440.0,7360.0,1.0,8.0,10.0,24.0,64.0,176.0,368.0,464.0,2.3716000000000004,8.9936,15.369200000000005,27.22720000000001,0.0,-16.88,-6.619999999999998,-47.07999999999999,0.0,256.0,214.0,776.0,0.0,0.0,0.0,0.0,0.0,42.0,34.0,134.0,0.0,6.480000000000003,5.420000000000001,19.280000000000005,172.25293333333337,345.593,572.7377333333333,658.3682,793.3333333333334,1496.0,2241.333333333333,2712.0,25.33333333333333,52.66666666666666,88.66666666666667,102.0,144.66666666666666,362.3333333333333,494.0,597.6666666666666,10.8052,25.548600000000008,38.22193333333334,45.66153333333333,11.8336,8.771999999999998,20.605599999999995,17.543999999999997,64.0,48.0,112.0,96.0,1.0,1.0,2.0,2.0,1.0,3.0,4.0,6.0,0.5328999999999998,0.5621,1.095,1.1242,28.09,59.88999999999999,87.98,119.78,0.0,0.8900000000000002,0.8900000000000002,1.7800000000000005,0.0,2.0,2.0,4.0,0.0,0.0,0.0,0.0,0.0,-2.0,-2.0,-4.0,0.0,-0.04,-0.04,-0.08,0.0,-6.000000000000001,-6.000000000000001,-12.000000000000002,1.664266666666667,1.343,2.686,5.693266666666666,48.16666666666666,17.0,34.0,99.16666666666669,0.1666666666666666,0.1666666666666666,0.3333333333333333,0.6666666666666666,0.1666666666666666,0.5,1.0,1.6666666666666667,0.16335,0.12705,0.2541,0.5444999999999999,35.526666666666664,27.49666666666667,54.99333333333334,118.01666666666668,0.0,0.1016666666666667,0.2033333333333334,0.3050000000000001,0.0,1.8333333333333333,3.6666666666666665,5.5,0.0,0.0,0.0,0.0,0.0,-0.3333333333333333,-0.6666666666666666,-1.0,0.0,0.0366666666666666,0.0733333333333333,0.1099999999999999,0.0,0.5499999999999998,1.0999999999999996,1.6499999999999997,2283.85,1.49304,0.0,0.0,0.0,153.591,672.511,450.431,0.0,0.0,0.0,69.9771,0.03064,0.0205219,0.0,0.0,0.0,510.44,0.2235,0.149695,6.35607,2.21395,6.35607
DB1-Uio66Zr-irmof6_A-irmof7_A_No46,0.15,233.01349,486.6785999999998,920.8191999999996,4251.5592000000015,4714.176000000001,12084.0,33088.0,72384.0,91776.0,54.0,152.0,432.0,672.0,632.0,2336.0,4812.0,6360.0,38.94480000000005,137.06480000000013,306.56640000000016,470.5872000000002,1.7689,36.60160000000001,26.493600000000004,105.06999999999996,1600.0,2560.0,7440.0,7360.0,1.0,8.0,10.0,24.0,64.0,176.0,368.0,464.0,2.3716000000000004,8.9936,15.369200000000005,27.22720000000001,0.0,-16.88,-6.619999999999998,-47.07999999999999,0.0,256.0,214.0,776.0,0.0,0.0,0.0,0.0,0.0,42.0,34.0,134.0,0.0,6.480000000000003,5.420000000000001,19.280000000000005,172.25293333333337,345.593,572.7377333333333,658.3682,793.3333333333334,1496.0,2241.333333333333,2712.0,25.33333333333333,52.66666666666666,88.66666666666667,102.0,144.66666666666666,362.3333333333333,494.0,597.6666666666666,10.8052,25.548600000000008,38.22193333333334,45.66153333333333,11.8336,8.771999999999998,20.605599999999995,17.543999999999997,64.0,48.0,112.0,96.0,1.0,1.0,2.0,2.0,1.0,3.0,4.0,6.0,0.5328999999999998,0.5621,1.095,1.1242,28.09,59.88999999999999,87.98,119.78,0.0,0.8900000000000002,0.8900000000000002,1.7800000000000005,0.0,2.0,2.0,4.0,0.0,0.0,0.0,0.0,0.0,-2.0,-2.0,-4.0,0.0,-0.04,-0.04,-0.08,0.0,-6.000000000000001,-6.000000000000001,-12.000000000000002,1.664266666666667,1.343,2.686,5.693266666666666,48.16666666666666,17.0,34.0,99.16666666666669,0.1666666666666666,0.1666666666666666,0.3333333333333333,0.6666666666666666,0.1666666666666666,0.5,1.0,1.6666666666666667,0.16335,0.12705,0.2541,0.5444999999999999,35.526666666666664,27.49666666666667,54.99333333333334,118.01666666666668,0.0,0.1016666666666667,0.2033333333333334,0.3050000000000001,0.0,1.8333333333333333,3.6666666666666665,5.5,0.0,0.0,0.0,0.0,0.0,-0.3333333333333333,-0.6666666666666666,-1.0,0.0,0.0366666666666666,0.0733333333333333,0.1099999999999999,0.0,0.5499999999999998,1.0999999999999996,1.6499999999999997,2283.85,1.49304,0.0,0.0,0.0,153.591,672.511,450.431,0.0,0.0,0.0,69.9771,0.03064,0.0205219,0.0,0.0,0.0,510.44,0.2235,0.149695,6.35607,2.21395,6.35607
DB1-Uio66Zr-BDC_A-irmof6_A_No142,0.015,101.623835,486.6785999999997,920.8192000000006,4251.559199999997,4714.176000000003,12084.0,33088.0,72384.0,91776.0,54.0,152.0,432.0,672.0,632.0,2336.0,4812.0,6360.0,38.94480000000001,137.06480000000013,306.56640000000027,470.5872000000002,1.7689,36.60160000000001,26.493600000000004,105.06999999999998,1600.0,2560.0,7440.0,7360.0,1.0,8.0,10.0,24.0,64.0,176.0,368.0,464.0,2.3716000000000004,8.9936,15.369200000000005,27.22720000000001,0.0,-16.88,-6.619999999999998,-47.07999999999999,0.0,256.0,214.0,776.0,0.0,0.0,0.0,0.0,0.0,42.0,34.0,134.0,0.0,6.480000000000003,5.420000000000001,19.28,127.43683333333335,234.06449999999995,366.1490666666666,425.22733333333326,1004.3333333333334,1276.0,1968.6666666666667,2219.0,16.666666666666668,33.666666666666664,51.333333333333336,61.66666666666666,85.66666666666667,208.66666666666663,278.0,277.0,8.562116666666666,18.038533333333337,26.293066666666665,29.64923333333334,11.8336,8.771999999999998,20.605599999999995,17.543999999999997,64.0,48.0,112.0,96.0,1.0,1.0,2.0,2.0,1.0,3.0,4.0,6.0,0.5328999999999998,0.5621,1.095,1.1242,28.09,59.88999999999999,87.98,119.78,0.0,0.8900000000000002,0.8900000000000002,1.7800000000000005,0.0,2.0,2.0,4.0,0.0,0.0,0.0,0.0,0.0,-2.0,-2.0,-4.0,0.0,-0.04,-0.04,-0.08,0.0,-6.000000000000001,-6.000000000000001,-12.000000000000002,9.781600000000005,7.973,15.946,30.797666666666668,445.0,120.0,240.0,380.0,1.0,1.0,2.0,4.0,1.0,3.0,6.0,10.0,1.03335,0.7815499999999999,1.5630999999999995,2.7202,251.13333333333333,177.03333333333333,354.06666666666666,601.71139,0.0,0.576666666666667,1.153333333333334,2.656666666666668,0.0,14.0,28.0,61.0,0.0,0.0,0.0,0.0,0.0,-2.0,-4.0,-6.0,0.0,0.2449999999999999,0.4899999999999999,1.3799999999999997,0.0,4.366666666666666,8.733333333333333,24.259556666666665,2235.84,1.44173,0.0,0.0,0.0,214.031,957.27,663.975,0.0,0.0,0.0,104.682,0.04682,0.0324749,0.0,0.0,0.0,627.154,0.2805,0.194558,7.31796,3.26046,7.31796
DB1-Uio66Zr-BDC_A-irmof6_A_No142,0.15,116.83911,486.6785999999997,920.8192000000006,4251.559199999997,4714.176000000003,12084.0,33088.0,72384.0,91776.0,54.0,152.0,432.0,672.0,632.0,2336.0,4812.0,6360.0,38.94480000000001,137.06480000000013,306.56640000000027,470.5872000000002,1.7689,36.60160000000001,26.493600000000004,105.06999999999998,1600.0,2560.0,7440.0,7360.0,1.0,8.0,10.0,24.0,64.0,176.0,368.0,464.0,2.3716000000000004,8.9936,15.369200000000005,27.22720000000001,0.0,-16.88,-6.619999999999998,-47.07999999999999,0.0,256.0,214.0,776.0,0.0,0.0,0.0,0.0,0.0,42.0,34.0,134.0,0.0,6.480000000000003,5.420000000000001,19.28,127.43683333333335,234.06449999999995,366.1490666666666,425.22733333333326,1004.3333333333334,1276.0,1968.6666666666667,2219.0,16.666666666666668,33.666666666666664,51.333333333333336,61.66666666666666,85.66666666666667,208.66666666666663,278.0,277.0,8.562116666666666,18.038533333333337,26.293066666666665,29.64923333333334,11.8336,8.771999999999998,20.605599999999995,17.543999999999997,64.0,48.0,112.0,96.0,1.0,1.0,2.0,2.0,1.0,3.0,4.0,6.0,0.5328999999999998,0.5621,1.095,1.1242,28.09,59.88999999999999,87.98,119.78,0.0,0.8900000000000002,0.8900000000000002,1.7800000000000005,0.0,2.0,2.0,4.0,0.0,0.0,0.0,0.0,0.0,-2.0,-2.0,-4.0,0.0,-0.04,-0.04,-0.08,0.0,-6.000000000000001,-6.000000000000001,-12.000000000000002,9.781600000000005,7.973,15.946,30.797666666666668,445.0,120.0,240.0,380.0,1.0,1.0,2.0,4.0,1.0,3.0,6.0,10.0,1.03335,0.7815499999999999,1.5630999999999995,2.7202,251.13333333333333,177.03333333333333,354.06666666666666,601.71139,0.0,0.576666666666667,1.153333333333334,2.656666666666668,0.0,14.0,28.0,61.0,0.0,0.0,0.0,0.0,0.0,-2.0,-4.0,-6.0,0.0,0.2449999999999999,0.4899999999999999,1.3799999999999997,0.0,4.366666666666666,8.733333333333333,24.259556666666665,2235.84,1.44173,0.0,0.0,0.0,214.031,957.27,663.975,0.0,0.0,0.0,104.682,0.04682,0.0324749,0.0,0.0,0.0,627.154,0.2805,0.194558,7.31796,3.26046,7.31796
DB1-Uio66Zr-irmof10_A-irmof14_A_No190,0.015,3.28079,486.6785999999998,920.8191999999996,4251.5592000000015,4714.176000000001,12084.0,33088.0,72384.0,91776.0,54.0,152.0,432.0,672.0,632.0,2336.0,4812.0,6360.0,38.94480000000005,137.06480000000013,306.56640000000016,470.5872000000002,1.7689,36.60160000000001,26.493600000000004,105.06999999999996,1600.0,2560.0,7440.0,7360.0,1.0,8.0,10.0,24.0,64.0,176.0,368.0,464.0,2.3716000000000004,8.9936,15.369200000000005,27.22720000000001,0.0,-16.88,-6.619999999999998,-47.07999999999999,0.0,256.0,214.0,776.0,0.0,0.0,0.0,0.0,0.0,42.0,34.0,134.0,0.0,6.480000000000003,5.420000000000001,19.280000000000005,197.88946666666664,390.4826666666666,615.3724000000001,785.1657333333333,1314.6666666666667,2018.6666666666667,3176.0,3798.6666666666665,27.33333333333333,57.333333333333336,89.33333333333333,116.66666666666669,146.66666666666666,366.6666666666667,532.0,597.3333333333334,13.683266666666668,30.34906666666668,46.134533333333344,56.23033333333334,11.8336,8.771999999999998,20.605599999999995,17.543999999999997,64.0,48.0,112.0,96.0,1.0,1.0,2.0,2.0,1.0,3.0,4.0,6.0,0.5328999999999998,0.5621,1.095,1.1242,28.09,59.88999999999999,87.98,119.78,0.0,0.8900000000000002,0.8900000000000002,1.7800000000000005,0.0,2.0,2.0,4.0,0.0,0.0,0.0,0.0,0.0,-2.0,-2.0,-4.0,0.0,-0.04,-0.04,-0.08,0.0,-6.000000000000001,-6.000000000000001,-12.000000000000002,10.2936,9.438333333333333,16.354,32.2966,251.5,94.33333333333331,186.0,303.8333333333333,1.0,1.1666666666666667,2.0,4.0,1.5,3.8333333333333335,7.0,12.0,0.9055666666666666,0.77395,1.4578666666666666,2.580866666666666,182.315,151.44628050000003,294.93,501.9131716666668,0.0,0.8633333333333336,1.313333333333334,2.770000000000001,0.0,10.666666666666666,19.0,41.833333333333336,0.0,0.0,0.0,0.0,0.0,-1.6666666666666667,-3.6666666666666665,-5.5,0.0,0.2366666666666666,0.3533333333333333,1.0466666666666664,0.0,1.882148333333332,3.499999999999998,13.66074166666666,4791.32,0.893166,910.834,1901.01,2128.39,0.0,0.0,0.0,1035.5,0.21612,0.241971,0.0,0.0,0.0,2637.62,0.5505,0.616346,0.0,0.0,0.0,10.06126,6.56005,10.06126
DB1-Uio66Zr-irmof10_A-irmof14_A_No190,0.15,32.99893,486.6785999999998,920.8191999999996,4251.5592000000015,4714.176000000001,12084.0,33088.0,72384.0,91776.0,54.0,152.0,432.0,672.0,632.0,2336.0,4812.0,6360.0,38.94480000000005,137.06480000000013,306.56640000000016,470.5872000000002,1.7689,36.60160000000001,26.493600000000004,105.06999999999996,1600.0,2560.0,7440.0,7360.0,1.0,8.0,10.0,24.0,64.0,176.0,368.0,464.0,2.3716000000000004,8.9936,15.369200000000005,27.22720000000001,0.0,-16.88,-6.619999999999998,-47.07999999999999,0.0,256.0,214.0,776.0,0.0,0.0,0.0,0.0,0.0,42.0,34.0,134.0,0.0,6.480000000000003,5.420000000000001,19.280000000000005,197.88946666666664,390.4826666666666,615.3724000000001,785.1657333333333,1314.6666666666667,2018.6666666666667,3176.0,3798.6666666666665,27.33333333333333,57.333333333333336,89.33333333333333,116.66666666666669,146.66666666666666,366.6666666666667,532.0,597.3333333333334,13.683266666666668,30.34906666666668,46.134533333333344,56.23033333333334,11.8336,8.771999999999998,20.605599999999995,17.543999999999997,64.0,48.0,112.0,96.0,1.0,1.0,2.0,2.0,1.0,3.0,4.0,6.0,0.5328999999999998,0.5621,1.095,1.1242,28.09,59.88999999999999,87.98,119.78,0.0,0.8900000000000002,0.8900000000000002,1.7800000000000005,0.0,2.0,2.0,4.0,0.0,0.0,0.0,0.0,0.0,-2.0,-2.0,-4.0,0.0,-0.04,-0.04,-0.08,0.0,-6.000000000000001,-6.000000000000001,-12.000000000000002,10.2936,9.438333333333333,16.354,32.2966,251.5,94.33333333333331,186.0,303.8333333333333,1.0,1.1666666666666667,2.0,4.0,1.5,3.8333333333333335,7.0,12.0,0.9055666666666666,0.77395,1.4578666666666666,2.580866666666666,182.315,151.44628050000003,294.93,501.9131716666668,0.0,0.8633333333333336,1.313333333333334,2.770000000000001,0.0,10.666666666666666,19.0,41.833333333333336,0.0,0.0,0.0,0.0,0.0,-1.6666666666666667,-3.6666666666666665,-5.5,0.0,0.2366666666666666,0.3533333333333333,1.0466666666666664,0.0,1.882148333333332,3.499999999999998,13.66074166666666,4791.32,0.893166,910.834,1901.01,2128.39,0.0,0.0,0.0,1035.5,0.21612,0.241971,0.0,0.0,0.0,2637.62,0.5505,0.616346,0.0,0.0,0.0,10.06126,6.56005,10.06126
DB1-Uio66Zr-DPAC_A_No14,0.015,6.9049,486.6785999999997,920.8192000000006,4251.559199999997,4714.176000000003,12084.0,33088.0,72384.0,91776.0,54.0,152.0,432.0,672.0,632.0,2336.0,4812.0,6360.0,38.94480000000001,137.06480000000013,306.56640000000027,470.5872000000002,1.7689,36.60160000000001,26.493600000000004,105.06999999999996,1600.0,2560.0,7440.0,7360.0,1.0,8.0,10.0,24.0,64.0,176.0,368.0,464.0,2.3716000000000004,8.9936,15.369200000000005,27.22720000000001,0.0,-16.88,-6.619999999999998,-47.07999999999999,0.0,256.0,214.0,776.0,0.0,0.0,0.0,0.0,0.0,42.0,34.0,134.0,0.0,6.480000000000003,5.420000000000001,19.28,231.2592,420.1889999999999,661.4763999999999,854.1157999999997,3144.0,3240.0,5488.0,9344.0,28.0,58.0,88.0,110.0,146.0,356.0,484.0,486.0,19.4588,36.85220000000001,57.10959999999999,75.95499999999998,11.8336,8.771999999999998,20.605599999999995,17.543999999999997,64.0,48.0,112.0,96.0,1.0,1.0,2.0,2.0,1.0,3.0,4.0,6.0,0.5328999999999998,0.5621,1.095,1.1242,28.09,59.88999999999999,87.98,119.78,0.0,0.8900000000000002,0.8900000000000002,1.7800000000000005,0.0,2.0,2.0,4.0,0.0,0.0,0.0,0.0,0.0,-2.0,-2.0,-4.0,0.0,-0.04,-0.04,-0.08,0.0,-6.000000000000001,-6.000000000000001,-12.000000000000002,9.985600000000003,8.058,16.116,34.159600000000005,289.0,102.0,204.0,595.0,1.0,1.0,2.0,4.0,1.0,3.0,6.0,9.5,0.9801,0.7622999999999999,1.5245999999999995,3.2669999999999995,213.16000000000005,164.98000000000002,329.96000000000004,708.1000000000003,0.0,0.6100000000000003,1.2200000000000006,1.8300000000000016,0.0,11.0,22.0,33.0,0.0,0.0,0.0,0.0,0.0,-2.0,-4.0,-5.5,0.0,0.2199999999999999,0.4399999999999999,0.66,0.0,3.2999999999999976,6.599999999999995,9.899999999999997,6880.59,0.945591,1278.47,1858.08,1965.0,0.0,0.0,0.0,1751.25,0.25452,0.269165,0.0,0.0,0.0,3897.86,0.5665,0.599096,0.0,0.0,0.0,12.71042,6.31759,12.71042
DB1-Uio66Zr-DPAC_A_No14,0.15,33.4038,486.6785999999997,920.8192000000006,4251.559199999997,4714.176000000003,12084.0,33088.0,72384.0,91776.0,54.0,152.0,432.0,672.0,632.0,2336.0,4812.0,6360.0,38.94480000000001,137.06480000000013,306.56640000000027,470.5872000000002,1.7689,36.60160000000001,26.493600000000004,105.06999999999996,1600.0,2560.0,7440.0,7360.0,1.0,8.0,10.0,24.0,64.0,176.0,368.0,464.0,2.3716000000000004,8.9936,15.369200000000005,27.22720000000001,0.0,-16.88,-6.619999999999998,-47.07999999999999,0.0,256.0,214.0,776.0,0.0,0.0,0.0,0.0,0.0,42.0,34.0,134.0,0.0,6.480000000000003,5.420000000000001,19.28,231.2592,420.1889999999999,661.4763999999999,854.1157999999997,3144.0,3240.0,5488.0,9344.0,28.0,58.0,88.0,110.0,146.0,356.0,484.0,486.0,19.4588,36.85220000000001,57.10959999999999,75.95499999999998,11.8336,8.771999999999998,20.605599999999995,17.543999999999997,64.0,48.0,112.0,96.0,1.0,1.0,2.0,2.0,1.0,3.0,4.0,6.0,0.5328999999999998,0.5621,1.095,1.1242,28.09,59.88999999999999,87.98,119.78,0.0,0.8900000000000002,0.8900000000000002,1.7800000000000005,0.0,2.0,2.0,4.0,0.0,0.0,0.0,0.0,0.0,-2.0,-2.0,-4.0,0.0,-0.04,-0.04,-0.08,0.0,-6.000000000000001,-6.000000000000001,-12.000000000000002,9.985600000000003,8.058,16.116,34.159600000000005,289.0,102.0,204.0,595.0,1.0,1.0,2.0,4.0,1.0,3.0,6.0,9.5,0.9801,0.7622999999999999,1.5245999999999995,3.2669999999999995,213.16000000000005,164.98000000000002,329.96000000000004,708.1000000000003,0.0,0.6100000000000003,1.2200000000000006,1.8300000000000016,0.0,11.0,22.0,33.0,0.0,0.0,0.0,0.0,0.0,-2.0,-4.0,-5.5,0.0,0.2199999999999999,0.4399999999999999,0.66,0.0,3.2999999999999976,6.599999999999995,9.899999999999997,6880.59,0.945591,1278.47,1858.08,1965.0,0.0,0.0,0.0,1751.25,0.25452,0.269165,0.0,0.0,0.0,3897.86,0.5665,0.599096,0.0,0.0,0.0,12.71042,6.31759,12.71042
DB1-Uio66Zr-irmof6_A-irmof7_A_No86,0.015,533.842035,486.6785999999998,920.8192000000004,4251.559199999997,4714.176000000005,12084.0,33088.0,72384.0,91776.0,54.0,152.0,432.0,672.0,632.0,2336.0,4812.0,6360.0,38.9448,137.06480000000005,306.5663999999999,470.5872000000002,1.7689,36.60160000000001,26.493600000000004,105.06999999999996,1600.0,2560.0,7440.0,7360.0,1.0,8.0,10.0,24.0,64.0,176.0,368.0,464.0,2.3716000000000004,8.9936,15.369200000000005,27.22720000000001,0.0,-16.88,-6.619999999999998,-47.07999999999999,0.0,256.0,214.0,776.0,0.0,0.0,0.0,0.0,0.0,42.0,34.0,134.0,0.0,6.480000000000003,5.420000000000001,19.28,203.206,386.9391333333333,604.0401333333332,729.5868666666669,966.0,1817.3333333333333,2751.333333333333,3206.6666666666665,26.0,54.0,84.0,104.66666666666669,141.33333333333334,357.0,493.3333333333333,592.0,12.341266666666668,27.95406666666668,41.33560000000001,50.29833333333334,11.8336,8.771999999999998,20.605599999999995,17.543999999999997,64.0,48.0,112.0,96.0,1.0,1.0,2.0,2.0,1.0,3.0,4.0,6.0,0.5328999999999998,0.5621,1.095,1.1242,28.09,59.88999999999999,87.98,119.78,0.0,0.8900000000000002,0.8900000000000002,1.7800000000000005,0.0,2.0,2.0,4.0,0.0,0.0,0.0,0.0,0.0,-2.0,-2.0,-4.0,0.0,-0.04,-0.04,-0.08,0.0,-6.000000000000001,-6.000000000000001,-12.000000000000002,11.6896,13.217911111111109,20.32217777777777,21.528088888888885,63.16666666666666,58.11111111111112,110.44444444444444,103.72222222222224,1.0,1.527777777777778,2.0,2.5277777777777777,2.694444444444444,5.75,6.861111111111111,10.583333333333334,0.5345444444444444,0.7347083333333333,1.0983333333333334,1.3017861111111113,29.57166666666667,73.22264569444445,92.38333333333334,140.05764569444443,0.0,1.2855555555555558,0.8950000000000001,2.279444444444445,0.0,4.638888888888888,2.0,6.861111111111111,0.0,0.0,0.0,0.0,0.0,-0.8333333333333334,-1.472222222222222,-2.944444444444444,0.0,0.1155555555555555,-0.04,0.071111111111111,0.0,-4.886295833333334,-6.100000000000001,-11.6529625,2283.85,1.72638,0.0,0.0,0.0,123.279,539.787,312.67,0.0,0.0,0.0,45.4942,0.01992,0.0115386,0.0,0.0,0.0,369.983,0.162,0.0938381,6.02029,1.58782,4.7905
DB1-Uio66Zr-irmof6_A-irmof7_A_No86,0.15,298.04739,486.6785999999998,920.8192000000004,4251.559199999997,4714.176000000005,12084.0,33088.0,72384.0,91776.0,54.0,152.0,432.0,672.0,632.0,2336.0,4812.0,6360.0,38.9448,137.06480000000005,306.5663999999999,470.5872000000002,1.7689,36.60160000000001,26.493600000000004,105.06999999999996,1600.0,2560.0,7440.0,7360.0,1.0,8.0,10.0,24.0,64.0,176.0,368.0,464.0,2.3716000000000004,8.9936,15.369200000000005,27.22720000000001,0.0,-16.88,-6.619999999999998,-47.07999999999999,0.0,256.0,214.0,776.0,0.0,0.0,0.0,0.0,0.0,42.0,34.0,134.0,0.0,6.480000000000003,5.420000000000001,19.28,203.206,386.9391333333333,604.0401333333332,729.5868666666669,966.0,1817.3333333333333,2751.333333333333,3206.6666666666665,26.0,54.0,84.0,104.66666666666669,141.33333333333334,357.0,493.3333333333333,592.0,12.341266666666668,27.95406666666668,41.33560000000001,50.29833333333334,11.8336,8.771999999999998,20.605599999999995,17.543999999999997,64.0,48.0,112.0,96.0,1.0,1.0,2.0,2.0,1.0,3.0,4.0,6.0,0.5328999999999998,0.5621,1.095,1.1242,28.09,59.88999999999999,87.98,119.78,0.0,0.8900000000000002,0.8900000000000002,1.7800000000000005,0.0,2.0,2.0,4.0,0.0,0.0,0.0,0.0,0.0,-2.0,-2.0,-4.0,0.0,-0.04,-0.04,-0.08,0.0,-6.000000000000001,-6.000000000000001,-12.000000000000002,11.6896,13.217911111111109,20.32217777777777,21.528088888888885,63.16666666666666,58.11111111111112,110.44444444444444,103.72222222222224,1.0,1.527777777777778,2.0,2.5277777777777777,2.694444444444444,5.75,6.861111111111111,10.583333333333334,0.5345444444444444,0.7347083333333333,1.0983333333333334,1.3017861111111113,29.57166666666667,73.22264569444445,92.38333333333334,140.05764569444443,0.0,1.2855555555555558,0.8950000000000001,2.279444444444445,0.0,4.638888888888888,2.0,6.861111111111111,0.0,0.0,0.0,0.0,0.0,-0.8333333333333334,-1.472222222222222,-2.944444444444444,0.0,0.1155555555555555,-0.04,0.071111111111111,0.0,-4.886295833333334,-6.100000000000001,-11.6529625,2283.85,1.72638,0.0,0.0,0.0,123.279,539.787,312.67,0.0,0.0,0.0,45.4942,0.01992,0.0115386,0.0,0.0,0.0,369.983,0.162,0.0938381,6.02029,1.58782,4.7905
DB1-Uio66Zr-BDC_A-TED_A_No22,0.015,119.73513,486.6785999999997,920.8192000000006,4251.559199999997,4714.176000000003,12084.0,33088.0,72384.0,91776.0,54.0,152.0,432.0,672.0,632.0,2336.0,4812.0,6360.0,38.94480000000001,137.06480000000013,306.56640000000027,470.5872000000002,1.7689,36.60160000000001,26.493600000000004,105.06999999999998,1600.0,2560.0,7440.0,7360.0,1.0,8.0,10.0,24.0,64.0,176.0,368.0,469.3333333333333,2.3716000000000004,8.9936,15.369200000000005,27.22720000000001,0.0,-16.88,-6.619999999999998,-47.07999999999999,0.0,256.0,214.0,776.0,0.0,0.0,0.0,0.0,0.0,42.0,34.0,133.33333333333334,0.0,6.480000000000003,5.420000000000001,19.28,174.11656666666667,317.4158333333333,506.4657333333333,638.0813333333333,854.6666666666666,1553.3333333333333,2359.333333333333,2651.333333333333,21.0,42.333333333333336,68.0,90.0,110.33333333333331,276.0,404.6666666666667,456.3333333333333,10.288233333333332,22.24036666666667,33.89346666666667,41.379133333333336,11.8336,8.771999999999998,20.605599999999995,19.006,64.0,48.0,112.0,104.0,1.0,1.0,2.0,2.1666666666666665,1.0,3.0,4.166666666666667,7.0,0.5328999999999998,0.5621,1.095,1.2178833333333334,28.09,59.88999999999999,87.98,129.76166666666666,0.0,0.8900000000000002,0.8900000000000002,1.9283333333333337,0.0,2.0,2.0,4.333333333333333,0.0,0.0,0.0,0.0,0.0,-2.0,-2.1666666666666665,-4.833333333333333,0.0,-0.04,-0.04,-0.0866666666666667,0.0,-6.000000000000001,-6.000000000000001,-13.000000000000002,9.141333333333334,13.772888888888888,15.754222222222223,18.064444444444444,49.16666666666666,73.8888888888889,85.55555555555556,90.27777777777776,0.8333333333333334,1.388888888888889,1.6666666666666667,2.222222222222222,3.055555555555556,5.833333333333333,7.222222222222221,11.666666666666666,0.4523055555555555,0.7687499999999999,0.9291666666666668,1.1828888888888889,30.816666666666663,66.80555555555557,95.33333333333336,145.49239277777778,0.0,0.1361111111111111,0.7666666666666669,1.6305555555555558,0.0,0.2777777777777777,1.6666666666666667,4.722222222222222,0.0,0.0,0.0,0.0,0.0,0.0,-1.111111111111111,-1.6666666666666667,0.0,-0.0055555555555555,-0.0333333333333333,0.0444444444444443,0.0,-1.0833333333333333,-5.500000000000001,-9.113086111111114,2235.84,1.5939,0.0,0.0,0.0,117.977,527.664,331.052,0.0,0.0,0.0,49.8593,0.0223,0.0139908,0.0,0.0,0.0,404.688,0.181,0.113558,6.21839,3.05988,5.57241
DB1-Uio66Zr-BDC_A-TED_A_No22,0.15,138.755395,486.6785999999997,920.8192000000006,4251.559199999997,4714.176000000003,12084.0,33088.0,72384.0,91776.0,54.0,152.0,432.0,672.0,632.0,2336.0,4812.0,6360.0,38.94480000000001,137.06480000000013,306.56640000000027,470.5872000000002,1.7689,36.60160000000001,26.493600000000004,105.06999999999998,1600.0,2560.0,7440.0,7360.0,1.0,8.0,10.0,24.0,64.0,176.0,368.0,469.3333333333333,2.3716000000000004,8.9936,15.369200000000005,27.22720000000001,0.0,-16.88,-6.619999999999998,-47.07999999999999,0.0,256.0,214.0,776.0,0.0,0.0,0.0,0.0,0.0,42.0,34.0,133.33333333333334,0.0,6.480000000000003,5.420000000000001,19.28,174.11656666666667,317.4158333333333,506.4657333333333,638.0813333333333,854.6666666666666,1553.3333333333333,2359.333333333333,2651.333333333333,21.0,42.333333333333336,68.0,90.0,110.33333333333331,276.0,404.6666666666667,456.3333333333333,10.288233333333332,22.24036666666667,33.89346666666667,41.379133333333336,11.8336,8.771999999999998,20.605599999999995,19.006,64.0,48.0,112.0,104.0,1.0,1.0,2.0,2.1666666666666665,1.0,3.0,4.166666666666667,7.0,0.5328999999999998,0.5621,1.095,1.2178833333333334,28.09,59.88999999999999,87.98,129.76166666666666,0.0,0.8900000000000002,0.8900000000000002,1.9283333333333337,0.0,2.0,2.0,4.333333333333333,0.0,0.0,0.0,0.0,0.0,-2.0,-2.1666666666666665,-4.833333333333333,0.0,-0.04,-0.04,-0.0866666666666667,0.0,-6.000000000000001,-6.000000000000001,-13.000000000000002,9.141333333333334,13.772888888888888,15.754222222222223,18.064444444444444,49.16666666666666,73.8888888888889,85.55555555555556,90.27777777777776,0.8333333333333334,1.388888888888889,1.6666666666666667,2.222222222222222,3.055555555555556,5.833333333333333,7.222222222222221,11.666666666666666,0.4523055555555555,0.7687499999999999,0.9291666666666668,1.1828888888888889,30.816666666666663,66.80555555555557,95.33333333333336,145.49239277777778,0.0,0.1361111111111111,0.7666666666666669,1.6305555555555558,0.0,0.2777777777777777,1.6666666666666667,4.722222222222222,0.0,0.0,0.0,0.0,0.0,0.0,-1.111111111111111,-1.6666666666666667,0.0,-0.0055555555555555,-0.0333333333333333,0.0444444444444443,0.0,-1.0833333333333333,-5.500000000000001,-9.113086111111114,2235.84,1.5939,0.0,0.0,0.0,117.977,527.664,331.052,0.0,0.0,0.0,49.8593,0.0223,0.0139908,0.0,0.0,0.0,404.688,0.181,0.113558,6.21839,3.05988,5.57241
DB1-Uio66Zr-irmof10_A-irmof14_A_No479,0.015,4.859625,486.6785999999998,920.8191999999996,4251.5592000000015,4714.176000000001,12084.0,33088.0,72384.0,91776.0,54.0,152.0,432.0,672.0,632.0,2336.0,4812.0,6360.0,38.94480000000005,137.06480000000013,306.56640000000016,470.5872000000002,1.7689,36.60160000000001,26.493600000000004,105.06999999999998,1600.0,2560.0,7440.0,7360.0,1.0,8.0,10.0,24.0,64.0,176.0,368.0,464.0,2.3716000000000004,8.9936,15.369200000000005,27.22720000000001,0.0,-16.88,-6.619999999999998,-47.07999999999999,0.0,256.0,214.0,776.0,0.0,0.0,0.0,0.0,0.0,42.0,34.0,134.0,0.0,6.480000000000003,5.420000000000001,19.28,204.57746666666665,407.0466666666666,629.4484000000001,812.7110666666667,1090.6666666666667,1926.6666666666667,2972.0,3618.6666666666665,28.33333333333333,59.333333333333336,91.33333333333331,120.66666666666669,150.66666666666666,376.6666666666667,550.0,628.6666666666666,13.372966666666668,30.48886666666668,45.90353333333334,56.146200000000015,11.8336,8.771999999999998,20.605599999999995,17.543999999999997,64.0,48.0,112.0,96.0,1.0,1.0,2.0,2.0,1.0,3.0,4.0,6.0,0.5328999999999998,0.5621,1.095,1.1242,28.09,59.88999999999999,87.98,119.78,0.0,0.8900000000000002,0.8900000000000002,1.7800000000000005,0.0,2.0,2.0,4.0,0.0,0.0,0.0,0.0,0.0,-2.0,-2.0,-4.0,0.0,-0.04,-0.04,-0.08,0.0,-6.000000000000001,-6.000000000000001,-12.000000000000002,11.5256,14.959666666666667,17.305999999999997,33.92993333333334,101.5,63.66666666666666,114.0,225.8333333333333,1.0,1.8333333333333333,2.0,4.0,3.5,7.166666666666667,11.0,18.33333333333333,0.6074333333333333,0.82055,1.1909333333333334,2.1748333333333334,58.935,97.3114025,154.81,287.64806916666663,0.0,1.8766666666666665,1.6866666666666668,3.563333333333334,0.0,9.333333333333334,7.0,16.333333333333332,0.0,0.0,0.0,0.0,0.0,-0.3333333333333333,-2.333333333333333,-2.6666666666666665,0.0,0.3033333333333333,0.0066666666666665,0.3099999999999999,0.0,-3.789258333333334,-8.9,-12.689258333333337,4791.32,0.854809,929.308,1939.57,2269.0,0.0,0.0,0.0,1028.22,0.2146,0.25105,0.0,0.0,0.0,2656.79,0.5545,0.648683,0.0,0.0,0.0,10.06126,6.56005,10.06126
DB1-Uio66Zr-irmof10_A-irmof14_A_No479,0.15,45.784025,486.6785999999998,920.8191999999996,4251.5592000000015,4714.176000000001,12084.0,33088.0,72384.0,91776.0,54.0,152.0,432.0,672.0,632.0,2336.0,4812.0,6360.0,38.94480000000005,137.06480000000013,306.56640000000016,470.5872000000002,1.7689,36.60160000000001,26.493600000000004,105.06999999999998,1600.0,2560.0,7440.0,7360.0,1.0,8.0,10.0,24.0,64.0,176.0,368.0,464.0,2.3716000000000004,8.9936,15.369200000000005,27.22720000000001,0.0,-16.88,-6.619999999999998,-47.07999999999999,0.0,256.0,214.0,776.0,0.0,0.0,0.0,0.0,0.0,42.0,34.0,134.0,0.0,6.480000000000003,5.420000000000001,19.28,204.57746666666665,407.0466666666666,629.4484000000001,812.7110666666667,1090.6666666666667,1926.6666666666667,2972.0,3618.6666666666665,28.33333333333333,59.333333333333336,91.33333333333331,120.66666666666669,150.66666666666666,376.6666666666667,550.0,628.6666666666666,13.372966666666668,30.48886666666668,45.90353333333334,56.146200000000015,11.8336,8.771999999999998,20.605599999999995,17.543999999999997,64.0,48.0,112.0,96.0,1.0,1.0,2.0,2.0,1.0,3.0,4.0,6.0,0.5328999999999998,0.5621,1.095,1.1242,28.09,59.88999999999999,87.98,119.78,0.0,0.8900000000000002,0.8900000000000002,1.7800000000000005,0.0,2.0,2.0,4.0,0.0,0.0,0.0,0.0,0.0,-2.0,-2.0,-4.0,0.0,-0.04,-0.04,-0.08,0.0,-6.000000000000001,-6.000000000000001,-12.000000000000002,11.5256,14.959666666666667,17.305999999999997,33.92993333333334,101.5,63.66666666666666,114.0,225.8333333333333,1.0,1.8333333333333333,2.0,4.0,3.5,7.166666666666667,11.0,18.33333333333333,0.6074333333333333,0.82055,1.1909333333333334,2.1748333333333334,58.935,97.3114025,154.81,287.64806916666663,0.0,1.8766666666666665,1.6866666666666668,3.563333333333334,0.0,9.333333333333334,7.0,16.333333333333332,0.0,0.0,0.0,0.0,0.0,-0.3333333333333333,-2.333333333333333,-2.6666666666666665,0.0,0.3033333333333333,0.0066666666666665,0.3099999999999999,0.0,-3.789258333333334,-8.9,-12.689258333333337,4791.32,0.854809,929.308,1939.57,2269.0,0.0,0.0,0.0,1028.22,0.2146,0.25105,0.0,0.0,0.0,2656.79,0.5545,0.648683,0.0,0.0,0.0,10.06126,6.56005,10.06126
DB1-Uio66Zr-BDC_A-irmof7_A_No350,0.015,201.631915,486.6785999999997,920.8192000000006,4251.559199999997,4714.176000000003,12084.0,33088.0,72384.0,91776.0,54.0,152.0,432.0,672.0,632.0,2336.0,4812.0,6360.0,38.94480000000001,137.06480000000013,306.56640000000027,470.5872000000002,1.7689,36.60160000000001,26.493600000000004,105.06999999999998,1600.0,2560.0,7440.0,7360.0,1.0,8.0,10.0,24.0,64.0,176.0,368.0,464.0,2.3716000000000004,8.9936,15.369200000000005,27.22720000000001,0.0,-16.88,-6.619999999999998,-47.07999999999999,0.0,256.0,214.0,776.0,0.0,0.0,0.0,0.0,0.0,42.0,34.0,134.0,0.0,6.480000000000003,5.420000000000001,19.28,175.38859999999997,317.6841666666666,482.3017333333332,580.6113666666665,887.0,1598.6666666666667,2393.333333333333,2693.6666666666665,20.666666666666668,41.66666666666666,62.66666666666666,78.33333333333333,104.33333333333331,252.3333333333333,353.3333333333333,405.3333333333333,10.5266,22.4307,33.0396,39.28010000000001,11.8336,8.771999999999998,20.605599999999995,17.543999999999997,64.0,48.0,112.0,96.0,1.0,1.0,2.0,2.0,1.0,3.0,4.0,6.0,0.5328999999999998,0.5621,1.095,1.1242,28.09,59.88999999999999,87.98,119.78,0.0,0.8900000000000002,0.8900000000000002,1.7800000000000005,0.0,2.0,2.0,4.0,0.0,0.0,0.0,0.0,0.0,-2.0,-2.0,-4.0,0.0,-0.04,-0.04,-0.08,0.0,-6.000000000000001,-6.000000000000001,-12.000000000000002,11.1136,16.496222222222222,18.67822222222222,24.42271111111112,59.833333333333336,83.22222222222223,101.55555555555556,124.94444444444444,1.0,1.7222222222222223,2.0,2.888888888888889,3.722222222222222,7.166666666666667,9.22222222222222,15.333333333333334,0.5411222222222222,0.90745,1.1165333333333334,1.5527555555555554,35.49833333333333,80.76850272222224,115.29666666666668,180.11905944444445,0.0,0.4911111111111112,1.0633333333333337,2.075555555555556,0.0,1.7777777777777777,2.333333333333333,5.722222222222222,0.0,0.0,0.0,0.0,0.0,0.0,-1.4444444444444444,-2.1666666666666665,0.0,0.0477777777777777,-0.0466666666666667,0.0244444444444443,0.0,-1.951185,-7.500000000000001,-12.113086111111114,2235.84,1.63102,0.0,0.0,0.0,138.76,620.614,380.508,0.0,0.0,0.0,53.1683,0.02378,0.0145799,0.0,0.0,0.0,394.626,0.1765,0.108215,6.32717,3.04284,5.54747
DB1-Uio66Zr-BDC_A-irmof7_A_No350,0.15,175.394935,486.6785999999997,920.8192000000006,4251.559199999997,4714.176000000003,12084.0,33088.0,72384.0,91776.0,54.0,152.0,432.0,672.0,632.0,2336.0,4812.0,6360.0,38.94480000000001,137.06480000000013,306.56640000000027,470.5872000000002,1.7689,36.60160000000001,26.493600000000004,105.06999999999998,1600.0,2560.0,7440.0,7360.0,1.0,8.0,10.0,24.0,64.0,176.0,368.0,464.0,2.3716000000000004,8.9936,15.369200000000005,27.22720000000001,0.0,-16.88,-6.619999999999998,-47.07999999999999,0.0,256.0,214.0,776.0,0.0,0.0,0.0,0.0,0.0,42.0,34.0,134.0,0.0,6.480000000000003,5.420000000000001,19.28,175.38859999999997,317.6841666666666,482.3017333333332,580.6113666666665,887.0,1598.6666666666667,2393.333333333333,2693.6666666666665,20.666666666666668,41.66666666666666,62.66666666666666,78.33333333333333,104.33333333333331,252.3333333333333,353.3333333333333,405.3333333333333,10.5266,22.4307,33.0396,39.28010000000001,11.8336,8.771999999999998,20.605599999999995,17.543999999999997,64.0,48.0,112.0,96.0,1.0,1.0,2.0,2.0,1.0,3.0,4.0,6.0,0.5328999999999998,0.5621,1.095,1.1242,28.09,59.88999999999999,87.98,119.78,0.0,0.8900000000000002,0.8900000000000002,1.7800000000000005,0.0,2.0,2.0,4.0,0.0,0.0,0.0,0.0,0.0,-2.0,-2.0,-4.0,0.0,-0.04,-0.04,-0.08,0.0,-6.000000000000001,-6.000000000000001,-12.000000000000002,11.1136,16.496222222222222,18.67822222222222,24.42271111111112,59.833333333333336,83.22222222222223,101.55555555555556,124.94444444444444,1.0,1.7222222222222223,2.0,2.888888888888889,3.722222222222222,7.166666666666667,9.22222222222222,15.333333333333334,0.5411222222222222,0.90745,1.1165333333333334,1.5527555555555554,35.49833333333333,80.76850272222224,115.29666666666668,180.11905944444445,0.0,0.4911111111111112,1.0633333333333337,2.075555555555556,0.0,1.7777777777777777,2.333333333333333,5.722222222222222,0.0,0.0,0.0,0.0,0.0,0.0,-1.4444444444444444,-2.1666666666666665,0.0,0.0477777777777777,-0.0466666666666667,0.0244444444444443,0.0,-1.951185,-7.500000000000001,-12.113086111111114,2235.84,1.63102,0.0,0.0,0.0,138.76,620.614,380.508,0.0,0.0,0.0,53.1683,0.02378,0.0145799,0.0,0.0,0.0,394.626,0.1765,0.108215,6.32717,3.04284,5.54747
DB1-Uio66Zr-BDC_A-irmof7_A_No71,0.015,170.944495,486.6785999999997,920.8192000000006,4251.559199999997,4714.176000000003,12084.0,33088.0,72384.0,91776.0,54.0,152.0,432.0,672.0,632.0,2336.0,4812.0,6360.0,38.94480000000001,137.06480000000013,306.56640000000027,470.5872000000002,1.7689,36.60160000000001,26.493600000000004,105.06999999999998,1600.0,2560.0,7440.0,7360.0,1.0,8.0,10.0,24.0,64.0,176.0,368.0,464.0,2.3716000000000004,8.9936,15.369200000000005,27.22720000000001,0.0,-16.88,-6.619999999999998,-47.07999999999999,0.0,256.0,214.0,776.0,0.0,0.0,0.0,0.0,0.0,42.0,34.0,134.0,0.0,6.480000000000003,5.420000000000001,19.28,135.8198,251.21016666666665,384.5123999999999,464.3939,1635.0,1478.6666666666667,2360.0,2840.0,17.666666666666668,35.666666666666664,53.333333333333336,66.33333333333333,89.0,215.66666666666663,296.0,308.3333333333333,9.187483333333333,19.158400000000004,28.101133333333337,32.80036666666667,11.8336,8.771999999999998,20.605599999999995,17.543999999999997,64.0,48.0,112.0,96.0,1.0,1.0,2.0,2.0,1.0,3.0,4.0,6.0,0.5328999999999998,0.5621,1.095,1.1242,28.09,59.88999999999999,87.98,119.78,0.0,0.8900000000000002,0.8900000000000002,1.7800000000000005,0.0,2.0,2.0,4.0,0.0,0.0,0.0,0.0,0.0,-2.0,-2.0,-4.0,0.0,-0.04,-0.04,-0.08,0.0,-6.000000000000001,-6.000000000000001,-12.000000000000002,9.2736,9.013333333333334,15.504,30.5546,1031.5,184.3333333333333,366.0,585.5,1.0,1.1666666666666667,2.0,4.0,1.5,3.8333333333333335,7.0,11.666666666666666,1.1718166666666665,0.8702,1.6503666666666663,2.891533333333333,372.1816666666667,211.71294716666668,415.46333333333337,703.7508985833334,0.0,0.6966666666666668,0.9800000000000004,2.1325000000000003,0.0,25.666666666666668,49.0,102.25,0.0,0.0,0.0,0.0,0.0,-1.6666666666666667,-3.6666666666666665,-5.333333333333333,0.0,0.3616666666666665,0.6033333333333332,1.5799999999999994,0.0,7.215481666666666,14.166666666666666,35.56014916666666,2235.84,1.61357,0.0,0.0,0.0,214.256,958.277,593.887,0.0,0.0,0.0,82.4579,0.03688,0.0228562,0.0,0.0,0.0,570.14,0.255,0.158035,6.32717,3.42594,6.32717
DB1-Uio66Zr-BDC_A-irmof7_A_No71,0.15,152.203105,486.6785999999997,920.8192000000006,4251.559199999997,4714.176000000003,12084.0,33088.0,72384.0,91776.0,54.0,152.0,432.0,672.0,632.0,2336.0,4812.0,6360.0,38.94480000000001,137.06480000000013,306.56640000000027,470.5872000000002,1.7689,36.60160000000001,26.493600000000004,105.06999999999998,1600.0,2560.0,7440.0,7360.0,1.0,8.0,10.0,24.0,64.0,176.0,368.0,464.0,2.3716000000000004,8.9936,15.369200000000005,27.22720000000001,0.0,-16.88,-6.619999999999998,-47.07999999999999,0.0,256.0,214.0,776.0,0.0,0.0,0.0,0.0,0.0,42.0,34.0,134.0,0.0,6.480000000000003,5.420000000000001,19.28,135.8198,251.21016666666665,384.5123999999999,464.3939,1635.0,1478.6666666666667,2360.0,2840.0,17.666666666666668,35.666666666666664,53.333333333333336,66.33333333333333,89.0,215.66666666666663,296.0,308.3333333333333,9.187483333333333,19.158400000000004,28.101133333333337,32.80036666666667,11.8336,8.771999999999998,20.605599999999995,17.543999999999997,64.0,48.0,112.0,96.0,1.0,1.0,2.0,2.0,1.0,3.0,4.0,6.0,0.5328999999999998,0.5621,1.095,1.1242,28.09,59.88999999999999,87.98,119.78,0.0,0.8900000000000002,0.8900000000000002,1.7800000000000005,0.0,2.0,2.0,4.0,0.0,0.0,0.0,0.0,0.0,-2.0,-2.0,-4.0,0.0,-0.04,-0.04,-0.08,0.0,-6.000000000000001,-6.000000000000001,-12.000000000000002,9.2736,9.013333333333334,15.504,30.5546,1031.5,184.3333333333333,366.0,585.5,1.0,1.1666666666666667,2.0,4.0,1.5,3.8333333333333335,7.0,11.666666666666666,1.1718166666666665,0.8702,1.6503666666666663,2.891533333333333,372.1816666666667,211.71294716666668,415.46333333333337,703.7508985833334,0.0,0.6966666666666668,0.9800000000000004,2.1325000000000003,0.0,25.666666666666668,49.0,102.25,0.0,0.0,0.0,0.0,0.0,-1.6666666666666667,-3.6666666666666665,-5.333333333333333,0.0,0.3616666666666665,0.6033333333333332,1.5799999999999994,0.0,7.215481666666666,14.166666666666666,35.56014916666666,2235.84,1.61357,0.0,0.0,0.0,214.256,958.277,593.887,0.0,0.0,0.0,82.4579,0.03688,0.0228562,0.0,0.0,0.0,570.14,0.255,0.158035,6.32717,3.42594,6.32717
DB1-Uio66Zr-BDC_A-irmof7_A_No275,0.015,686.509225,61.78578181818179,105.78938181818188,391.0490181818178,428.5614545454548,1197.6363636363635,3138.909090909091,6613.090909090909,8343.272727272728,7.636363636363637,17.454545454545453,41.09090909090909,61.09090909090909,62.90909090909091,219.63636363636363,439.27272727272725,578.1818181818181,6.17198181818182,15.247709090909105,29.731672727272755,42.78065454545457,1.2635875,15.832600000000012,11.496975000000004,42.524999999999984,605.625,975.0,2801.25,2782.5,1.0,3.625,4.375,10.25,24.625,67.25,139.875,177.75,1.9949125000000003,3.979412500000002,6.403512500000004,11.490325000000007,0.0,-7.867499999999998,-3.463749999999998,-19.6175,0.0,92.875,78.375,287.25,0.0,0.0,0.0,0.0,0.0,15.125,11.5,47.75,0.0,2.805,2.3825000000000003,7.9300000000000015,140.26326666666665,251.3668333333333,391.1763999999999,476.4953666666667,698.6666666666666,1245.3333333333333,1900.0,2093.6666666666665,17.333333333333332,35.0,52.66666666666666,65.0,87.66666666666667,212.3333333333333,290.0,297.3333333333333,8.700933333333333,18.72936666666667,27.413266666666672,31.510766666666665,11.833599999999995,8.771999999999995,19.64884999999999,22.65025,64.0,48.0,107.0,113.50000000000004,1.0,1.0,2.0,2.625,1.0,3.0,4.625,7.249999999999998,0.5328999999999998,0.5621,1.104125,1.3842625000000006,28.08999999999999,59.88999999999999,97.9175,145.96052593750002,0.0,0.8900000000000005,1.1681250000000003,2.445625000000001,0.0,2.0,2.625,6.8125,0.0,0.0,0.0,0.0,0.0,-2.0,-2.625,-4.625,0.0,-0.04,-0.0525,0.0199999999999999,0.0,-6.000000000000001,-7.875000000000001,-13.627221875000002,0.7395999999999999,1.02125,1.0964999999999998,2.3091,4.0,3.5,6.0,10.5,0.0625,0.125,0.125,0.25,0.25,0.5,0.75,1.125,0.0333062499999999,0.0520125,0.0702625,0.12045,1.755625,5.2361051875,7.48625,10.7348551875,0.0,0.133125,0.11125,0.18875,0.0,0.5625,0.25,0.6875,0.0,0.0,0.0,0.0,0.0,0.0,-0.125,-0.0625,0.0,0.0199999999999999,-0.005,0.0174999999999999,0.0,-0.325444375,-0.7500000000000001,-0.7004443750000001,2235.84,1.45971,0.0,0.0,0.0,123.974,554.484,379.858,0.0,0.0,0.0,55.2253,0.0247,0.0169211,0.0,0.0,0.0,371.15,0.166,0.113721,6.46004,2.29495,6.273
DB1-Uio66Zr-BDC_A-irmof7_A_No275,0.15,348.244775,61.78578181818179,105.78938181818188,391.0490181818178,428.5614545454548,1197.6363636363635,3138.909090909091,6613.090909090909,8343.272727272728,7.636363636363637,17.454545454545453,41.09090909090909,61.09090909090909,62.90909090909091,219.63636363636363,439.27272727272725,578.1818181818181,6.17198181818182,15.247709090909105,29.731672727272755,42.78065454545457,1.2635875,15.832600000000012,11.496975000000004,42.524999999999984,605.625,975.0,2801.25,2782.5,1.0,3.625,4.375,10.25,24.625,67.25,139.875,177.75,1.9949125000000003,3.979412500000002,6.403512500000004,11.490325000000007,0.0,-7.867499999999998,-3.463749999999998,-19.6175,0.0,92.875,78.375,287.25,0.0,0.0,0.0,0.0,0.0,15.125,11.5,47.75,0.0,2.805,2.3825000000000003,7.9300000000000015,140.26326666666665,251.3668333333333,391.1763999999999,476.4953666666667,698.6666666666666,1245.3333333333333,1900.0,2093.6666666666665,17.333333333333332,35.0,52.66666666666666,65.0,87.66666666666667,212.3333333333333,290.0,297.3333333333333,8.700933333333333,18.72936666666667,27.413266666666672,31.510766666666665,11.833599999999995,8.771999999999995,19.64884999999999,22.65025,64.0,48.0,107.0,113.50000000000004,1.0,1.0,2.0,2.625,1.0,3.0,4.625,7.249999999999998,0.5328999999999998,0.5621,1.104125,1.3842625000000006,28.08999999999999,59.88999999999999,97.9175,145.96052593750002,0.0,0.8900000000000005,1.1681250000000003,2.445625000000001,0.0,2.0,2.625,6.8125,0.0,0.0,0.0,0.0,0.0,-2.0,-2.625,-4.625,0.0,-0.04,-0.0525,0.0199999999999999,0.0,-6.000000000000001,-7.875000000000001,-13.627221875000002,0.7395999999999999,1.02125,1.0964999999999998,2.3091,4.0,3.5,6.0,10.5,0.0625,0.125,0.125,0.25,0.25,0.5,0.75,1.125,0.0333062499999999,0.0520125,0.0702625,0.12045,1.755625,5.2361051875,7.48625,10.7348551875,0.0,0.133125,0.11125,0.18875,0.0,0.5625,0.25,0.6875,0.0,0.0,0.0,0.0,0.0,0.0,-0.125,-0.0625,0.0,0.0199999999999999,-0.005,0.0174999999999999,0.0,-0.325444375,-0.7500000000000001,-0.7004443750000001,2235.84,1.45971,0.0,0.0,0.0,123.974,554.484,379.858,0.0,0.0,0.0,55.2253,0.0247,0.0169211,0.0,0.0,0.0,371.15,0.166,0.113721,6.46004,2.29495,6.273
DB1-Uio66Zr-irmof20_A_No1,0.015,3.165975,486.6785999999997,920.8192000000006,4251.559199999997,4714.176000000003,12084.0,33088.0,72384.0,91776.0,54.0,152.0,432.0,672.0,632.0,2336.0,4812.0,6360.0,38.94480000000001,137.06480000000013,306.56640000000027,470.5872000000002,1.7689,36.60160000000001,26.493600000000004,105.06999999999998,1600.0,2560.0,7440.0,7360.0,1.0,8.0,10.0,24.0,64.0,176.0,368.0,464.0,2.3716000000000004,8.9936,15.369200000000005,27.22720000000001,0.0,-16.88,-6.619999999999998,-47.07999999999999,0.0,256.0,214.0,776.0,0.0,0.0,0.0,0.0,0.0,42.0,34.0,134.0,0.0,6.480000000000003,5.420000000000001,19.28,122.3472,236.283,371.6943999999999,362.1294,1058.0,1680.0,2800.0,2984.0,16.0,34.0,52.0,52.0,86.0,210.0,292.0,238.0,9.2294,20.2202,30.9604,29.275,11.8336,8.771999999999998,20.605599999999995,17.647199999999998,64.0,48.0,112.0,176.0,1.0,1.0,2.0,2.0,1.0,3.0,4.0,5.0,0.5328999999999998,0.5621,1.095,1.3067000000000002,28.09,59.88999999999999,87.98,162.71,0.0,0.8900000000000002,0.8900000000000002,1.75,0.0,2.0,2.0,-6.0,0.0,0.0,0.0,0.0,0.0,-2.0,-2.0,-3.0,0.0,-0.04,-0.04,-0.33,0.0,-6.000000000000001,-6.000000000000001,-20.1,6.6564000000000005,13.158,26.316,42.33780000000001,256.0,192.0,384.0,640.0,1.0,2.0,4.0,6.0,4.0,12.0,24.0,18.0,1.0404,1.5708,3.1416,4.069800000000001,376.36,438.44,876.88,976.095868,0.0,0.0600000000000005,0.120000000000001,-0.9299999999999996,0.0,20.0,40.0,56.0,0.0,0.0,0.0,0.0,0.0,-2.0,-4.0,3.0,0.0,0.5,1.0,2.1299999999999994,0.0,16.199999999999992,32.399999999999984,66.08577999999999,3163.9,1.06897,575.222,1818.08,1700.78,0.0,0.0,0.0,465.093,0.147,0.137515,0.0,0.0,0.0,1501.27,0.4745,0.443884,0.0,0.0,0.0,10.13419,4.70361,10.11514
DB1-Uio66Zr-irmof20_A_No1,0.15,44.21809,486.6785999999997,920.8192000000006,4251.559199999997,4714.176000000003,12084.0,33088.0,72384.0,91776.0,54.0,152.0,432.0,672.0,632.0,2336.0,4812.0,6360.0,38.94480000000001,137.06480000000013,306.56640000000027,470.5872000000002,1.7689,36.60160000000001,26.493600000000004,105.06999999999998,1600.0,2560.0,7440.0,7360.0,1.0,8.0,10.0,24.0,64.0,176.0,368.0,464.0,2.3716000000000004,8.9936,15.369200000000005,27.22720000000001,0.0,-16.88,-6.619999999999998,-47.07999999999999,0.0,256.0,214.0,776.0,0.0,0.0,0.0,0.0,0.0,42.0,34.0,134.0,0.0,6.480000000000003,5.420000000000001,19.28,122.3472,236.283,371.6943999999999,362.1294,1058.0,1680.0,2800.0,2984.0,16.0,34.0,52.0,52.0,86.0,210.0,292.0,238.0,9.2294,20.2202,30.9604,29.275,11.8336,8.771999999999998,20.605599999999995,17.647199999999998,64.0,48.0,112.0,176.0,1.0,1.0,2.0,2.0,1.0,3.0,4.0,5.0,0.5328999999999998,0.5621,1.095,1.3067000000000002,28.09,59.88999999999999,87.98,162.71,0.0,0.8900000000000002,0.8900000000000002,1.75,0.0,2.0,2.0,-6.0,0.0,0.0,0.0,0.0,0.0,-2.0,-2.0,-3.0,0.0,-0.04,-0.04,-0.33,0.0,-6.000000000000001,-6.000000000000001,-20.1,6.6564000000000005,13.158,26.316,42.33780000000001,256.0,192.0,384.0,640.0,1.0,2.0,4.0,6.0,4.0,12.0,24.0,18.0,1.0404,1.5708,3.1416,4.069800000000001,376.36,438.44,876.88,976.095868,0.0,0.0600000000000005,0.120000000000001,-0.9299999999999996,0.0,20.0,40.0,56.0,0.0,0.0,0.0,0.0,0.0,-2.0,-4.0,3.0,0.0,0.5,1.0,2.1299999999999994,0.0,16.199999999999992,32.399999999999984,66.08577999999999,3163.9,1.06897,575.222,1818.08,1700.78,0.0,0.0,0.0,465.093,0.147,0.137515,0.0,0.0,0.0,1501.27,0.4745,0.443884,0.0,0.0,0.0,10.13419,4.70361,10.11514
DB1-Uio66Zr-irmof6_A_No4,0.015,239.908195,486.6785999999997,920.8192000000004,4251.559199999997,4714.176000000003,12084.0,33088.0,72384.0,91776.0,54.0,152.0,432.0,672.0,632.0,2336.0,4812.0,6360.0,38.944800000000015,137.06480000000005,306.5663999999999,470.58720000000017,1.7689,36.60160000000001,26.493600000000004,105.06999999999996,1600.0,2560.0,7440.0,7360.0,1.0,8.0,10.0,24.0,64.0,176.0,368.0,464.0,2.3716000000000004,8.9936,15.369200000000005,27.22720000000001,0.0,-16.88,-6.619999999999998,-47.07999999999999,0.0,256.0,214.0,776.0,0.0,0.0,0.0,0.0,0.0,42.0,34.0,134.0,0.0,6.480000000000003,5.420000000000001,19.28,157.5819,315.99600000000004,519.8504000000001,589.112,660.0,1344.0,1958.0,2144.0,23.0,48.0,80.0,92.0,132.0,334.0,448.0,508.0,9.7487,23.284800000000008,34.3776,39.318000000000005,11.8336,8.771999999999998,20.605599999999995,17.543999999999997,64.0,48.0,112.0,96.0,1.0,1.0,2.0,2.0,1.0,3.0,4.0,6.0,0.5328999999999998,0.5621,1.095,1.1242,28.09,59.88999999999999,87.98,119.78,0.0,0.8900000000000002,0.8900000000000002,1.7800000000000005,0.0,2.0,2.0,4.0,0.0,0.0,0.0,0.0,0.0,-2.0,-2.0,-4.0,0.0,-0.04,-0.04,-0.08,0.0,-6.000000000000001,-6.000000000000001,-12.000000000000002,0.0,0.0,0.0,0.0,0.0,0.0,0.0,0.0,0.0,0.0,0.0,0.0,0.0,0.0,0.0,0.0,0.0,0.0,0.0,0.0,0.0,0.0,0.0,0.0,0.0,0.0,0.0,0.0,0.0,0.0,0.0,0.0,0.0,0.0,0.0,0.0,0.0,0.0,0.0,0.0,0.0,0.0,0.0,0.0,0.0,0.0,0.0,0.0,2283.85,1.38469,0.0,0.0,0.0,182.951,801.066,578.516,0.0,0.0,0.0,97.7943,0.04282,0.0309239,0.0,0.0,0.0,625.774,0.274,0.197878,7.35647,2.22262,6.35824
DB1-Uio66Zr-irmof6_A_No4,0.15,200.3555,486.6785999999997,920.8192000000004,4251.559199999997,4714.176000000003,12084.0,33088.0,72384.0,91776.0,54.0,152.0,432.0,672.0,632.0,2336.0,4812.0,6360.0,38.944800000000015,137.06480000000005,306.5663999999999,470.58720000000017,1.7689,36.60160000000001,26.493600000000004,105.06999999999996,1600.0,2560.0,7440.0,7360.0,1.0,8.0,10.0,24.0,64.0,176.0,368.0,464.0,2.3716000000000004,8.9936,15.369200000000005,27.22720000000001,0.0,-16.88,-6.619999999999998,-47.07999999999999,0.0,256.0,214.0,776.0,0.0,0.0,0.0,0.0,0.0,42.0,34.0,134.0,0.0,6.480000000000003,5.420000000000001,19.28,157.5819,315.99600000000004,519.8504000000001,589.112,660.0,1344.0,1958.0,2144.0,23.0,48.0,80.0,92.0,132.0,334.0,448.0,508.0,9.7487,23.284800000000008,34.3776,39.318000000000005,11.8336,8.771999999999998,20.605599999999995,17.543999999999997,64.0,48.0,112.0,96.0,1.0,1.0,2.0,2.0,1.0,3.0,4.0,6.0,0.5328999999999998,0.5621,1.095,1.1242,28.09,59.88999999999999,87.98,119.78,0.0,0.8900000000000002,0.8900000000000002,1.7800000000000005,0.0,2.0,2.0,4.0,0.0,0.0,0.0,0.0,0.0,-2.0,-2.0,-4.0,0.0,-0.04,-0.04,-0.08,0.0,-6.000000000000001,-6.000000000000001,-12.000000000000002,0.0,0.0,0.0,0.0,0.0,0.0,0.0,0.0,0.0,0.0,0.0,0.0,0.0,0.0,0.0,0.0,0.0,0.0,0.0,0.0,0.0,0.0,0.0,0.0,0.0,0.0,0.0,0.0,0.0,0.0,0.0,0.0,0.0,0.0,0.0,0.0,0.0,0.0,0.0,0.0,0.0,0.0,0.0,0.0,0.0,0.0,0.0,0.0,2283.85,1.38469,0.0,0.0,0.0,182.951,801.066,578.516,0.0,0.0,0.0,97.7943,0.04282,0.0309239,0.0,0.0,0.0,625.774,0.274,0.197878,7.35647,2.22262,6.35824
DB1-Uio66Zr-BDC_A-irmof6_A_No466,0.015,400.66693,486.6785999999997,920.8192000000006,4251.559199999997,4714.176000000003,12084.0,33088.0,72384.0,91776.0,54.0,152.0,432.0,672.0,632.0,2336.0,4812.0,6360.0,38.94480000000001,137.06480000000013,306.56640000000027,470.5872000000002,1.7689,36.60160000000001,26.493600000000004,105.06999999999998,1600.0,2560.0,7440.0,7360.0,1.0,8.0,10.0,24.0,64.0,176.0,368.0,464.0,2.3716000000000004,8.9936,15.369200000000005,27.22720000000001,0.0,-16.88,-6.619999999999998,-47.07999999999999,0.0,256.0,214.0,776.0,0.0,0.0,0.0,0.0,0.0,42.0,34.0,134.0,0.0,6.480000000000003,5.420000000000001,19.28,166.6187,308.55756666666656,447.4775999999999,582.7779999999999,803.0,1430.6666666666667,2190.0,2729.0,20.33333333333333,41.0,59.0,76.33333333333333,100.66666666666669,246.0,344.3333333333333,397.6666666666667,9.690566666666667,21.156433333333336,30.64923333333334,37.94363333333334,11.8336,8.771999999999998,20.605599999999995,17.543999999999997,64.0,48.0,112.0,96.0,1.0,1.0,2.0,2.0,1.0,3.0,4.0,6.0,0.5328999999999998,0.5621,1.095,1.1242,28.09,59.88999999999999,87.98,119.78,0.0,0.8900000000000002,0.8900000000000002,1.7800000000000005,0.0,2.0,2.0,4.0,0.0,0.0,0.0,0.0,0.0,-2.0,-2.0,-4.0,0.0,-0.04,-0.04,-0.08,0.0,-6.000000000000001,-6.000000000000001,-12.000000000000002,11.6896,16.371244444444446,17.77084444444444,35.40422222222222,63.16666666666666,61.44444444444445,97.11111111111111,191.38888888888889,1.0,1.9444444444444449,2.0,3.777777777777777,3.944444444444444,7.833333333333333,11.444444444444445,20.666666666666668,0.5345444444444443,0.8472500000000002,1.1226666666666667,2.085911111111112,29.57166666666667,83.17584694444444,118.88333333333333,202.23181188888887,0.0,1.8022222222222224,1.6366666666666667,2.551111111111111,0.0,7.555555555555556,3.6666666666666665,5.9444444444444455,0.0,0.0,0.0,0.0,0.0,0.0,-1.8888888888888888,-2.833333333333333,0.0,0.2655555555555555,-0.0733333333333334,-0.0911111111111112,0.0,-4.555925,-11.1,-16.822617222222224,2235.84,1.52629,0.0,0.0,0.0,183.411,820.319,537.461,0.0,0.0,0.0,94.2631,0.04216,0.0276226,0.0,0.0,0.0,584.673,0.2615,0.171331,7.31796,3.25594,7.31327
DB1-Uio66Zr-BDC_A-irmof6_A_No466,0.15,376.566925,486.6785999999997,920.8192000000006,4251.559199999997,4714.176000000003,12084.0,33088.0,72384.0,91776.0,54.0,152.0,432.0,672.0,632.0,2336.0,4812.0,6360.0,38.94480000000001,137.06480000000013,306.56640000000027,470.5872000000002,1.7689,36.60160000000001,26.493600000000004,105.06999999999998,1600.0,2560.0,7440.0,7360.0,1.0,8.0,10.0,24.0,64.0,176.0,368.0,464.0,2.3716000000000004,8.9936,15.369200000000005,27.22720000000001,0.0,-16.88,-6.619999999999998,-47.07999999999999,0.0,256.0,214.0,776.0,0.0,0.0,0.0,0.0,0.0,42.0,34.0,134.0,0.0,6.480000000000003,5.420000000000001,19.28,166.6187,308.55756666666656,447.4775999999999,582.7779999999999,803.0,1430.6666666666667,2190.0,2729.0,20.33333333333333,41.0,59.0,76.33333333333333,100.66666666666669,246.0,344.3333333333333,397.6666666666667,9.690566666666667,21.156433333333336,30.64923333333334,37.94363333333334,11.8336,8.771999999999998,20.605599999999995,17.543999999999997,64.0,48.0,112.0,96.0,1.0,1.0,2.0,2.0,1.0,3.0,4.0,6.0,0.5328999999999998,0.5621,1.095,1.1242,28.09,59.88999999999999,87.98,119.78,0.0,0.8900000000000002,0.8900000000000002,1.7800000000000005,0.0,2.0,2.0,4.0,0.0,0.0,0.0,0.0,0.0,-2.0,-2.0,-4.0,0.0,-0.04,-0.04,-0.08,0.0,-6.000000000000001,-6.000000000000001,-12.000000000000002,11.6896,16.371244444444446,17.77084444444444,35.40422222222222,63.16666666666666,61.44444444444445,97.11111111111111,191.38888888888889,1.0,1.9444444444444449,2.0,3.777777777777777,3.944444444444444,7.833333333333333,11.444444444444445,20.666666666666668,0.5345444444444443,0.8472500000000002,1.1226666666666667,2.085911111111112,29.57166666666667,83.17584694444444,118.88333333333333,202.23181188888887,0.0,1.8022222222222224,1.6366666666666667,2.551111111111111,0.0,7.555555555555556,3.6666666666666665,5.9444444444444455,0.0,0.0,0.0,0.0,0.0,0.0,-1.8888888888888888,-2.833333333333333,0.0,0.2655555555555555,-0.0733333333333334,-0.0911111111111112,0.0,-4.555925,-11.1,-16.822617222222224,2235.84,1.52629,0.0,0.0,0.0,183.411,820.319,537.461,0.0,0.0,0.0,94.2631,0.04216,0.0276226,0.0,0.0,0.0,584.673,0.2615,0.171331,7.31796,3.25594,7.31327
DB1-Uio66Zr-irmof10_A-irmof14_A_No360,0.015,5.08107,486.6785999999998,920.8191999999996,4251.5592,4714.176000000001,12084.0,33088.0,72384.0,91776.0,54.0,152.0,432.0,672.0,632.0,2336.0,4812.0,6360.0,38.94480000000004,137.06480000000013,306.56640000000016,470.5872000000002,1.7689,36.60160000000001,26.493600000000004,105.06999999999998,1600.0,2560.0,7440.0,7360.0,1.0,8.0,10.0,24.0,64.0,176.0,368.0,464.0,2.3716000000000004,8.9936,15.369200000000005,27.22720000000001,0.0,-16.88,-6.619999999999998,-47.07999999999999,0.0,256.0,214.0,776.0,0.0,0.0,0.0,0.0,0.0,42.0,34.0,134.0,0.0,6.480000000000003,5.420000000000001,19.28,207.5081333333333,422.32666666666665,656.1217333333333,834.1217333333334,1691.3333333333333,2070.6666666666665,3243.333333333333,4651.333333333333,30.0,62.66666666666666,98.0,127.33333333333331,160.66666666666666,400.0,583.3333333333334,682.0,13.86346666666667,31.64386666666668,47.72020000000001,58.89920000000003,11.8336,8.771999999999998,20.605599999999995,17.543999999999997,64.0,48.0,112.0,96.0,1.0,1.0,2.0,2.0,1.0,3.0,4.0,6.0,0.5328999999999998,0.5621,1.095,1.1242,28.09,59.88999999999999,87.98,119.78,0.0,0.8900000000000002,0.8900000000000002,1.7800000000000005,0.0,2.0,2.0,4.0,0.0,0.0,0.0,0.0,0.0,-2.0,-2.0,-4.0,0.0,-0.04,-0.04,-0.08,0.0,-6.000000000000001,-6.000000000000001,-12.000000000000002,9.1616,18.86466666666667,15.436,30.187600000000003,245.0,81.66666666666667,140.0,420.0,1.0,2.6666666666666665,2.0,4.0,7.666666666666667,13.0,16.0,26.666666666666668,0.68535,1.0900499999999995,1.2551,2.3305,119.13333333333333,164.82102333333336,218.46666666666667,428.993845,0.0,1.8766666666666667,0.9533333333333336,2.1300000000000003,0.0,15.666666666666666,11.333333333333334,22.0,0.0,0.0,0.0,0.0,0.0,3.0,-0.6666666666666666,0.6666666666666666,0.0,0.6783333333333333,0.0899999999999999,0.4516666666666666,0.0,3.1881500000000003,-3.2666666666666675,-2.489258333333335,4791.32,0.913021,903.37,1885.43,2065.05,0.0,0.0,0.0,959.509,0.20026,0.219338,0.0,0.0,0.0,2596.89,0.542,0.593634,0.0,0.0,0.0,10.06126,6.56005,9.98323
DB1-Uio66Zr-irmof10_A-irmof14_A_No360,0.15,49.90777,486.6785999999998,920.8191999999996,4251.5592,4714.176000000001,12084.0,33088.0,72384.0,91776.0,54.0,152.0,432.0,672.0,632.0,2336.0,4812.0,6360.0,38.94480000000004,137.06480000000013,306.56640000000016,470.5872000000002,1.7689,36.60160000000001,26.493600000000004,105.06999999999998,1600.0,2560.0,7440.0,7360.0,1.0,8.0,10.0,24.0,64.0,176.0,368.0,464.0,2.3716000000000004,8.9936,15.369200000000005,27.22720000000001,0.0,-16.88,-6.619999999999998,-47.07999999999999,0.0,256.0,214.0,776.0,0.0,0.0,0.0,0.0,0.0,42.0,34.0,134.0,0.0,6.480000000000003,5.420000000000001,19.28,207.5081333333333,422.32666666666665,656.1217333333333,834.1217333333334,1691.3333333333333,2070.6666666666665,3243.333333333333,4651.333333333333,30.0,62.66666666666666,98.0,127.33333333333331,160.66666666666666,400.0,583.3333333333334,682.0,13.86346666666667,31.64386666666668,47.72020000000001,58.89920000000003,11.8336,8.771999999999998,20.605599999999995,17.543999999999997,64.0,48.0,112.0,96.0,1.0,1.0,2.0,2.0,1.0,3.0,4.0,6.0,0.5328999999999998,0.5621,1.095,1.1242,28.09,59.88999999999999,87.98,119.78,0.0,0.8900000000000002,0.8900000000000002,1.7800000000000005,0.0,2.0,2.0,4.0,0.0,0.0,0.0,0.0,0.0,-2.0,-2.0,-4.0,0.0,-0.04,-0.04,-0.08,0.0,-6.000000000000001,-6.000000000000001,-12.000000000000002,9.1616,18.86466666666667,15.436,30.187600000000003,245.0,81.66666666666667,140.0,420.0,1.0,2.6666666666666665,2.0,4.0,7.666666666666667,13.0,16.0,26.666666666666668,0.68535,1.0900499999999995,1.2551,2.3305,119.13333333333333,164.82102333333336,218.46666666666667,428.993845,0.0,1.8766666666666667,0.9533333333333336,2.1300000000000003,0.0,15.666666666666666,11.333333333333334,22.0,0.0,0.0,0.0,0.0,0.0,3.0,-0.6666666666666666,0.6666666666666666,0.0,0.6783333333333333,0.0899999999999999,0.4516666666666666,0.0,3.1881500000000003,-3.2666666666666675,-2.489258333333335,4791.32,0.913021,903.37,1885.43,2065.05,0.0,0.0,0.0,959.509,0.20026,0.219338,0.0,0.0,0.0,2596.89,0.542,0.593634,0.0,0.0,0.0,10.06126,6.56005,9.98323
DB1-Uio66Zr-BDC_A-irmof7_A_No160,0.015,177.47724,486.6785999999997,920.8192000000006,4251.559199999997,4714.176000000003,12084.0,33088.0,72384.0,91776.0,54.0,152.0,432.0,672.0,632.0,2336.0,4812.0,6360.0,38.94480000000001,137.06480000000013,306.56640000000027,470.5872000000002,1.7689,36.60160000000001,26.493600000000004,105.06999999999998,1600.0,2560.0,7440.0,7360.0,1.0,8.0,10.0,24.0,64.0,176.0,368.0,464.0,2.3716000000000004,8.9936,15.369200000000005,27.22720000000001,0.0,-16.88,-6.619999999999998,-47.07999999999999,0.0,256.0,214.0,776.0,0.0,0.0,0.0,0.0,0.0,42.0,34.0,134.0,0.0,6.480000000000003,5.420000000000001,19.28,145.07233333333332,263.29349999999994,402.3283999999999,500.08496666666656,1116.3333333333333,1492.0,2380.0,2906.0,18.0,36.333333333333336,54.0,67.66666666666667,90.33333333333331,219.0,302.0,319.6666666666667,9.801533333333332,20.12643333333334,29.867,36.00916666666667,11.8336,8.771999999999998,20.605599999999995,17.543999999999997,64.0,48.0,112.0,96.0,1.0,1.0,2.0,2.0,1.0,3.0,4.0,6.0,0.5328999999999998,0.5621,1.095,1.1242,28.09,59.88999999999999,87.98,119.78,0.0,0.8900000000000002,0.8900000000000002,1.7800000000000005,0.0,2.0,2.0,4.0,0.0,0.0,0.0,0.0,0.0,-2.0,-2.0,-4.0,0.0,-0.04,-0.04,-0.08,0.0,-6.000000000000001,-6.000000000000001,-12.000000000000002,10.2936,9.438333333333333,16.354,32.46668888888889,251.5,94.33333333333331,186.0,304.72222222222223,1.0,1.1666666666666667,2.0,4.0,1.5,3.8333333333333335,7.0,11.888888888888888,0.9055666666666666,0.77395,1.4578666666666666,2.5792444444444445,182.315,151.44628050000003,294.93,500.146505,0.0,0.8633333333333336,1.313333333333334,2.7205555555555563,0.0,10.666666666666666,19.0,41.72222222222222,0.0,0.0,0.0,0.0,0.0,-1.6666666666666667,-3.6666666666666665,-5.444444444444444,0.0,0.2366666666666666,0.3533333333333333,1.0488888888888888,0.0,1.882148333333332,3.499999999999998,13.994074999999995,2235.84,1.60018,0.0,0.0,0.0,174.907,782.285,488.874,0.0,0.0,0.0,70.8315,0.03168,0.0197978,0.0,0.0,0.0,497.475,0.2225,0.139047,6.32717,2.73576,6.26109
DB1-Uio66Zr-BDC_A-irmof7_A_No160,0.15,173.485535,486.6785999999997,920.8192000000006,4251.559199999997,4714.176000000003,12084.0,33088.0,72384.0,91776.0,54.0,152.0,432.0,672.0,632.0,2336.0,4812.0,6360.0,38.94480000000001,137.06480000000013,306.56640000000027,470.5872000000002,1.7689,36.60160000000001,26.493600000000004,105.06999999999998,1600.0,2560.0,7440.0,7360.0,1.0,8.0,10.0,24.0,64.0,176.0,368.0,464.0,2.3716000000000004,8.9936,15.369200000000005,27.22720000000001,0.0,-16.88,-6.619999999999998,-47.07999999999999,0.0,256.0,214.0,776.0,0.0,0.0,0.0,0.0,0.0,42.0,34.0,134.0,0.0,6.480000000000003,5.420000000000001,19.28,145.07233333333332,263.29349999999994,402.3283999999999,500.08496666666656,1116.3333333333333,1492.0,2380.0,2906.0,18.0,36.333333333333336,54.0,67.66666666666667,90.33333333333331,219.0,302.0,319.6666666666667,9.801533333333332,20.12643333333334,29.867,36.00916666666667,11.8336,8.771999999999998,20.605599999999995,17.543999999999997,64.0,48.0,112.0,96.0,1.0,1.0,2.0,2.0,1.0,3.0,4.0,6.0,0.5328999999999998,0.5621,1.095,1.1242,28.09,59.88999999999999,87.98,119.78,0.0,0.8900000000000002,0.8900000000000002,1.7800000000000005,0.0,2.0,2.0,4.0,0.0,0.0,0.0,0.0,0.0,-2.0,-2.0,-4.0,0.0,-0.04,-0.04,-0.08,0.0,-6.000000000000001,-6.000000000000001,-12.000000000000002,10.2936,9.438333333333333,16.354,32.46668888888889,251.5,94.33333333333331,186.0,304.72222222222223,1.0,1.1666666666666667,2.0,4.0,1.5,3.8333333333333335,7.0,11.888888888888888,0.9055666666666666,0.77395,1.4578666666666666,2.5792444444444445,182.315,151.44628050000003,294.93,500.146505,0.0,0.8633333333333336,1.313333333333334,2.7205555555555563,0.0,10.666666666666666,19.0,41.72222222222222,0.0,0.0,0.0,0.0,0.0,-1.6666666666666667,-3.6666666666666665,-5.444444444444444,0.0,0.2366666666666666,0.3533333333333333,1.0488888888888888,0.0,1.882148333333332,3.499999999999998,13.994074999999995,2235.84,1.60018,0.0,0.0,0.0,174.907,782.285,488.874,0.0,0.0,0.0,70.8315,0.03168,0.0197978,0.0,0.0,0.0,497.475,0.2225,0.139047,6.32717,2.73576,6.26109
DB1-Uio66Zr-irmof14_A_No6,0.015,8.16987,486.6785999999998,920.8192,4251.559199999996,4714.176000000002,12084.0,33088.0,72384.0,91776.0,54.0,152.0,432.0,672.0,632.0,2336.0,4812.0,6360.0,38.94480000000001,137.06480000000008,306.56640000000004,470.5872000000002,1.7689,36.60160000000001,26.493600000000004,105.06999999999998,1600.0,2560.0,7440.0,7360.0,1.0,8.0,10.0,24.0,64.0,176.0,368.0,464.0,2.3716000000000004,8.9936,15.369200000000005,27.22720000000001,0.0,-16.88,-6.619999999999998,-47.07999999999999,0.0,256.0,214.0,776.0,0.0,0.0,0.0,0.0,0.0,42.0,34.0,134.0,0.0,6.480000000000003,5.420000000000001,19.28,213.3906,442.8329999999999,732.7743999999999,953.866,1488.0,2376.0,3904.0,4772.0,30.0,66.0,108.0,144.0,174.0,450.0,700.0,832.0,15.585400000000002,35.866600000000005,57.51000000000001,72.45920000000001,11.8336,8.771999999999998,20.605599999999995,17.543999999999997,64.0,48.0,112.0,96.0,1.0,1.0,2.0,2.0,1.0,3.0,4.0,6.0,0.5328999999999998,0.5621,1.095,1.1242,28.09,59.88999999999999,87.98,119.78,0.0,0.8900000000000002,0.8900000000000002,1.7800000000000005,0.0,2.0,2.0,4.0,0.0,0.0,0.0,0.0,0.0,-2.0,-2.0,-4.0,0.0,-0.04,-0.04,-0.08,0.0,-6.000000000000001,-6.000000000000001,-12.000000000000002,9.985600000000003,8.058,16.116,31.126,289.0,102.0,204.0,323.0,1.0,1.0,2.0,4.0,1.0,3.0,6.0,10.0,0.9801,0.7622999999999999,1.5245999999999995,2.6532,213.16,164.98000000000002,329.96000000000004,560.7438060000001,0.0,0.6100000000000003,1.2200000000000006,2.790000000000001,0.0,11.0,22.0,49.0,0.0,0.0,0.0,0.0,0.0,-2.0,-4.0,-6.0,0.0,0.2199999999999999,0.4399999999999999,1.28,0.0,3.2999999999999985,6.599999999999997,19.992889999999992,4754.42,0.985707,0.0,0.0,0.0,645.838,1358.4,1378.09,0.0,0.0,0.0,591.45,0.1244,0.126204,0.0,0.0,0.0,1951.69,0.4105,0.416452,10.01691,3.68063,9.90503
DB1-Uio66Zr-irmof14_A_No6,0.15,62.69405,486.6785999999998,920.8192,4251.559199999996,4714.176000000002,12084.0,33088.0,72384.0,91776.0,54.0,152.0,432.0,672.0,632.0,2336.0,4812.0,6360.0,38.94480000000001,137.06480000000008,306.56640000000004,470.5872000000002,1.7689,36.60160000000001,26.493600000000004,105.06999999999998,1600.0,2560.0,7440.0,7360.0,1.0,8.0,10.0,24.0,64.0,176.0,368.0,464.0,2.3716000000000004,8.9936,15.369200000000005,27.22720000000001,0.0,-16.88,-6.619999999999998,-47.07999999999999,0.0,256.0,214.0,776.0,0.0,0.0,0.0,0.0,0.0,42.0,34.0,134.0,0.0,6.480000000000003,5.420000000000001,19.28,213.3906,442.8329999999999,732.7743999999999,953.866,1488.0,2376.0,3904.0,4772.0,30.0,66.0,108.0,144.0,174.0,450.0,700.0,832.0,15.585400000000002,35.866600000000005,57.51000000000001,72.45920000000001,11.8336,8.771999999999998,20.605599999999995,17.543999999999997,64.0,48.0,112.0,96.0,1.0,1.0,2.0,2.0,1.0,3.0,4.0,6.0,0.5328999999999998,0.5621,1.095,1.1242,28.09,59.88999999999999,87.98,119.78,0.0,0.8900000000000002,0.8900000000000002,1.7800000000000005,0.0,2.0,2.0,4.0,0.0,0.0,0.0,0.0,0.0,-2.0,-2.0,-4.0,0.0,-0.04,-0.04,-0.08,0.0,-6.000000000000001,-6.000000000000001,-12.000000000000002,9.985600000000003,8.058,16.116,31.126,289.0,102.0,204.0,323.0,1.0,1.0,2.0,4.0,1.0,3.0,6.0,10.0,0.9801,0.7622999999999999,1.5245999999999995,2.6532,213.16,164.98000000000002,329.96000000000004,560.7438060000001,0.0,0.6100000000000003,1.2200000000000006,2.790000000000001,0.0,11.0,22.0,49.0,0.0,0.0,0.0,0.0,0.0,-2.0,-4.0,-6.0,0.0,0.2199999999999999,0.4399999999999999,1.28,0.0,3.2999999999999985,6.599999999999997,19.992889999999992,4754.42,0.985707,0.0,0.0,0.0,645.838,1358.4,1378.09,0.0,0.0,0.0,591.45,0.1244,0.126204,0.0,0.0,0.0,1951.69,0.4105,0.416452,10.01691,3.68063,9.90503
DB1-Uio66Zr-BDC_A-irmof6_A_No114,0.015,667.559795,486.6785999999998,920.8191999999996,4251.5592000000015,4714.176000000001,12084.0,33088.0,72384.0,91776.0,54.0,152.0,432.0,672.0,632.0,2336.0,4812.0,6360.0,38.94480000000005,137.06480000000013,306.56640000000016,470.5872000000002,1.7689,36.60160000000001,26.493600000000004,105.06999999999996,1600.0,2560.0,7440.0,7360.0,1.0,8.0,10.0,24.0,64.0,176.0,368.0,464.0,2.3716000000000004,8.9936,15.369200000000005,27.22720000000001,0.0,-16.88,-6.619999999999998,-47.07999999999999,0.0,256.0,214.0,776.0,0.0,0.0,0.0,0.0,0.0,42.0,34.0,134.0,0.0,6.480000000000003,5.420000000000001,19.280000000000005,186.49346666666668,364.8248333333334,602.1121333333333,689.2801666666666,741.6666666666666,1457.3333333333333,2203.333333333333,2662.6666666666665,27.666666666666668,55.66666666666666,94.0,105.66666666666669,150.33333333333334,360.0,495.3333333333333,656.3333333333334,11.107566666666663,25.93143333333334,38.55446666666667,47.904966666666674,11.8336,8.771999999999998,20.605599999999995,17.543999999999997,64.0,48.0,112.0,96.0,1.0,1.0,2.0,2.0,1.0,3.0,4.0,6.0,0.5328999999999998,0.5621,1.095,1.1242,28.09,59.88999999999999,87.98,119.78,0.0,0.8900000000000002,0.8900000000000002,1.7800000000000005,0.0,2.0,2.0,4.0,0.0,0.0,0.0,0.0,0.0,-2.0,-2.0,-4.0,0.0,-0.04,-0.04,-0.08,0.0,-6.000000000000001,-6.000000000000001,-12.000000000000002,1.9722666666666664,2.0926666666666667,3.434266666666666,3.554666666666666,10.666666666666666,8.666666666666666,18.666666666666668,16.666666666666668,0.1666666666666666,0.25,0.3333333333333333,0.4166666666666667,0.4166666666666667,0.9166666666666666,1.0833333333333333,1.5833333333333333,0.0888166666666666,0.1161916666666666,0.1825,0.209875,4.681666666666667,11.972306916666668,14.663333333333334,21.953973583333333,0.0,0.2516666666666667,0.1483333333333333,0.4000000000000001,0.0,0.9166666666666666,0.3333333333333333,1.25,0.0,0.0,0.0,0.0,0.0,-0.1666666666666666,-0.25,-0.5,0.0,0.0233333333333333,-0.0066666666666666,0.0166666666666666,0.0,-0.9339258333333336,-1.0000000000000002,-1.9339258333333336,2235.84,1.52895,0.0,0.0,0.0,170.401,762.133,498.469,0.0,0.0,0.0,87.4215,0.0391,0.0255732,0.0,0.0,0.0,553.371,0.2475,0.161876,7.31796,2.24985,7.31327
DB1-Uio66Zr-BDC_A-irmof6_A_No114,0.15,413.248575,486.6785999999998,920.8191999999996,4251.5592000000015,4714.176000000001,12084.0,33088.0,72384.0,91776.0,54.0,152.0,432.0,672.0,632.0,2336.0,4812.0,6360.0,38.94480000000005,137.06480000000013,306.56640000000016,470.5872000000002,1.7689,36.60160000000001,26.493600000000004,105.06999999999996,1600.0,2560.0,7440.0,7360.0,1.0,8.0,10.0,24.0,64.0,176.0,368.0,464.0,2.3716000000000004,8.9936,15.369200000000005,27.22720000000001,0.0,-16.88,-6.619999999999998,-47.07999999999999,0.0,256.0,214.0,776.0,0.0,0.0,0.0,0.0,0.0,42.0,34.0,134.0,0.0,6.480000000000003,5.420000000000001,19.280000000000005,186.49346666666668,364.8248333333334,602.1121333333333,689.2801666666666,741.6666666666666,1457.3333333333333,2203.333333333333,2662.6666666666665,27.666666666666668,55.66666666666666,94.0,105.66666666666669,150.33333333333334,360.0,495.3333333333333,656.3333333333334,11.107566666666663,25.93143333333334,38.55446666666667,47.904966666666674,11.8336,8.771999999999998,20.605599999999995,17.543999999999997,64.0,48.0,112.0,96.0,1.0,1.0,2.0,2.0,1.0,3.0,4.0,6.0,0.5328999999999998,0.5621,1.095,1.1242,28.09,59.88999999999999,87.98,119.78,0.0,0.8900000000000002,0.8900000000000002,1.7800000000000005,0.0,2.0,2.0,4.0,0.0,0.0,0.0,0.0,0.0,-2.0,-2.0,-4.0,0.0,-0.04,-0.04,-0.08,0.0,-6.000000000000001,-6.000000000000001,-12.000000000000002,1.9722666666666664,2.0926666666666667,3.434266666666666,3.554666666666666,10.666666666666666,8.666666666666666,18.666666666666668,16.666666666666668,0.1666666666666666,0.25,0.3333333333333333,0.4166666666666667,0.4166666666666667,0.9166666666666666,1.0833333333333333,1.5833333333333333,0.0888166666666666,0.1161916666666666,0.1825,0.209875,4.681666666666667,11.972306916666668,14.663333333333334,21.953973583333333,0.0,0.2516666666666667,0.1483333333333333,0.4000000000000001,0.0,0.9166666666666666,0.3333333333333333,1.25,0.0,0.0,0.0,0.0,0.0,-0.1666666666666666,-0.25,-0.5,0.0,0.0233333333333333,-0.0066666666666666,0.0166666666666666,0.0,-0.9339258333333336,-1.0000000000000002,-1.9339258333333336,2235.84,1.52895,0.0,0.0,0.0,170.401,762.133,498.469,0.0,0.0,0.0,87.4215,0.0391,0.0255732,0.0,0.0,0.0,553.371,0.2475,0.161876,7.31796,2.24985,7.31327
DB1-Uio66Zr-BDC_A-irmof7_A_No386,0.015,116.75985,486.6785999999997,920.8192000000006,4251.559199999997,4714.176000000003,12084.0,33088.0,72384.0,91776.0,54.0,152.0,432.0,672.0,632.0,2336.0,4812.0,6360.0,38.94480000000001,137.06480000000013,306.56640000000027,470.5872000000002,1.7689,36.60160000000001,26.493600000000004,105.06999999999998,1600.0,2560.0,7440.0,7360.0,1.0,8.0,10.0,24.0,64.0,176.0,368.0,464.0,2.3716000000000004,8.9936,15.369200000000005,27.22720000000001,0.0,-16.88,-6.619999999999998,-47.07999999999999,0.0,256.0,214.0,776.0,0.0,0.0,0.0,0.0,0.0,42.0,34.0,134.0,0.0,6.480000000000003,5.420000000000001,19.28,138.4686,258.7101666666667,389.9864,475.12803333333335,647.0,1188.6666666666667,1770.0,1915.3333333333333,18.166666666666668,36.66666666666666,54.333333333333336,68.33333333333333,91.0,220.66666666666663,305.0,325.3333333333333,8.485016666666667,18.717533333333336,26.9641,30.948433333333337,11.8336,8.771999999999998,20.605599999999995,17.543999999999997,64.0,48.0,112.0,96.0,1.0,1.0,2.0,2.0,1.0,3.0,4.0,6.0,0.5328999999999998,0.5621,1.095,1.1242,28.09,59.88999999999999,87.98,119.78,0.0,0.8900000000000002,0.8900000000000002,1.7800000000000005,0.0,2.0,2.0,4.0,0.0,0.0,0.0,0.0,0.0,-2.0,-2.0,-4.0,0.0,-0.04,-0.04,-0.08,0.0,-6.000000000000001,-6.000000000000001,-12.000000000000002,11.8336,16.34,17.543999999999997,34.59493333333333,64.0,56.0,96.0,161.33333333333334,1.0,2.0,2.0,4.0,4.0,8.0,12.0,20.33333333333333,0.5328999999999998,0.8322000000000002,1.1242,2.0002,28.09,83.77768300000001,119.78,204.25806916666667,0.0,2.1299999999999994,1.7800000000000005,3.7033333333333336,0.0,9.0,4.0,11.833333333333334,0.0,0.0,0.0,0.0,0.0,0.0,-2.0,-2.1666666666666665,0.0,0.3199999999999999,-0.08,0.1799999999999998,0.0,-5.207110000000001,-12.000000000000002,-17.339258333333337,2235.84,1.35624,0.0,0.0,0.0,244.109,1091.8,805.018,0.0,0.0,0.0,118.634,0.05306,0.0391229,0.0,0.0,0.0,679.696,0.304,0.224149,7.04952,3.70223,7.04952
DB1-Uio66Zr-BDC_A-irmof7_A_No386,0.15,138.23335,486.6785999999997,920.8192000000006,4251.559199999997,4714.176000000003,12084.0,33088.0,72384.0,91776.0,54.0,152.0,432.0,672.0,632.0,2336.0,4812.0,6360.0,38.94480000000001,137.06480000000013,306.56640000000027,470.5872000000002,1.7689,36.60160000000001,26.493600000000004,105.06999999999998,1600.0,2560.0,7440.0,7360.0,1.0,8.0,10.0,24.0,64.0,176.0,368.0,464.0,2.3716000000000004,8.9936,15.369200000000005,27.22720000000001,0.0,-16.88,-6.619999999999998,-47.07999999999999,0.0,256.0,214.0,776.0,0.0,0.0,0.0,0.0,0.0,42.0,34.0,134.0,0.0,6.480000000000003,5.420000000000001,19.28,138.4686,258.7101666666667,389.9864,475.12803333333335,647.0,1188.6666666666667,1770.0,1915.3333333333333,18.166666666666668,36.66666666666666,54.333333333333336,68.33333333333333,91.0,220.66666666666663,305.0,325.3333333333333,8.485016666666667,18.717533333333336,26.9641,30.948433333333337,11.8336,8.771999999999998,20.605599999999995,17.543999999999997,64.0,48.0,112.0,96.0,1.0,1.0,2.0,2.0,1.0,3.0,4.0,6.0,0.5328999999999998,0.5621,1.095,1.1242,28.09,59.88999999999999,87.98,119.78,0.0,0.8900000000000002,0.8900000000000002,1.7800000000000005,0.0,2.0,2.0,4.0,0.0,0.0,0.0,0.0,0.0,-2.0,-2.0,-4.0,0.0,-0.04,-0.04,-0.08,0.0,-6.000000000000001,-6.000000000000001,-12.000000000000002,11.8336,16.34,17.543999999999997,34.59493333333333,64.0,56.0,96.0,161.33333333333334,1.0,2.0,2.0,4.0,4.0,8.0,12.0,20.33333333333333,0.5328999999999998,0.8322000000000002,1.1242,2.0002,28.09,83.77768300000001,119.78,204.25806916666667,0.0,2.1299999999999994,1.7800000000000005,3.7033333333333336,0.0,9.0,4.0,11.833333333333334,0.0,0.0,0.0,0.0,0.0,0.0,-2.0,-2.1666666666666665,0.0,0.3199999999999999,-0.08,0.1799999999999998,0.0,-5.207110000000001,-12.000000000000002,-17.339258333333337,2235.84,1.35624,0.0,0.0,0.0,244.109,1091.8,805.018,0.0,0.0,0.0,118.634,0.05306,0.0391229,0.0,0.0,0.0,679.696,0.304,0.224149,7.04952,3.70223,7.04952
DB1-Uio66Zr-BDC_A-irmof6_A_No163,0.015,166.49133,486.6785999999997,920.8192000000006,4251.559199999997,4714.176000000003,12084.0,33088.0,72384.0,91776.0,54.0,152.0,432.0,672.0,632.0,2336.0,4812.0,6360.0,38.94480000000001,137.06480000000013,306.56640000000027,470.5872000000002,1.7689,36.60160000000001,26.493600000000004,105.06999999999998,1600.0,2560.0,7440.0,7360.0,1.0,8.0,10.0,24.0,64.0,176.0,368.0,464.0,2.3716000000000004,8.9936,15.369200000000005,27.22720000000001,0.0,-16.88,-6.619999999999998,-47.07999999999999,0.0,256.0,214.0,776.0,0.0,0.0,0.0,0.0,0.0,42.0,34.0,134.0,0.0,6.480000000000003,5.420000000000001,19.28,141.12779999999998,254.83483333333325,397.5321333333332,473.0084999999999,1095.0,1457.3333333333333,2303.333333333333,2719.333333333333,17.666666666666668,35.666666666666664,54.0,65.66666666666667,90.33333333333331,220.0,295.3333333333333,306.3333333333333,9.6239,19.77143333333333,29.194466666666667,34.36763333333334,11.8336,8.771999999999998,20.605599999999995,17.543999999999997,64.0,48.0,112.0,96.0,1.0,1.0,2.0,2.0,1.0,3.0,4.0,6.0,0.5328999999999998,0.5621,1.095,1.1242,28.09,59.88999999999999,87.98,119.78,0.0,0.8900000000000002,0.8900000000000002,1.7800000000000005,0.0,2.0,2.0,4.0,0.0,0.0,0.0,0.0,0.0,-2.0,-2.0,-4.0,0.0,-0.04,-0.04,-0.08,0.0,-6.000000000000001,-6.000000000000001,-12.000000000000002,10.2936,8.807666666666666,16.864266666666666,29.493,251.5,93.66666666666669,188.66666666666663,285.8333333333333,1.0,1.0833333333333333,2.0,3.75,1.25,3.4166666666666665,6.083333333333333,9.916666666666666,0.9055666666666666,0.7514416666666667,1.453,2.420875,182.31500000000003,149.45564025000002,289.63000000000005,489.2404785833334,0.0,0.7600000000000003,1.1650000000000007,2.725000000000001,0.0,10.083333333333334,18.666666666666668,42.083333333333336,0.0,0.0,0.0,0.0,0.0,-1.8333333333333333,-3.583333333333333,-5.5,0.0,0.2066666666666666,0.3599999999999999,1.0833333333333333,0.0,1.816074166666665,4.499999999999998,14.726815833333328,2235.84,1.57641,0.0,0.0,0.0,170.228,761.36,482.97,0.0,0.0,0.0,85.0962,0.03806,0.0241434,0.0,0.0,0.0,535.484,0.2395,0.151927,7.31796,2.72463,7.31339
DB1-Uio66Zr-BDC_A-irmof6_A_No163,0.15,154.641025,486.6785999999997,920.8192000000006,4251.559199999997,4714.176000000003,12084.0,33088.0,72384.0,91776.0,54.0,152.0,432.0,672.0,632.0,2336.0,4812.0,6360.0,38.94480000000001,137.06480000000013,306.56640000000027,470.5872000000002,1.7689,36.60160000000001,26.493600000000004,105.06999999999998,1600.0,2560.0,7440.0,7360.0,1.0,8.0,10.0,24.0,64.0,176.0,368.0,464.0,2.3716000000000004,8.9936,15.369200000000005,27.22720000000001,0.0,-16.88,-6.619999999999998,-47.07999999999999,0.0,256.0,214.0,776.0,0.0,0.0,0.0,0.0,0.0,42.0,34.0,134.0,0.0,6.480000000000003,5.420000000000001,19.28,141.12779999999998,254.83483333333325,397.5321333333332,473.0084999999999,1095.0,1457.3333333333333,2303.333333333333,2719.333333333333,17.666666666666668,35.666666666666664,54.0,65.66666666666667,90.33333333333331,220.0,295.3333333333333,306.3333333333333,9.6239,19.77143333333333,29.194466666666667,34.36763333333334,11.8336,8.771999999999998,20.605599999999995,17.543999999999997,64.0,48.0,112.0,96.0,1.0,1.0,2.0,2.0,1.0,3.0,4.0,6.0,0.5328999999999998,0.5621,1.095,1.1242,28.09,59.88999999999999,87.98,119.78,0.0,0.8900000000000002,0.8900000000000002,1.7800000000000005,0.0,2.0,2.0,4.0,0.0,0.0,0.0,0.0,0.0,-2.0,-2.0,-4.0,0.0,-0.04,-0.04,-0.08,0.0,-6.000000000000001,-6.000000000000001,-12.000000000000002,10.2936,8.807666666666666,16.864266666666666,29.493,251.5,93.66666666666669,188.66666666666663,285.8333333333333,1.0,1.0833333333333333,2.0,3.75,1.25,3.4166666666666665,6.083333333333333,9.916666666666666,0.9055666666666666,0.7514416666666667,1.453,2.420875,182.31500000000003,149.45564025000002,289.63000000000005,489.2404785833334,0.0,0.7600000000000003,1.1650000000000007,2.725000000000001,0.0,10.083333333333334,18.666666666666668,42.083333333333336,0.0,0.0,0.0,0.0,0.0,-1.8333333333333333,-3.583333333333333,-5.5,0.0,0.2066666666666666,0.3599999999999999,1.0833333333333333,0.0,1.816074166666665,4.499999999999998,14.726815833333328,2235.84,1.57641,0.0,0.0,0.0,170.228,761.36,482.97,0.0,0.0,0.0,85.0962,0.03806,0.0241434,0.0,0.0,0.0,535.484,0.2395,0.151927,7.31796,2.72463,7.31339
DB1-Uio66Zr-irmof10_A-irmof14_A_No21,0.015,3.415065,486.6785999999998,920.8191999999996,4251.5592000000015,4714.176000000001,12084.0,33088.0,72384.0,91776.0,54.0,152.0,432.0,672.0,632.0,2336.0,4812.0,6360.0,38.94480000000005,137.06480000000013,306.56640000000016,470.5872000000002,1.7689,36.60160000000001,26.493600000000004,105.06999999999998,1600.0,2560.0,7440.0,7360.0,1.0,8.0,10.0,24.0,64.0,176.0,368.0,464.0,2.3716000000000004,8.9936,15.369200000000005,27.22720000000001,0.0,-16.88,-6.619999999999998,-47.07999999999999,0.0,256.0,214.0,776.0,0.0,0.0,0.0,0.0,0.0,42.0,34.0,134.0,0.0,6.480000000000003,5.420000000000001,19.28,183.1396,369.6480000000001,586.4044,727.6793333333334,888.0,1696.0,2544.0,2762.0,26.666666666666668,56.0,88.0,114.0,144.0,360.0,520.0,575.3333333333334,12.203733333333338,28.34626666666668,42.46933333333335,49.66686666666667,11.8336,8.771999999999998,20.605599999999995,17.543999999999997,64.0,48.0,112.0,96.0,1.0,1.0,2.0,2.0,1.0,3.0,4.0,6.0,0.5328999999999998,0.5621,1.095,1.1242,28.09,59.88999999999999,87.98,119.78,0.0,0.8900000000000002,0.8900000000000002,1.7800000000000005,0.0,2.0,2.0,4.0,0.0,0.0,0.0,0.0,0.0,-2.0,-2.0,-4.0,0.0,-0.04,-0.04,-0.08,0.0,-6.000000000000001,-6.000000000000001,-12.000000000000002,1.664266666666667,1.343,2.686,5.187666666666667,48.16666666666666,17.0,34.0,53.833333333333336,0.1666666666666666,0.1666666666666666,0.3333333333333333,0.6666666666666666,0.1666666666666666,0.5,1.0,1.6666666666666667,0.16335,0.12705,0.2541,0.4422,35.526666666666664,27.49666666666667,54.99333333333334,93.45730100000002,0.0,0.1016666666666667,0.2033333333333334,0.4650000000000001,0.0,1.8333333333333333,3.6666666666666665,8.166666666666666,0.0,0.0,0.0,0.0,0.0,-0.3333333333333333,-0.6666666666666666,-1.0,0.0,0.0366666666666666,0.0733333333333333,0.2133333333333333,0.0,0.5499999999999998,1.0999999999999996,3.3321483333333326,4791.32,0.775486,990.097,2066.44,2664.7,0.0,0.0,0.0,1131.42,0.23614,0.304506,0.0,0.0,0.0,2778.96,0.58,0.747918,0.0,0.0,0.0,10.06126,6.56005,9.98323
DB1-Uio66Zr-irmof10_A-irmof14_A_No21,0.15,19.12908,486.6785999999998,920.8191999999996,4251.5592000000015,4714.176000000001,12084.0,33088.0,72384.0,91776.0,54.0,152.0,432.0,672.0,632.0,2336.0,4812.0,6360.0,38.94480000000005,137.06480000000013,306.56640000000016,470.5872000000002,1.7689,36.60160000000001,26.493600000000004,105.06999999999998,1600.0,2560.0,7440.0,7360.0,1.0,8.0,10.0,24.0,64.0,176.0,368.0,464.0,2.3716000000000004,8.9936,15.369200000000005,27.22720000000001,0.0,-16.88,-6.619999999999998,-47.07999999999999,0.0,256.0,214.0,776.0,0.0,0.0,0.0,0.0,0.0,42.0,34.0,134.0,0.0,6.480000000000003,5.420000000000001,19.28,183.1396,369.6480000000001,586.4044,727.6793333333334,888.0,1696.0,2544.0,2762.0,26.666666666666668,56.0,88.0,114.0,144.0,360.0,520.0,575.3333333333334,12.203733333333338,28.34626666666668,42.46933333333335,49.66686666666667,11.8336,8.771999999999998,20.605599999999995,17.543999999999997,64.0,48.0,112.0,96.0,1.0,1.0,2.0,2.0,1.0,3.0,4.0,6.0,0.5328999999999998,0.5621,1.095,1.1242,28.09,59.88999999999999,87.98,119.78,0.0,0.8900000000000002,0.8900000000000002,1.7800000000000005,0.0,2.0,2.0,4.0,0.0,0.0,0.0,0.0,0.0,-2.0,-2.0,-4.0,0.0,-0.04,-0.04,-0.08,0.0,-6.000000000000001,-6.000000000000001,-12.000000000000002,1.664266666666667,1.343,2.686,5.187666666666667,48.16666666666666,17.0,34.0,53.833333333333336,0.1666666666666666,0.1666666666666666,0.3333333333333333,0.6666666666666666,0.1666666666666666,0.5,1.0,1.6666666666666667,0.16335,0.12705,0.2541,0.4422,35.526666666666664,27.49666666666667,54.99333333333334,93.45730100000002,0.0,0.1016666666666667,0.2033333333333334,0.4650000000000001,0.0,1.8333333333333333,3.6666666666666665,8.166666666666666,0.0,0.0,0.0,0.0,0.0,-0.3333333333333333,-0.6666666666666666,-1.0,0.0,0.0366666666666666,0.0733333333333333,0.2133333333333333,0.0,0.5499999999999998,1.0999999999999996,3.3321483333333326,4791.32,0.775486,990.097,2066.44,2664.7,0.0,0.0,0.0,1131.42,0.23614,0.304506,0.0,0.0,0.0,2778.96,0.58,0.747918,0.0,0.0,0.0,10.06126,6.56005,9.98323
DB1-Uio66Zr-BDC_A-irmof6_A_No385,0.015,248.352355,486.6785999999997,920.8192000000004,4251.559199999997,4714.176000000002,12084.0,33088.0,72384.0,91776.0,54.0,152.0,432.0,672.0,632.0,2336.0,4812.0,6360.0,38.94480000000002,137.06480000000008,306.5664,470.58720000000017,1.7689,36.60160000000001,26.493600000000004,105.06999999999996,1600.0,2560.0,7440.0,7360.0,1.0,8.0,10.0,24.0,64.0,176.0,368.0,464.0,2.3716000000000004,8.9936,15.369200000000005,27.22720000000001,0.0,-16.88,-6.619999999999998,-47.07999999999999,0.0,256.0,214.0,776.0,0.0,0.0,0.0,0.0,0.0,42.0,34.0,134.0,0.0,6.480000000000003,5.420000000000001,19.280000000000005,171.40616666666668,336.3685,496.3017333333334,621.8953333333335,737.6666666666666,1398.0,2109.333333333333,2585.333333333333,23.5,47.333333333333336,71.66666666666667,89.0,119.66666666666669,290.3333333333333,407.6666666666667,509.0,10.085816666666666,22.87833333333333,33.19890000000001,41.57156666666668,11.8336,8.771999999999998,20.605599999999995,17.543999999999997,64.0,48.0,112.0,96.0,1.0,1.0,2.0,2.0,1.0,3.0,4.0,6.0,0.5328999999999998,0.5621,1.095,1.1242,28.09,59.88999999999999,87.98,119.78,0.0,0.8900000000000002,0.8900000000000002,1.7800000000000005,0.0,2.0,2.0,4.0,0.0,0.0,0.0,0.0,0.0,-2.0,-2.0,-4.0,0.0,-0.04,-0.04,-0.08,0.0,-6.000000000000001,-6.000000000000001,-12.000000000000002,9.6736,20.33,15.844,32.72866666666667,51.5,56.0,86.0,171.16666666666666,1.0,2.833333333333333,2.0,4.0,8.166666666666666,13.833333333333334,17.0,33.333333333333336,0.5575666666666667,1.08245,1.1498666666666668,2.238566666666667,50.315,139.23397050000003,159.33,288.6096138333333,0.0,2.1633333333333336,1.1133333333333335,1.8766666666666671,0.0,12.333333333333334,2.333333333333333,4.666666666666667,0.0,0.0,0.0,0.0,0.0,3.333333333333333,-0.3333333333333333,-0.3333333333333333,0.0,0.67,-0.0466666666666667,-0.01,0.0,0.7036316666666669,-8.5,-12.617851666666668,2235.84,1.49013,0.0,0.0,0.0,170.546,762.781,511.888,0.0,0.0,0.0,86.6166,0.03874,0.0259977,0.0,0.0,0.0,545.546,0.244,0.163744,7.31796,2.06572,7.31796
DB1-Uio66Zr-BDC_A-irmof6_A_No385,0.15,233.463535,486.6785999999997,920.8192000000004,4251.559199999997,4714.176000000002,12084.0,33088.0,72384.0,91776.0,54.0,152.0,432.0,672.0,632.0,2336.0,4812.0,6360.0,38.94480000000002,137.06480000000008,306.5664,470.58720000000017,1.7689,36.60160000000001,26.493600000000004,105.06999999999996,1600.0,2560.0,7440.0,7360.0,1.0,8.0,10.0,24.0,64.0,176.0,368.0,464.0,2.3716000000000004,8.9936,15.369200000000005,27.22720000000001,0.0,-16.88,-6.619999999999998,-47.07999999999999,0.0,256.0,214.0,776.0,0.0,0.0,0.0,0.0,0.0,42.0,34.0,134.0,0.0,6.480000000000003,5.420000000000001,19.280000000000005,171.40616666666668,336.3685,496.3017333333334,621.8953333333335,737.6666666666666,1398.0,2109.333333333333,2585.333333333333,23.5,47.333333333333336,71.66666666666667,89.0,119.66666666666669,290.3333333333333,407.6666666666667,509.0,10.085816666666666,22.87833333333333,33.19890000000001,41.57156666666668,11.8336,8.771999999999998,20.605599999999995,17.543999999999997,64.0,48.0,112.0,96.0,1.0,1.0,2.0,2.0,1.0,3.0,4.0,6.0,0.5328999999999998,0.5621,1.095,1.1242,28.09,59.88999999999999,87.98,119.78,0.0,0.8900000000000002,0.8900000000000002,1.7800000000000005,0.0,2.0,2.0,4.0,0.0,0.0,0.0,0.0,0.0,-2.0,-2.0,-4.0,0.0,-0.04,-0.04,-0.08,0.0,-6.000000000000001,-6.000000000000001,-12.000000000000002,9.6736,20.33,15.844,32.72866666666667,51.5,56.0,86.0,171.16666666666666,1.0,2.833333333333333,2.0,4.0,8.166666666666666,13.833333333333334,17.0,33.333333333333336,0.5575666666666667,1.08245,1.1498666666666668,2.238566666666667,50.315,139.23397050000003,159.33,288.6096138333333,0.0,2.1633333333333336,1.1133333333333335,1.8766666666666671,0.0,12.333333333333334,2.333333333333333,4.666666666666667,0.0,0.0,0.0,0.0,0.0,3.333333333333333,-0.3333333333333333,-0.3333333333333333,0.0,0.67,-0.0466666666666667,-0.01,0.0,0.7036316666666669,-8.5,-12.617851666666668,2235.84,1.49013,0.0,0.0,0.0,170.546,762.781,511.888,0.0,0.0,0.0,86.6166,0.03874,0.0259977,0.0,0.0,0.0,545.546,0.244,0.163744,7.31796,2.06572,7.31796
DB1-Uio66Zr-irmof6_A-irmof7_A_No67,0.015,231.766165,486.6785999999998,920.8192000000004,4251.559199999997,4714.176000000005,12084.0,33088.0,72384.0,91776.0,54.0,152.0,432.0,672.0,632.0,2336.0,4812.0,6360.0,38.9448,137.06480000000002,306.5663999999999,470.58720000000017,1.7689,36.60160000000001,26.493600000000004,105.06999999999998,1600.0,2560.0,7440.0,7360.0,1.0,8.0,10.0,24.0,64.0,176.0,368.0,464.0,2.3716000000000004,8.9936,15.369200000000005,27.22720000000001,0.0,-16.88,-6.619999999999998,-47.07999999999999,0.0,256.0,214.0,776.0,0.0,0.0,0.0,0.0,0.0,42.0,34.0,134.0,0.0,6.480000000000003,5.420000000000001,19.28,152.54876666666664,299.3113333333333,480.7464,564.3323666666665,890.6666666666666,1465.3333333333333,2220.0,2556.333333333333,21.0,44.0,70.66666666666667,84.66666666666667,118.0,300.3333333333333,406.6666666666667,445.3333333333333,10.015433333333332,22.7154,33.76666666666667,39.1438,11.8336,8.771999999999998,20.605599999999995,17.543999999999997,64.0,48.0,112.0,96.0,1.0,1.0,2.0,2.0,1.0,3.0,4.0,6.0,0.5328999999999998,0.5621,1.095,1.1242,28.09,59.88999999999999,87.98,119.78,0.0,0.8900000000000002,0.8900000000000002,1.7800000000000005,0.0,2.0,2.0,4.0,0.0,0.0,0.0,0.0,0.0,-2.0,-2.0,-4.0,0.0,-0.04,-0.04,-0.08,0.0,-6.000000000000001,-6.000000000000001,-12.000000000000002,9.8616,10.236333333333333,16.014,31.3546,249.0,94.33333333333331,184.0,298.3333333333333,1.0,1.3333333333333333,2.0,4.0,2.333333333333333,5.0,8.0,14.333333333333334,0.9105,0.8239999999999998,1.463,2.5935,186.76,162.537538,302.84000000000003,518.2231716666666,0.0,0.8700000000000002,1.1800000000000006,2.5700000000000007,0.0,11.333333333333334,18.666666666666668,41.333333333333336,0.0,0.0,0.0,0.0,0.0,-1.0,-3.333333333333333,-5.0,0.0,0.3066666666666666,0.3599999999999999,1.0566666666666669,0.0,3.064296666666666,4.199999999999998,14.710741666666664,2283.85,1.48802,0.0,0.0,0.0,164.899,722.025,485.226,0.0,0.0,0.0,70.7079,0.03096,0.0208062,0.0,0.0,0.0,518.433,0.227,0.152552,6.35607,2.49975,6.35607
DB1-Uio66Zr-irmof6_A-irmof7_A_No67,0.15,225.93765,486.6785999999998,920.8192000000004,4251.559199999997,4714.176000000005,12084.0,33088.0,72384.0,91776.0,54.0,152.0,432.0,672.0,632.0,2336.0,4812.0,6360.0,38.9448,137.06480000000002,306.5663999999999,470.58720000000017,1.7689,36.60160000000001,26.493600000000004,105.06999999999998,1600.0,2560.0,7440.0,7360.0,1.0,8.0,10.0,24.0,64.0,176.0,368.0,464.0,2.3716000000000004,8.9936,15.369200000000005,27.22720000000001,0.0,-16.88,-6.619999999999998,-47.07999999999999,0.0,256.0,214.0,776.0,0.0,0.0,0.0,0.0,0.0,42.0,34.0,134.0,0.0,6.480000000000003,5.420000000000001,19.28,152.54876666666664,299.3113333333333,480.7464,564.3323666666665,890.6666666666666,1465.3333333333333,2220.0,2556.333333333333,21.0,44.0,70.66666666666667,84.66666666666667,118.0,300.3333333333333,406.6666666666667,445.3333333333333,10.015433333333332,22.7154,33.76666666666667,39.1438,11.8336,8.771999999999998,20.605599999999995,17.543999999999997,64.0,48.0,112.0,96.0,1.0,1.0,2.0,2.0,1.0,3.0,4.0,6.0,0.5328999999999998,0.5621,1.095,1.1242,28.09,59.88999999999999,87.98,119.78,0.0,0.8900000000000002,0.8900000000000002,1.7800000000000005,0.0,2.0,2.0,4.0,0.0,0.0,0.0,0.0,0.0,-2.0,-2.0,-4.0,0.0,-0.04,-0.04,-0.08,0.0,-6.000000000000001,-6.000000000000001,-12.000000000000002,9.8616,10.236333333333333,16.014,31.3546,249.0,94.33333333333331,184.0,298.3333333333333,1.0,1.3333333333333333,2.0,4.0,2.333333333333333,5.0,8.0,14.333333333333334,0.9105,0.8239999999999998,1.463,2.5935,186.76,162.537538,302.84000000000003,518.2231716666666,0.0,0.8700000000000002,1.1800000000000006,2.5700000000000007,0.0,11.333333333333334,18.666666666666668,41.333333333333336,0.0,0.0,0.0,0.0,0.0,-1.0,-3.333333333333333,-5.0,0.0,0.3066666666666666,0.3599999999999999,1.0566666666666669,0.0,3.064296666666666,4.199999999999998,14.710741666666664,2283.85,1.48802,0.0,0.0,0.0,164.899,722.025,485.226,0.0,0.0,0.0,70.7079,0.03096,0.0208062,0.0,0.0,0.0,518.433,0.227,0.152552,6.35607,2.49975,6.35607
DB1-Uio66Zr-BDC_A-irmof7_A_No282,0.015,135.95437,486.6785999999997,920.8192000000008,4251.559199999997,4714.176000000004,12084.0,33088.0,72384.0,91776.0,54.0,152.0,432.0,672.0,632.0,2336.0,4812.0,6360.0,38.9448,137.0648000000001,306.56640000000027,470.58720000000017,1.7689,36.60160000000001,26.493600000000004,105.06999999999998,1600.0,2560.0,7440.0,7360.0,1.0,8.0,10.0,24.0,64.0,176.0,368.0,464.0,2.3716000000000004,8.9936,15.369200000000005,27.22720000000001,0.0,-16.88,-6.619999999999998,-47.07999999999999,0.0,256.0,214.0,776.0,0.0,0.0,0.0,0.0,0.0,42.0,34.0,134.0,0.0,6.480000000000003,5.420000000000001,19.28,137.7046,260.8288333333333,398.6310666666666,476.3093666666667,1022.0,1291.3333333333333,1973.6666666666667,2606.6666666666665,18.666666666666668,37.66666666666666,57.0,70.33333333333333,94.66666666666669,229.0,315.6666666666667,341.0,8.8337,19.24843333333333,27.94943333333333,32.49453333333334,11.8336,8.771999999999998,20.605599999999995,17.543999999999997,64.0,48.0,112.0,96.0,1.0,1.0,2.0,2.0,1.0,3.0,4.0,6.0,0.5328999999999998,0.5621,1.095,1.1242,28.09,59.88999999999999,87.98,119.78,0.0,0.8900000000000002,0.8900000000000002,1.7800000000000005,0.0,2.0,2.0,4.0,0.0,0.0,0.0,0.0,0.0,-2.0,-2.0,-4.0,0.0,-0.04,-0.04,-0.08,0.0,-6.000000000000001,-6.000000000000001,-12.000000000000002,9.1616,18.86466666666667,15.436,30.1876,245.0,81.66666666666667,140.0,420.0,1.0,2.6666666666666665,2.0,4.0,7.666666666666667,13.0,16.0,26.666666666666668,0.68535,1.0900499999999995,1.2551,2.3305,119.13333333333333,164.82102333333336,218.46666666666667,428.993845,0.0,1.8766666666666667,0.9533333333333336,2.1300000000000003,0.0,15.666666666666666,11.333333333333334,22.0,0.0,0.0,0.0,0.0,0.0,3.0,-0.6666666666666666,0.6666666666666666,0.0,0.6783333333333333,0.0899999999999999,0.4516666666666666,0.0,3.1881500000000003,-3.2666666666666675,-2.489258333333335,2235.84,1.44601,0.0,0.0,0.0,225.659,1009.28,697.976,0.0,0.0,0.0,94.7103,0.04236,0.0292944,0.0,0.0,0.0,623.8,0.279,0.192945,6.22964,3.65413,6.22964
DB1-Uio66Zr-BDC_A-irmof7_A_No282,0.15,142.60964,486.6785999999997,920.8192000000008,4251.559199999997,4714.176000000004,12084.0,33088.0,72384.0,91776.0,54.0,152.0,432.0,672.0,632.0,2336.0,4812.0,6360.0,38.9448,137.0648000000001,306.56640000000027,470.58720000000017,1.7689,36.60160000000001,26.493600000000004,105.06999999999998,1600.0,2560.0,7440.0,7360.0,1.0,8.0,10.0,24.0,64.0,176.0,368.0,464.0,2.3716000000000004,8.9936,15.369200000000005,27.22720000000001,0.0,-16.88,-6.619999999999998,-47.07999999999999,0.0,256.0,214.0,776.0,0.0,0.0,0.0,0.0,0.0,42.0,34.0,134.0,0.0,6.480000000000003,5.420000000000001,19.28,137.7046,260.8288333333333,398.6310666666666,476.3093666666667,1022.0,1291.3333333333333,1973.6666666666667,2606.6666666666665,18.666666666666668,37.66666666666666,57.0,70.33333333333333,94.66666666666669,229.0,315.6666666666667,341.0,8.8337,19.24843333333333,27.94943333333333,32.49453333333334,11.8336,8.771999999999998,20.605599999999995,17.543999999999997,64.0,48.0,112.0,96.0,1.0,1.0,2.0,2.0,1.0,3.0,4.0,6.0,0.5328999999999998,0.5621,1.095,1.1242,28.09,59.88999999999999,87.98,119.78,0.0,0.8900000000000002,0.8900000000000002,1.7800000000000005,0.0,2.0,2.0,4.0,0.0,0.0,0.0,0.0,0.0,-2.0,-2.0,-4.0,0.0,-0.04,-0.04,-0.08,0.0,-6.000000000000001,-6.000000000000001,-12.000000000000002,9.1616,18.86466666666667,15.436,30.1876,245.0,81.66666666666667,140.0,420.0,1.0,2.6666666666666665,2.0,4.0,7.666666666666667,13.0,16.0,26.666666666666668,0.68535,1.0900499999999995,1.2551,2.3305,119.13333333333333,164.82102333333336,218.46666666666667,428.993845,0.0,1.8766666666666667,0.9533333333333336,2.1300000000000003,0.0,15.666666666666666,11.333333333333334,22.0,0.0,0.0,0.0,0.0,0.0,3.0,-0.6666666666666666,0.6666666666666666,0.0,0.6783333333333333,0.0899999999999999,0.4516666666666666,0.0,3.1881500000000003,-3.2666666666666675,-2.489258333333335,2235.84,1.44601,0.0,0.0,0.0,225.659,1009.28,697.976,0.0,0.0,0.0,94.7103,0.04236,0.0292944,0.0,0.0,0.0,623.8,0.279,0.192945,6.22964,3.65413,6.22964
DB1-Uio66Zr-BDC_A-irmof6_A_No305,0.015,517.15107,97.1935166666666,173.70853333333343,712.7581999999994,785.6960000000005,2104.833333333333,5634.666666666667,12094.0,15296.0,11.5,28.666666666666668,73.66666666666667,112.0,110.33333333333331,396.0,803.6666666666666,1060.0,8.903050000000002,25.39913333333336,52.80123333333338,78.43120000000003,1.4014000000000004,21.49687272727274,15.58696363636364,59.58272727272726,876.8181818181819,1407.2727272727273,4066.363636363637,4030.909090909091,1.0,4.818181818181819,5.909090909090909,14.0,35.36363636363637,96.90909090909088,202.0909090909091,255.81818181818176,2.097645454545455,5.346918181818182,8.848700000000003,15.782200000000003,0.0,-10.325454545454546,-4.324545454545453,-27.10727272727272,0.0,137.36363636363637,115.36363636363636,420.54545454545456,0.0,0.0,0.0,0.0,0.0,22.454545454545453,17.636363636363637,71.27272727272727,0.0,3.807272727272729,3.2109090909090914,11.025454545454544,130.03843333333333,236.2405,370.5010666666665,433.9398666666666,708.8333333333334,1182.0,1780.6666666666667,2006.6666666666667,16.666666666666668,33.666666666666664,51.333333333333336,61.66666666666666,85.66666666666667,208.66666666666663,278.0,277.0,8.276733333333333,17.825500000000005,25.867000000000004,29.0359,11.8336,8.771999999999997,20.04894545454545,20.51490909090909,64.0,48.0,109.09090909090908,106.1818181818182,1.0,1.0,2.0,2.363636363636364,1.0,3.0,4.363636363636363,6.727272727272726,0.5328999999999998,0.5621,1.100309090909091,1.275509090909091,28.09,59.88999999999999,93.7618181818182,135.012306,0.0,0.8900000000000005,1.0518181818181818,2.1672727272727275,0.0,2.0,2.363636363636364,5.636363636363635,0.0,0.0,0.0,0.0,0.0,-2.0,-2.363636363636364,-4.363636363636363,0.0,-0.04,-0.0472727272727273,-0.0218181818181818,0.0,-6.000000000000001,-7.090909090909093,-12.946747272727276,0.9077818181818184,0.7325454545454545,1.465090909090909,3.1054181818181816,26.27272727272728,9.272727272727272,18.545454545454547,54.09090909090909,0.0909090909090909,0.0909090909090909,0.1818181818181818,0.3636363636363636,0.0909090909090909,0.2727272727272727,0.5454545454545454,0.9090909090909092,0.0891,0.0693,0.1386,0.2969999999999999,19.37818181818182,14.99818181818182,29.99636363636364,64.37272727272727,0.0,0.0554545454545454,0.1109090909090909,0.1663636363636364,0.0,1.0,2.0,3.0,0.0,0.0,0.0,0.0,0.0,-0.1818181818181818,-0.3636363636363636,-0.5454545454545454,0.0,0.0199999999999999,0.0399999999999999,0.0599999999999999,0.0,0.2999999999999999,0.5999999999999998,0.8999999999999997,2235.84,1.38783,0.0,0.0,0.0,142.762,638.513,460.08,0.0,0.0,0.0,75.5715,0.0338,0.0243546,0.0,0.0,0.0,447.169,0.2,0.14411,7.31796,2.63146,7.2686
DB1-Uio66Zr-BDC_A-irmof6_A_No305,0.15,163.480005,97.1935166666666,173.70853333333343,712.7581999999994,785.6960000000005,2104.833333333333,5634.666666666667,12094.0,15296.0,11.5,28.666666666666668,73.66666666666667,112.0,110.33333333333331,396.0,803.6666666666666,1060.0,8.903050000000002,25.39913333333336,52.80123333333338,78.43120000000003,1.4014000000000004,21.49687272727274,15.58696363636364,59.58272727272726,876.8181818181819,1407.2727272727273,4066.363636363637,4030.909090909091,1.0,4.818181818181819,5.909090909090909,14.0,35.36363636363637,96.90909090909088,202.0909090909091,255.81818181818176,2.097645454545455,5.346918181818182,8.848700000000003,15.782200000000003,0.0,-10.325454545454546,-4.324545454545453,-27.10727272727272,0.0,137.36363636363637,115.36363636363636,420.54545454545456,0.0,0.0,0.0,0.0,0.0,22.454545454545453,17.636363636363637,71.27272727272727,0.0,3.807272727272729,3.2109090909090914,11.025454545454544,130.03843333333333,236.2405,370.5010666666665,433.9398666666666,708.8333333333334,1182.0,1780.6666666666667,2006.6666666666667,16.666666666666668,33.666666666666664,51.333333333333336,61.66666666666666,85.66666666666667,208.66666666666663,278.0,277.0,8.276733333333333,17.825500000000005,25.867000000000004,29.0359,11.8336,8.771999999999997,20.04894545454545,20.51490909090909,64.0,48.0,109.09090909090908,106.1818181818182,1.0,1.0,2.0,2.363636363636364,1.0,3.0,4.363636363636363,6.727272727272726,0.5328999999999998,0.5621,1.100309090909091,1.275509090909091,28.09,59.88999999999999,93.7618181818182,135.012306,0.0,0.8900000000000005,1.0518181818181818,2.1672727272727275,0.0,2.0,2.363636363636364,5.636363636363635,0.0,0.0,0.0,0.0,0.0,-2.0,-2.363636363636364,-4.363636363636363,0.0,-0.04,-0.0472727272727273,-0.0218181818181818,0.0,-6.000000000000001,-7.090909090909093,-12.946747272727276,0.9077818181818184,0.7325454545454545,1.465090909090909,3.1054181818181816,26.27272727272728,9.272727272727272,18.545454545454547,54.09090909090909,0.0909090909090909,0.0909090909090909,0.1818181818181818,0.3636363636363636,0.0909090909090909,0.2727272727272727,0.5454545454545454,0.9090909090909092,0.0891,0.0693,0.1386,0.2969999999999999,19.37818181818182,14.99818181818182,29.99636363636364,64.37272727272727,0.0,0.0554545454545454,0.1109090909090909,0.1663636363636364,0.0,1.0,2.0,3.0,0.0,0.0,0.0,0.0,0.0,-0.1818181818181818,-0.3636363636363636,-0.5454545454545454,0.0,0.0199999999999999,0.0399999999999999,0.0599999999999999,0.0,0.2999999999999999,0.5999999999999998,0.8999999999999997,2235.84,1.38783,0.0,0.0,0.0,142.762,638.513,460.08,0.0,0.0,0.0,75.5715,0.0338,0.0243546,0.0,0.0,0.0,447.169,0.2,0.14411,7.31796,2.63146,7.2686
DB1-Uio66Zr-irmof10_A-irmof14_A_No483,0.015,4.74743,486.6785999999998,920.8191999999996,4251.5592000000015,4714.176000000001,12084.0,33088.0,72384.0,91776.0,54.0,152.0,432.0,672.0,632.0,2336.0,4812.0,6360.0,38.94480000000005,137.06480000000013,306.56640000000016,470.5872000000002,1.7689,36.60160000000001,26.493600000000004,105.06999999999998,1600.0,2560.0,7440.0,7360.0,1.0,8.0,10.0,24.0,64.0,176.0,368.0,464.0,2.3716000000000004,8.9936,15.369200000000005,27.22720000000001,0.0,-16.88,-6.619999999999998,-47.07999999999999,0.0,256.0,214.0,776.0,0.0,0.0,0.0,0.0,0.0,42.0,34.0,134.0,0.0,6.480000000000003,5.420000000000001,19.28,211.2036333333333,421.119,647.4354666666667,833.9643333333333,953.3333333333334,1888.0,2866.6666666666665,3243.333333333333,29.33333333333333,61.333333333333336,94.0,124.66666666666669,155.33333333333334,388.0,567.3333333333334,656.6666666666666,13.363733333333336,30.98720000000001,46.33580000000001,56.258066666666686,11.8336,8.771999999999998,20.605599999999995,17.543999999999997,64.0,48.0,112.0,96.0,1.0,1.0,2.0,2.0,1.0,3.0,4.0,6.0,0.5328999999999998,0.5621,1.095,1.1242,28.09,59.88999999999999,87.98,119.78,0.0,0.8900000000000002,0.8900000000000002,1.7800000000000005,0.0,2.0,2.0,4.0,0.0,0.0,0.0,0.0,0.0,-2.0,-2.0,-4.0,0.0,-0.04,-0.04,-0.08,0.0,-6.000000000000001,-6.000000000000001,-12.000000000000002,11.8336,15.709333333333332,18.054266666666663,31.79133333333333,64.0,55.333333333333336,98.66666666666669,143.33333333333334,1.0,1.9166666666666667,2.0,3.75,3.75,7.583333333333333,11.083333333333334,18.25,0.5328999999999998,0.8096916666666667,1.1193333333333333,1.8402083333333337,28.09,81.78704275,114.48,191.58537608333333,0.0,2.026666666666667,1.631666666666667,3.658333333333333,0.0,8.416666666666666,3.6666666666666665,12.083333333333334,0.0,0.0,0.0,0.0,0.0,-0.1666666666666666,-1.9166666666666667,-2.1666666666666665,0.0,0.29,-0.0733333333333334,0.2166666666666665,0.0,-5.273184166666668,-11.000000000000002,-16.27318416666667,4791.32,0.837563,951.915,1986.75,2372.06,0.0,0.0,0.0,1033.1,0.21562,0.257437,0.0,0.0,0.0,2673.56,0.558,0.666218,0.0,0.0,0.0,10.06126,6.56005,10.06126
DB1-Uio66Zr-irmof10_A-irmof14_A_No483,0.15,43.50844,486.6785999999998,920.8191999999996,4251.5592000000015,4714.176000000001,12084.0,33088.0,72384.0,91776.0,54.0,152.0,432.0,672.0,632.0,2336.0,4812.0,6360.0,38.94480000000005,137.06480000000013,306.56640000000016,470.5872000000002,1.7689,36.60160000000001,26.493600000000004,105.06999999999998,1600.0,2560.0,7440.0,7360.0,1.0,8.0,10.0,24.0,64.0,176.0,368.0,464.0,2.3716000000000004,8.9936,15.369200000000005,27.22720000000001,0.0,-16.88,-6.619999999999998,-47.07999999999999,0.0,256.0,214.0,776.0,0.0,0.0,0.0,0.0,0.0,42.0,34.0,134.0,0.0,6.480000000000003,5.420000000000001,19.28,211.2036333333333,421.119,647.4354666666667,833.9643333333333,953.3333333333334,1888.0,2866.6666666666665,3243.333333333333,29.33333333333333,61.333333333333336,94.0,124.66666666666669,155.33333333333334,388.0,567.3333333333334,656.6666666666666,13.363733333333336,30.98720000000001,46.33580000000001,56.258066666666686,11.8336,8.771999999999998,20.605599999999995,17.543999999999997,64.0,48.0,112.0,96.0,1.0,1.0,2.0,2.0,1.0,3.0,4.0,6.0,0.5328999999999998,0.5621,1.095,1.1242,28.09,59.88999999999999,87.98,119.78,0.0,0.8900000000000002,0.8900000000000002,1.7800000000000005,0.0,2.0,2.0,4.0,0.0,0.0,0.0,0.0,0.0,-2.0,-2.0,-4.0,0.0,-0.04,-0.04,-0.08,0.0,-6.000000000000001,-6.000000000000001,-12.000000000000002,11.8336,15.709333333333332,18.054266666666663,31.79133333333333,64.0,55.333333333333336,98.66666666666669,143.33333333333334,1.0,1.9166666666666667,2.0,3.75,3.75,7.583333333333333,11.083333333333334,18.25,0.5328999999999998,0.8096916666666667,1.1193333333333333,1.8402083333333337,28.09,81.78704275,114.48,191.58537608333333,0.0,2.026666666666667,1.631666666666667,3.658333333333333,0.0,8.416666666666666,3.6666666666666665,12.083333333333334,0.0,0.0,0.0,0.0,0.0,-0.1666666666666666,-1.9166666666666667,-2.1666666666666665,0.0,0.29,-0.0733333333333334,0.2166666666666665,0.0,-5.273184166666668,-11.000000000000002,-16.27318416666667,4791.32,0.837563,951.915,1986.75,2372.06,0.0,0.0,0.0,1033.1,0.21562,0.257437,0.0,0.0,0.0,2673.56,0.558,0.666218,0.0,0.0,0.0,10.06126,6.56005,10.06126
DB1-Uio66Zr-BDC_A-DABCO_A_No4,0.015,76.73854,486.6785999999997,920.8192000000006,4251.559199999997,4714.176000000003,12084.0,33088.0,72384.0,91776.0,54.0,152.0,432.0,672.0,632.0,2336.0,4812.0,6360.0,38.94480000000001,137.06480000000013,306.56640000000027,470.5872000000002,1.7689,36.60160000000001,26.493600000000004,105.06999999999998,1600.0,2560.0,7440.0,7360.0,1.0,8.0,10.0,24.0,64.0,176.0,368.0,469.3333333333333,2.3716000000000004,8.9936,15.369200000000005,27.22720000000001,0.0,-16.88,-6.619999999999998,-47.07999999999999,0.0,256.0,214.0,776.0,0.0,0.0,0.0,0.0,0.0,42.0,34.0,133.33333333333334,0.0,6.480000000000003,5.420000000000001,19.28,131.14065,247.65600000000003,394.9254,446.2671666666666,591.0,1116.0,1671.0,1749.6666666666667,18.166666666666668,36.66666666666666,58.0,66.66666666666667,94.66666666666669,227.0,305.3333333333333,321.6666666666667,8.251016666666667,18.413266666666672,27.001800000000003,30.01946666666667,11.8336,8.771999999999998,20.605599999999995,19.006,64.0,48.0,112.0,104.0,1.0,1.0,2.0,2.1666666666666665,1.0,3.0,4.166666666666667,6.0,0.5328999999999998,0.5621,1.095,1.2178833333333334,28.09,59.88999999999999,87.98,129.76166666666666,0.0,0.8900000000000002,0.8900000000000002,1.9283333333333337,0.0,2.0,2.0,4.333333333333333,0.0,0.0,0.0,0.0,0.0,-2.0,-2.1666666666666665,-3.8333333333333335,0.0,-0.04,-0.04,-0.0866666666666667,0.0,-6.000000000000001,-6.000000000000001,-13.000000000000002,0.0,0.0,0.0,0.0,0.0,0.0,0.0,0.0,0.0,0.0,0.0,0.0,0.0,0.0,0.0,0.0,0.0,0.0,0.0,0.0,0.0,0.0,0.0,0.0,0.0,0.0,0.0,0.0,0.0,0.0,0.0,0.0,0.0,0.0,0.0,0.0,0.0,0.0,0.0,0.0,0.0,0.0,0.0,0.0,0.0,0.0,0.0,0.0,2235.84,1.30282,0.0,0.0,0.0,209.707,937.935,719.927,0.0,0.0,0.0,107.946,0.04828,0.0370581,0.0,0.0,0.0,651.748,0.2915,0.223746,6.64659,3.2511,6.64659
DB1-Uio66Zr-BDC_A-DABCO_A_No4,0.15,108.710925,486.6785999999997,920.8192000000006,4251.559199999997,4714.176000000003,12084.0,33088.0,72384.0,91776.0,54.0,152.0,432.0,672.0,632.0,2336.0,4812.0,6360.0,38.94480000000001,137.06480000000013,306.56640000000027,470.5872000000002,1.7689,36.60160000000001,26.493600000000004,105.06999999999998,1600.0,2560.0,7440.0,7360.0,1.0,8.0,10.0,24.0,64.0,176.0,368.0,469.3333333333333,2.3716000000000004,8.9936,15.369200000000005,27.22720000000001,0.0,-16.88,-6.619999999999998,-47.07999999999999,0.0,256.0,214.0,776.0,0.0,0.0,0.0,0.0,0.0,42.0,34.0,133.33333333333334,0.0,6.480000000000003,5.420000000000001,19.28,131.14065,247.65600000000003,394.9254,446.2671666666666,591.0,1116.0,1671.0,1749.6666666666667,18.166666666666668,36.66666666666666,58.0,66.66666666666667,94.66666666666669,227.0,305.3333333333333,321.6666666666667,8.251016666666667,18.413266666666672,27.001800000000003,30.01946666666667,11.8336,8.771999999999998,20.605599999999995,19.006,64.0,48.0,112.0,104.0,1.0,1.0,2.0,2.1666666666666665,1.0,3.0,4.166666666666667,6.0,0.5328999999999998,0.5621,1.095,1.2178833333333334,28.09,59.88999999999999,87.98,129.76166666666666,0.0,0.8900000000000002,0.8900000000000002,1.9283333333333337,0.0,2.0,2.0,4.333333333333333,0.0,0.0,0.0,0.0,0.0,-2.0,-2.1666666666666665,-3.8333333333333335,0.0,-0.04,-0.04,-0.0866666666666667,0.0,-6.000000000000001,-6.000000000000001,-13.000000000000002,0.0,0.0,0.0,0.0,0.0,0.0,0.0,0.0,0.0,0.0,0.0,0.0,0.0,0.0,0.0,0.0,0.0,0.0,0.0,0.0,0.0,0.0,0.0,0.0,0.0,0.0,0.0,0.0,0.0,0.0,0.0,0.0,0.0,0.0,0.0,0.0,0.0,0.0,0.0,0.0,0.0,0.0,0.0,0.0,0.0,0.0,0.0,0.0,2235.84,1.30282,0.0,0.0,0.0,209.707,937.935,719.927,0.0,0.0,0.0,107.946,0.04828,0.0370581,0.0,0.0,0.0,651.748,0.2915,0.223746,6.64659,3.2511,6.64659
DB1-Uio66Zr-BDC_A-irmof6_A_No313,0.015,650.251835,61.78578181818179,105.78938181818188,391.0490181818178,428.5614545454548,1197.6363636363635,3138.909090909091,6613.090909090909,8343.272727272728,7.636363636363637,17.454545454545453,41.09090909090909,61.09090909090909,62.90909090909091,219.63636363636363,439.27272727272725,578.1818181818181,6.17198181818182,15.247709090909105,29.731672727272755,42.78065454545457,1.2635875,15.832600000000012,11.496975000000004,42.524999999999984,605.625,975.0,2801.25,2782.5,1.0,3.625,4.375,10.25,24.625,67.25,139.875,177.75,1.9949125000000003,3.979412500000002,6.403512500000004,11.490325000000007,0.0,-7.867499999999998,-3.463749999999998,-19.6175,0.0,92.875,78.375,287.25,0.0,0.0,0.0,0.0,0.0,15.125,11.5,47.75,0.0,2.805,2.3825000000000003,7.9300000000000015,144.2078,257.2148333333333,402.2921333333332,482.20183333333335,720.0,1277.3333333333333,1943.3333333333333,2149.333333333333,17.666666666666668,35.666666666666664,54.0,65.66666666666667,90.33333333333331,220.0,295.3333333333333,306.3333333333333,8.878566666666666,19.10410000000001,27.859800000000003,32.04496666666667,11.833599999999995,8.771999999999995,19.64884999999999,22.65025,64.0,48.0,107.0,113.50000000000004,1.0,1.0,2.0,2.625,1.0,3.0,4.625,7.249999999999998,0.5328999999999998,0.5621,1.104125,1.3842625000000006,28.08999999999999,59.88999999999999,97.9175,145.96052593750002,0.0,0.8900000000000005,1.1681250000000003,2.445625000000001,0.0,2.0,2.625,6.8125,0.0,0.0,0.0,0.0,0.0,-2.0,-2.625,-4.625,0.0,-0.04,-0.0525,0.0199999999999999,0.0,-6.000000000000001,-7.875000000000001,-13.627221875000002,0.7395999999999999,0.78475,1.2878499999999995,1.3329999999999995,4.0,3.25,7.0,6.25,0.0625,0.09375,0.125,0.15625,0.15625,0.34375,0.40625,0.59375,0.0333062499999999,0.043571875,0.0684375,0.078703125,1.755625,4.48961509375,5.49875,8.23274009375,0.0,0.094375,0.055625,0.15,0.0,0.34375,0.125,0.46875,0.0,0.0,0.0,0.0,0.0,-0.0625,-0.09375,-0.1875,0.0,0.0087499999999999,-0.0025,0.0062499999999999,0.0,-0.3502221875,-0.375,-0.7252221875000001,2235.84,1.48348,0.0,0.0,0.0,140.203,627.069,422.702,0.0,0.0,0.0,75.5268,0.03378,0.0227708,0.0,0.0,0.0,447.169,0.2,0.134818,7.31796,1.41114,7.31327
DB1-Uio66Zr-BDC_A-irmof6_A_No313,0.15,352.951995,61.78578181818179,105.78938181818188,391.0490181818178,428.5614545454548,1197.6363636363635,3138.909090909091,6613.090909090909,8343.272727272728,7.636363636363637,17.454545454545453,41.09090909090909,61.09090909090909,62.90909090909091,219.63636363636363,439.27272727272725,578.1818181818181,6.17198181818182,15.247709090909105,29.731672727272755,42.78065454545457,1.2635875,15.832600000000012,11.496975000000004,42.524999999999984,605.625,975.0,2801.25,2782.5,1.0,3.625,4.375,10.25,24.625,67.25,139.875,177.75,1.9949125000000003,3.979412500000002,6.403512500000004,11.490325000000007,0.0,-7.867499999999998,-3.463749999999998,-19.6175,0.0,92.875,78.375,287.25,0.0,0.0,0.0,0.0,0.0,15.125,11.5,47.75,0.0,2.805,2.3825000000000003,7.9300000000000015,144.2078,257.2148333333333,402.2921333333332,482.20183333333335,720.0,1277.3333333333333,1943.3333333333333,2149.333333333333,17.666666666666668,35.666666666666664,54.0,65.66666666666667,90.33333333333331,220.0,295.3333333333333,306.3333333333333,8.878566666666666,19.10410000000001,27.859800000000003,32.04496666666667,11.833599999999995,8.771999999999995,19.64884999999999,22.65025,64.0,48.0,107.0,113.50000000000004,1.0,1.0,2.0,2.625,1.0,3.0,4.625,7.249999999999998,0.5328999999999998,0.5621,1.104125,1.3842625000000006,28.08999999999999,59.88999999999999,97.9175,145.96052593750002,0.0,0.8900000000000005,1.1681250000000003,2.445625000000001,0.0,2.0,2.625,6.8125,0.0,0.0,0.0,0.0,0.0,-2.0,-2.625,-4.625,0.0,-0.04,-0.0525,0.0199999999999999,0.0,-6.000000000000001,-7.875000000000001,-13.627221875000002,0.7395999999999999,0.78475,1.2878499999999995,1.3329999999999995,4.0,3.25,7.0,6.25,0.0625,0.09375,0.125,0.15625,0.15625,0.34375,0.40625,0.59375,0.0333062499999999,0.043571875,0.0684375,0.078703125,1.755625,4.48961509375,5.49875,8.23274009375,0.0,0.094375,0.055625,0.15,0.0,0.34375,0.125,0.46875,0.0,0.0,0.0,0.0,0.0,-0.0625,-0.09375,-0.1875,0.0,0.0087499999999999,-0.0025,0.0062499999999999,0.0,-0.3502221875,-0.375,-0.7252221875000001,2235.84,1.48348,0.0,0.0,0.0,140.203,627.069,422.702,0.0,0.0,0.0,75.5268,0.03378,0.0227708,0.0,0.0,0.0,447.169,0.2,0.134818,7.31796,1.41114,7.31327
DB1-Uio66Zr-BDC_A-imd_No1,0.015,14.87844,486.6785999999996,920.8191999999996,4251.559199999996,4714.176,12084.0,33088.0,72384.0,91776.0,54.0,152.0,432.0,672.0,632.0,2336.0,4812.0,6360.0,38.94480000000002,137.06480000000005,306.5663999999999,470.58720000000017,1.7689,36.60160000000001,26.493600000000004,105.06999999999998,1600.0,2560.0,7440.0,7360.0,1.0,8.0,10.0,24.0,64.0,176.0,368.0,464.0,2.3716000000000004,8.9936,15.369200000000005,27.22720000000001,0.0,-16.88,-6.619999999999998,-47.07999999999999,0.0,256.0,214.0,776.0,0.0,0.0,0.0,0.0,0.0,42.0,34.0,134.0,0.0,6.480000000000003,5.420000000000001,19.28,118.7144,219.096,337.3204,385.387,548.0,1008.0,1456.0,1420.0,16.0,32.0,48.0,58.0,80.0,192.0,256.0,250.0,7.422399999999999,16.262400000000003,23.04480000000001,24.6794,11.8336,8.771999999999998,20.605599999999995,17.543999999999997,64.0,48.0,112.0,96.0,1.0,1.0,2.0,2.0,1.0,3.0,4.0,6.0,0.5328999999999998,0.5621,1.095,1.1242,28.09,59.88999999999999,87.98,119.78,0.0,0.8900000000000002,0.8900000000000002,1.7800000000000005,0.0,2.0,2.0,4.0,0.0,0.0,0.0,0.0,0.0,-2.0,-2.0,-4.0,0.0,-0.04,-0.04,-0.08,0.0,-6.000000000000001,-6.000000000000001,-12.000000000000002,0.0,0.0,0.0,0.0,0.0,0.0,0.0,0.0,0.0,0.0,0.0,0.0,0.0,0.0,0.0,0.0,0.0,0.0,0.0,0.0,0.0,0.0,0.0,0.0,0.0,0.0,0.0,0.0,0.0,0.0,0.0,0.0,0.0,0.0,0.0,0.0,0.0,0.0,0.0,0.0,0.0,0.0,0.0,0.0,0.0,0.0,0.0,0.0,4471.7,1.23588,580.944,1299.16,1051.2,0.0,0.0,0.0,342.89,0.07668,0.0620449,0.0,0.0,0.0,1529.32,0.342,0.276726,0.0,0.0,0.0,8.69308,3.84796,8.69308
DB1-Uio66Zr-BDC_A-imd_No1,0.15,82.46762,486.6785999999996,920.8191999999996,4251.559199999996,4714.176,12084.0,33088.0,72384.0,91776.0,54.0,152.0,432.0,672.0,632.0,2336.0,4812.0,6360.0,38.94480000000002,137.06480000000005,306.5663999999999,470.58720000000017,1.7689,36.60160000000001,26.493600000000004,105.06999999999998,1600.0,2560.0,7440.0,7360.0,1.0,8.0,10.0,24.0,64.0,176.0,368.0,464.0,2.3716000000000004,8.9936,15.369200000000005,27.22720000000001,0.0,-16.88,-6.619999999999998,-47.07999999999999,0.0,256.0,214.0,776.0,0.0,0.0,0.0,0.0,0.0,42.0,34.0,134.0,0.0,6.480000000000003,5.420000000000001,19.28,118.7144,219.096,337.3204,385.387,548.0,1008.0,1456.0,1420.0,16.0,32.0,48.0,58.0,80.0,192.0,256.0,250.0,7.422399999999999,16.262400000000003,23.04480000000001,24.6794,11.8336,8.771999999999998,20.605599999999995,17.543999999999997,64.0,48.0,112.0,96.0,1.0,1.0,2.0,2.0,1.0,3.0,4.0,6.0,0.5328999999999998,0.5621,1.095,1.1242,28.09,59.88999999999999,87.98,119.78,0.0,0.8900000000000002,0.8900000000000002,1.7800000000000005,0.0,2.0,2.0,4.0,0.0,0.0,0.0,0.0,0.0,-2.0,-2.0,-4.0,0.0,-0.04,-0.04,-0.08,0.0,-6.000000000000001,-6.000000000000001,-12.000000000000002,0.0,0.0,0.0,0.0,0.0,0.0,0.0,0.0,0.0,0.0,0.0,0.0,0.0,0.0,0.0,0.0,0.0,0.0,0.0,0.0,0.0,0.0,0.0,0.0,0.0,0.0,0.0,0.0,0.0,0.0,0.0,0.0,0.0,0.0,0.0,0.0,0.0,0.0,0.0,0.0,0.0,0.0,0.0,0.0,0.0,0.0,0.0,0.0,4471.7,1.23588,580.944,1299.16,1051.2,0.0,0.0,0.0,342.89,0.07668,0.0620449,0.0,0.0,0.0,1529.32,0.342,0.276726,0.0,0.0,0.0,8.69308,3.84796,8.69308
DB1-Uio66Zr-BDC_A-irmof7_A_No46,0.015,201.769165,486.6785999999997,920.8192000000006,4251.559199999997,4714.176000000003,12084.0,33088.0,72384.0,91776.0,54.0,152.0,432.0,672.0,632.0,2336.0,4812.0,6360.0,38.94480000000001,137.06480000000013,306.56640000000027,470.5872000000002,1.7689,36.60160000000001,26.493600000000004,105.06999999999998,1600.0,2560.0,7440.0,7360.0,1.0,8.0,10.0,24.0,64.0,176.0,368.0,464.0,2.3716000000000004,8.9936,15.369200000000005,27.22720000000001,0.0,-16.88,-6.619999999999998,-47.07999999999999,0.0,256.0,214.0,776.0,0.0,0.0,0.0,0.0,0.0,42.0,34.0,134.0,0.0,6.480000000000003,5.420000000000001,19.28,132.91393333333332,241.76549999999995,378.3244,451.5006999999999,2708.333333333333,1816.0,3048.0,4002.0,17.0,34.333333333333336,52.0,63.66666666666666,86.33333333333333,209.0,284.0,287.6666666666667,10.0822,19.735100000000006,29.59493333333334,35.439033333333334,11.8336,8.771999999999998,20.605599999999995,17.543999999999997,64.0,48.0,112.0,96.0,1.0,1.0,2.0,2.0,1.0,3.0,4.0,6.0,0.5328999999999998,0.5621,1.095,1.1242,28.09,59.88999999999999,87.98,119.78,0.0,0.8900000000000002,0.8900000000000002,1.7800000000000005,0.0,2.0,2.0,4.0,0.0,0.0,0.0,0.0,0.0,-2.0,-2.0,-4.0,0.0,-0.04,-0.04,-0.08,0.0,-6.000000000000001,-6.000000000000001,-12.000000000000002,8.9656,7.633,15.266,29.98993333333333,1069.0,192.0,384.0,653.3333333333334,1.0,1.0,2.0,4.0,1.0,3.0,6.0,10.0,1.2463499999999998,0.8585499999999998,1.7170999999999996,3.090499999999999,403.0266666666666,225.24666666666667,450.4933333333333,790.1410916666667,0.0,0.4433333333333335,0.886666666666667,1.9633333333333336,0.0,26.0,52.0,106.33333333333331,0.0,0.0,0.0,0.0,0.0,-2.0,-4.0,-6.0,0.0,0.3449999999999999,0.6899999999999998,1.676666666666666,0.0,8.633333333333333,17.266666666666666,39.644075,2235.84,1.91018,0.0,0.0,0.0,156.16,698.437,365.639,0.0,0.0,0.0,57.1929,0.02558,0.0133914,0.0,0.0,0.0,435.989,0.195,0.102085,6.12928,2.44882,5.96259
DB1-Uio66Zr-BDC_A-irmof7_A_No46,0.15,175.51142,486.6785999999997,920.8192000000006,4251.559199999997,4714.176000000003,12084.0,33088.0,72384.0,91776.0,54.0,152.0,432.0,672.0,632.0,2336.0,4812.0,6360.0,38.94480000000001,137.06480000000013,306.56640000000027,470.5872000000002,1.7689,36.60160000000001,26.493600000000004,105.06999999999998,1600.0,2560.0,7440.0,7360.0,1.0,8.0,10.0,24.0,64.0,176.0,368.0,464.0,2.3716000000000004,8.9936,15.369200000000005,27.22720000000001,0.0,-16.88,-6.619999999999998,-47.07999999999999,0.0,256.0,214.0,776.0,0.0,0.0,0.0,0.0,0.0,42.0,34.0,134.0,0.0,6.480000000000003,5.420000000000001,19.28,132.91393333333332,241.76549999999995,378.3244,451.5006999999999,2708.333333333333,1816.0,3048.0,4002.0,17.0,34.333333333333336,52.0,63.66666666666666,86.33333333333333,209.0,284.0,287.6666666666667,10.0822,19.735100000000006,29.59493333333334,35.439033333333334,11.8336,8.771999999999998,20.605599999999995,17.543999999999997,64.0,48.0,112.0,96.0,1.0,1.0,2.0,2.0,1.0,3.0,4.0,6.0,0.5328999999999998,0.5621,1.095,1.1242,28.09,59.88999999999999,87.98,119.78,0.0,0.8900000000000002,0.8900000000000002,1.7800000000000005,0.0,2.0,2.0,4.0,0.0,0.0,0.0,0.0,0.0,-2.0,-2.0,-4.0,0.0,-0.04,-0.04,-0.08,0.0,-6.000000000000001,-6.000000000000001,-12.000000000000002,8.9656,7.633,15.266,29.98993333333333,1069.0,192.0,384.0,653.3333333333334,1.0,1.0,2.0,4.0,1.0,3.0,6.0,10.0,1.2463499999999998,0.8585499999999998,1.7170999999999996,3.090499999999999,403.0266666666666,225.24666666666667,450.4933333333333,790.1410916666667,0.0,0.4433333333333335,0.886666666666667,1.9633333333333336,0.0,26.0,52.0,106.33333333333331,0.0,0.0,0.0,0.0,0.0,-2.0,-4.0,-6.0,0.0,0.3449999999999999,0.6899999999999998,1.676666666666666,0.0,8.633333333333333,17.266666666666666,39.644075,2235.84,1.91018,0.0,0.0,0.0,156.16,698.437,365.639,0.0,0.0,0.0,57.1929,0.02558,0.0133914,0.0,0.0,0.0,435.989,0.195,0.102085,6.12928,2.44882,5.96259
DB1-Uio66Zr-BDC_A-irmof6_A_No407,0.015,167.45266,486.6785999999997,920.8192000000006,4251.559199999997,4714.176000000003,12084.0,33088.0,72384.0,91776.0,54.0,152.0,432.0,672.0,632.0,2336.0,4812.0,6360.0,38.94480000000001,137.06480000000013,306.56640000000027,470.5872000000002,1.7689,36.60160000000001,26.493600000000004,105.06999999999998,1600.0,2560.0,7440.0,7360.0,1.0,8.0,10.0,24.0,64.0,176.0,368.0,464.0,2.3716000000000004,8.9936,15.369200000000005,27.22720000000001,0.0,-16.88,-6.619999999999998,-47.07999999999999,0.0,256.0,214.0,776.0,0.0,0.0,0.0,0.0,0.0,42.0,34.0,134.0,0.0,6.480000000000003,5.420000000000001,19.28,171.62349999999995,311.36850000000004,475.6837333333333,561.75,862.0,1558.0,2314.333333333333,2563.0,20.33333333333333,41.0,62.333333333333336,76.33333333333333,104.0,252.66666666666663,347.6666666666667,394.3333333333333,10.2679,21.953100000000006,32.21143333333334,37.800700000000006,11.8336,8.771999999999998,20.605599999999995,17.543999999999997,64.0,48.0,112.0,96.0,1.0,1.0,2.0,2.0,1.0,3.0,4.0,6.0,0.5328999999999998,0.5621,1.095,1.1242,28.09,59.88999999999999,87.98,119.78,0.0,0.8900000000000002,0.8900000000000002,1.7800000000000005,0.0,2.0,2.0,4.0,0.0,0.0,0.0,0.0,0.0,-2.0,-2.0,-4.0,0.0,-0.04,-0.04,-0.08,0.0,-6.000000000000001,-6.000000000000001,-12.000000000000002,10.6816,17.29422222222222,18.338222222222225,23.05511111111112,57.333333333333336,83.22222222222223,99.55555555555556,112.44444444444444,1.0,1.888888888888889,2.0,2.888888888888889,4.555555555555555,8.333333333333334,10.22222222222222,16.666666666666668,0.5460555555555555,0.9575,1.1216666666666668,1.5178888888888888,39.94333333333333,91.85976022222223,123.20666666666668,192.86116177777777,0.0,0.4977777777777779,0.9300000000000004,2.015555555555556,0.0,2.444444444444444,2.0,6.222222222222222,0.0,0.0,0.0,0.0,0.0,0.6666666666666666,-1.111111111111111,-1.3333333333333333,0.0,0.1177777777777777,-0.04,0.0977777777777777,0.0,-0.7690366666666666,-6.800000000000002,-10.58093777777778,2235.84,1.60056,0.0,0.0,0.0,147.216,658.437,411.378,0.0,0.0,0.0,76.4658,0.0342,0.0213675,0.0,0.0,0.0,489.65,0.219,0.136827,7.31796,3.0421,7.30984
DB1-Uio66Zr-BDC_A-irmof6_A_No407,0.15,169.26516,486.6785999999997,920.8192000000006,4251.559199999997,4714.176000000003,12084.0,33088.0,72384.0,91776.0,54.0,152.0,432.0,672.0,632.0,2336.0,4812.0,6360.0,38.94480000000001,137.06480000000013,306.56640000000027,470.5872000000002,1.7689,36.60160000000001,26.493600000000004,105.06999999999998,1600.0,2560.0,7440.0,7360.0,1.0,8.0,10.0,24.0,64.0,176.0,368.0,464.0,2.3716000000000004,8.9936,15.369200000000005,27.22720000000001,0.0,-16.88,-6.619999999999998,-47.07999999999999,0.0,256.0,214.0,776.0,0.0,0.0,0.0,0.0,0.0,42.0,34.0,134.0,0.0,6.480000000000003,5.420000000000001,19.28,171.62349999999995,311.36850000000004,475.6837333333333,561.75,862.0,1558.0,2314.333333333333,2563.0,20.33333333333333,41.0,62.333333333333336,76.33333333333333,104.0,252.66666666666663,347.6666666666667,394.3333333333333,10.2679,21.953100000000006,32.21143333333334,37.800700000000006,11.8336,8.771999999999998,20.605599999999995,17.543999999999997,64.0,48.0,112.0,96.0,1.0,1.0,2.0,2.0,1.0,3.0,4.0,6.0,0.5328999999999998,0.5621,1.095,1.1242,28.09,59.88999999999999,87.98,119.78,0.0,0.8900000000000002,0.8900000000000002,1.7800000000000005,0.0,2.0,2.0,4.0,0.0,0.0,0.0,0.0,0.0,-2.0,-2.0,-4.0,0.0,-0.04,-0.04,-0.08,0.0,-6.000000000000001,-6.000000000000001,-12.000000000000002,10.6816,17.29422222222222,18.338222222222225,23.05511111111112,57.333333333333336,83.22222222222223,99.55555555555556,112.44444444444444,1.0,1.888888888888889,2.0,2.888888888888889,4.555555555555555,8.333333333333334,10.22222222222222,16.666666666666668,0.5460555555555555,0.9575,1.1216666666666668,1.5178888888888888,39.94333333333333,91.85976022222223,123.20666666666668,192.86116177777777,0.0,0.4977777777777779,0.9300000000000004,2.015555555555556,0.0,2.444444444444444,2.0,6.222222222222222,0.0,0.0,0.0,0.0,0.0,0.6666666666666666,-1.111111111111111,-1.3333333333333333,0.0,0.1177777777777777,-0.04,0.0977777777777777,0.0,-0.7690366666666666,-6.800000000000002,-10.58093777777778,2235.84,1.60056,0.0,0.0,0.0,147.216,658.437,411.378,0.0,0.0,0.0,76.4658,0.0342,0.0213675,0.0,0.0,0.0,489.65,0.219,0.136827,7.31796,3.0421,7.30984
DB1-Uio66Zr-irmof12_A-irmof14_A_No6,0.015,9.62649,486.6785999999998,920.8191999999998,4251.559199999997,4714.176000000001,12084.0,33088.0,72384.0,91776.0,54.0,152.0,432.0,672.0,632.0,2336.0,4812.0,6360.0,38.94480000000003,137.06480000000013,306.5664000000002,470.5872000000002,1.7689,36.60160000000001,26.493600000000004,105.06999999999998,1600.0,2560.0,7440.0,7360.0,1.0,8.0,10.0,24.0,64.0,176.0,368.0,464.0,2.3716000000000004,8.9936,15.369200000000005,27.22720000000001,0.0,-16.88,-6.619999999999998,-47.07999999999999,0.0,256.0,214.0,776.0,0.0,0.0,0.0,0.0,0.0,42.0,34.0,134.0,0.0,6.480000000000003,5.420000000000001,19.28,220.9479333333333,472.073,823.5210666666663,1082.946,1011.3333333333334,2096.0,3350.6666666666665,3888.6666666666665,33.333333333333336,72.66666666666667,128.0,174.0,200.66666666666663,526.6666666666666,820.0,988.6666666666666,14.636400000000004,36.17460000000001,59.03866666666668,73.98753333333336,11.8336,8.771999999999998,20.605599999999995,17.543999999999997,64.0,48.0,112.0,96.0,1.0,1.0,2.0,2.0,1.0,3.0,4.0,6.0,0.5328999999999998,0.5621,1.095,1.1242,28.09,59.88999999999999,87.98,119.78,0.0,0.8900000000000002,0.8900000000000002,1.7800000000000005,0.0,2.0,2.0,4.0,0.0,0.0,0.0,0.0,0.0,-2.0,-2.0,-4.0,0.0,-0.04,-0.04,-0.08,0.0,-6.000000000000001,-6.000000000000001,-12.000000000000002,1.664266666666667,1.343,2.686,5.187666666666667,48.16666666666666,17.0,34.0,53.833333333333336,0.1666666666666666,0.1666666666666666,0.3333333333333333,0.6666666666666666,0.1666666666666666,0.5,1.0,1.6666666666666667,0.16335,0.12705,0.2541,0.4422,35.526666666666664,27.49666666666667,54.99333333333334,93.45730100000002,0.0,0.1016666666666667,0.2033333333333334,0.4650000000000001,0.0,1.8333333333333333,3.6666666666666665,8.166666666666666,0.0,0.0,0.0,0.0,0.0,-0.3333333333333333,-0.6666666666666666,-1.0,0.0,0.0366666666666666,0.0733333333333333,0.2133333333333333,0.0,0.5499999999999998,1.0999999999999996,3.3321483333333326,4847.21,0.855743,810.48,1672.05,1953.92,0.109359,0.225612,0.263644,634.791,0.13096,0.153037,0.0,0.0,0.0,2030.98,0.419,0.489633,0.0,0.0,0.0,8.99832,4.02347,8.62703
DB1-Uio66Zr-irmof12_A-irmof14_A_No6,0.15,57.28354,486.6785999999998,920.8191999999998,4251.559199999997,4714.176000000001,12084.0,33088.0,72384.0,91776.0,54.0,152.0,432.0,672.0,632.0,2336.0,4812.0,6360.0,38.94480000000003,137.06480000000013,306.5664000000002,470.5872000000002,1.7689,36.60160000000001,26.493600000000004,105.06999999999998,1600.0,2560.0,7440.0,7360.0,1.0,8.0,10.0,24.0,64.0,176.0,368.0,464.0,2.3716000000000004,8.9936,15.369200000000005,27.22720000000001,0.0,-16.88,-6.619999999999998,-47.07999999999999,0.0,256.0,214.0,776.0,0.0,0.0,0.0,0.0,0.0,42.0,34.0,134.0,0.0,6.480000000000003,5.420000000000001,19.28,220.9479333333333,472.073,823.5210666666663,1082.946,1011.3333333333334,2096.0,3350.6666666666665,3888.6666666666665,33.333333333333336,72.66666666666667,128.0,174.0,200.66666666666663,526.6666666666666,820.0,988.6666666666666,14.636400000000004,36.17460000000001,59.03866666666668,73.98753333333336,11.8336,8.771999999999998,20.605599999999995,17.543999999999997,64.0,48.0,112.0,96.0,1.0,1.0,2.0,2.0,1.0,3.0,4.0,6.0,0.5328999999999998,0.5621,1.095,1.1242,28.09,59.88999999999999,87.98,119.78,0.0,0.8900000000000002,0.8900000000000002,1.7800000000000005,0.0,2.0,2.0,4.0,0.0,0.0,0.0,0.0,0.0,-2.0,-2.0,-4.0,0.0,-0.04,-0.04,-0.08,0.0,-6.000000000000001,-6.000000000000001,-12.000000000000002,1.664266666666667,1.343,2.686,5.187666666666667,48.16666666666666,17.0,34.0,53.833333333333336,0.1666666666666666,0.1666666666666666,0.3333333333333333,0.6666666666666666,0.1666666666666666,0.5,1.0,1.6666666666666667,0.16335,0.12705,0.2541,0.4422,35.526666666666664,27.49666666666667,54.99333333333334,93.45730100000002,0.0,0.1016666666666667,0.2033333333333334,0.4650000000000001,0.0,1.8333333333333333,3.6666666666666665,8.166666666666666,0.0,0.0,0.0,0.0,0.0,-0.3333333333333333,-0.6666666666666666,-1.0,0.0,0.0366666666666666,0.0733333333333333,0.2133333333333333,0.0,0.5499999999999998,1.0999999999999996,3.3321483333333326,4847.21,0.855743,810.48,1672.05,1953.92,0.109359,0.225612,0.263644,634.791,0.13096,0.153037,0.0,0.0,0.0,2030.98,0.419,0.489633,0.0,0.0,0.0,8.99832,4.02347,8.62703
DB1-Uio66Zr-BDC_A-DABCO_A_No9,0.015,200.848185,486.6785999999997,920.8192000000006,4251.559199999997,4714.176000000003,12084.0,33088.0,72384.0,91776.0,54.0,152.0,432.0,672.0,632.0,2336.0,4812.0,6360.0,38.94480000000001,137.06480000000013,306.56640000000027,470.5872000000002,1.7689,36.60160000000001,26.493600000000004,105.06999999999998,1600.0,2560.0,7440.0,7360.0,1.0,8.0,10.0,24.0,64.0,176.0,368.0,469.3333333333333,2.3716000000000004,8.9936,15.369200000000005,27.22720000000001,0.0,-16.88,-6.619999999999998,-47.07999999999999,0.0,256.0,214.0,776.0,0.0,0.0,0.0,0.0,0.0,42.0,34.0,133.33333333333334,0.0,6.480000000000003,5.420000000000001,19.28,134.80723333333336,234.4384999999999,372.3403999999999,450.5333333333333,1519.3333333333333,1676.0,2816.0,4411.333333333333,15.666666666666666,31.666666666666668,48.0,56.66666666666666,79.66666666666667,192.0,255.3333333333333,241.66666666666663,10.339433333333334,19.658100000000005,30.231466666666662,37.742466666666665,11.8336,8.771999999999998,20.605599999999995,19.006,64.0,48.0,112.0,104.0,1.0,1.0,2.0,2.1666666666666665,1.0,3.0,4.166666666666667,6.0,0.5328999999999998,0.5621,1.095,1.2178833333333334,28.09,59.88999999999999,87.98,129.76166666666666,0.0,0.8900000000000002,0.8900000000000002,1.928333333333334,0.0,2.0,2.0,4.333333333333333,0.0,0.0,0.0,0.0,0.0,-2.0,-2.1666666666666665,-3.8333333333333335,0.0,-0.04,-0.04,-0.0866666666666667,0.0,-6.000000000000001,-6.000000000000001,-13.000000000000002,8.321333333333335,6.715,13.43,28.46633333333333,240.8333333333333,85.0,170.0,495.8333333333333,0.8333333333333334,0.8333333333333334,1.6666666666666667,3.333333333333333,0.8333333333333334,2.5,5.0,8.333333333333334,0.81675,0.63525,1.2705,2.7225,177.63333333333333,137.48333333333335,274.9666666666667,590.0833333333334,0.0,0.5083333333333336,1.0166666666666673,1.525000000000001,0.0,9.166666666666666,18.33333333333333,27.5,0.0,0.0,0.0,0.0,0.0,-1.6666666666666667,-3.333333333333333,-5.0,0.0,0.1833333333333333,0.3666666666666666,0.5499999999999999,0.0,2.7499999999999987,5.499999999999997,8.249999999999998,2235.84,1.76237,0.0,0.0,0.0,152.766,683.257,387.692,0.0,0.0,0.0,67.6566,0.03026,0.0171701,0.0,0.0,0.0,488.532,0.2185,0.123981,6.6053,2.87777,6.25233
DB1-Uio66Zr-BDC_A-DABCO_A_No9,0.15,148.0972,486.6785999999997,920.8192000000006,4251.559199999997,4714.176000000003,12084.0,33088.0,72384.0,91776.0,54.0,152.0,432.0,672.0,632.0,2336.0,4812.0,6360.0,38.94480000000001,137.06480000000013,306.56640000000027,470.5872000000002,1.7689,36.60160000000001,26.493600000000004,105.06999999999998,1600.0,2560.0,7440.0,7360.0,1.0,8.0,10.0,24.0,64.0,176.0,368.0,469.3333333333333,2.3716000000000004,8.9936,15.369200000000005,27.22720000000001,0.0,-16.88,-6.619999999999998,-47.07999999999999,0.0,256.0,214.0,776.0,0.0,0.0,0.0,0.0,0.0,42.0,34.0,133.33333333333334,0.0,6.480000000000003,5.420000000000001,19.28,134.80723333333336,234.4384999999999,372.3403999999999,450.5333333333333,1519.3333333333333,1676.0,2816.0,4411.333333333333,15.666666666666666,31.666666666666668,48.0,56.66666666666666,79.66666666666667,192.0,255.3333333333333,241.66666666666663,10.339433333333334,19.658100000000005,30.231466666666662,37.742466666666665,11.8336,8.771999999999998,20.605599999999995,19.006,64.0,48.0,112.0,104.0,1.0,1.0,2.0,2.1666666666666665,1.0,3.0,4.166666666666667,6.0,0.5328999999999998,0.5621,1.095,1.2178833333333334,28.09,59.88999999999999,87.98,129.76166666666666,0.0,0.8900000000000002,0.8900000000000002,1.928333333333334,0.0,2.0,2.0,4.333333333333333,0.0,0.0,0.0,0.0,0.0,-2.0,-2.1666666666666665,-3.8333333333333335,0.0,-0.04,-0.04,-0.0866666666666667,0.0,-6.000000000000001,-6.000000000000001,-13.000000000000002,8.321333333333335,6.715,13.43,28.46633333333333,240.8333333333333,85.0,170.0,495.8333333333333,0.8333333333333334,0.8333333333333334,1.6666666666666667,3.333333333333333,0.8333333333333334,2.5,5.0,8.333333333333334,0.81675,0.63525,1.2705,2.7225,177.63333333333333,137.48333333333335,274.9666666666667,590.0833333333334,0.0,0.5083333333333336,1.0166666666666673,1.525000000000001,0.0,9.166666666666666,18.33333333333333,27.5,0.0,0.0,0.0,0.0,0.0,-1.6666666666666667,-3.333333333333333,-5.0,0.0,0.1833333333333333,0.3666666666666666,0.5499999999999999,0.0,2.7499999999999987,5.499999999999997,8.249999999999998,2235.84,1.76237,0.0,0.0,0.0,152.766,683.257,387.692,0.0,0.0,0.0,67.6566,0.03026,0.0171701,0.0,0.0,0.0,488.532,0.2185,0.123981,6.6053,2.87777,6.25233
DB1-Uio66Zr-irmof6_A-irmof7_A_No31,0.015,266.938525,486.6785999999998,920.8192000000008,4251.559199999997,4714.176000000006,12084.0,33088.0,72384.0,91776.0,54.0,152.0,432.0,672.0,632.0,2336.0,4812.0,6360.0,38.9448,137.06480000000005,306.5664,470.5872000000002,1.7689,36.60160000000001,26.493600000000004,105.06999999999998,1600.0,2560.0,7440.0,7360.0,1.0,8.0,10.0,24.0,64.0,176.0,368.0,464.0,2.3716000000000004,8.9936,15.369200000000005,27.22720000000001,0.0,-16.88,-6.619999999999998,-47.07999999999999,0.0,256.0,214.0,776.0,0.0,0.0,0.0,0.0,0.0,42.0,34.0,134.0,0.0,6.480000000000003,5.420000000000001,19.28,148.5501,289.748,468.7477333333333,546.9490333333332,1750.0,1676.0,2651.333333333333,3310.333333333333,20.33333333333333,42.66666666666666,68.66666666666667,82.0,114.66666666666669,292.3333333333333,394.0,422.6666666666667,10.329616666666668,22.66110000000001,33.92693333333334,39.56286666666667,11.8336,8.771999999999998,20.605599999999995,17.543999999999997,64.0,48.0,112.0,96.0,1.0,1.0,2.0,2.0,1.0,3.0,4.0,6.0,0.5328999999999998,0.5621,1.095,1.1242,28.09,59.88999999999999,87.98,119.78,0.0,0.8900000000000002,0.8900000000000002,1.7800000000000005,0.0,2.0,2.0,4.0,0.0,0.0,0.0,0.0,0.0,-2.0,-2.0,-4.0,0.0,-0.04,-0.04,-0.08,0.0,-6.000000000000001,-6.000000000000001,-12.000000000000002,8.9656,7.633,15.266,29.98993333333333,1069.0,192.0,384.0,653.3333333333334,1.0,1.0,2.0,4.0,1.0,3.0,6.0,10.0,1.2463499999999998,0.8585499999999998,1.7170999999999996,3.090499999999999,403.0266666666666,225.24666666666667,450.4933333333333,790.1410916666667,0.0,0.4433333333333335,0.886666666666667,1.9633333333333336,0.0,26.0,52.0,106.33333333333331,0.0,0.0,0.0,0.0,0.0,-2.0,-4.0,-6.0,0.0,0.3449999999999999,0.6899999999999998,1.676666666666666,0.0,8.633333333333333,17.266666666666666,39.644075,2283.85,1.67787,0.0,0.0,0.0,157.243,688.501,410.342,0.0,0.0,0.0,65.455,0.02866,0.0170812,0.0,0.0,0.0,497.879,0.218,0.129927,6.18552,2.30901,6.17016
DB1-Uio66Zr-irmof6_A-irmof7_A_No31,0.15,230.507135,486.6785999999998,920.8192000000008,4251.559199999997,4714.176000000006,12084.0,33088.0,72384.0,91776.0,54.0,152.0,432.0,672.0,632.0,2336.0,4812.0,6360.0,38.9448,137.06480000000005,306.5664,470.5872000000002,1.7689,36.60160000000001,26.493600000000004,105.06999999999998,1600.0,2560.0,7440.0,7360.0,1.0,8.0,10.0,24.0,64.0,176.0,368.0,464.0,2.3716000000000004,8.9936,15.369200000000005,27.22720000000001,0.0,-16.88,-6.619999999999998,-47.07999999999999,0.0,256.0,214.0,776.0,0.0,0.0,0.0,0.0,0.0,42.0,34.0,134.0,0.0,6.480000000000003,5.420000000000001,19.28,148.5501,289.748,468.7477333333333,546.9490333333332,1750.0,1676.0,2651.333333333333,3310.333333333333,20.33333333333333,42.66666666666666,68.66666666666667,82.0,114.66666666666669,292.3333333333333,394.0,422.6666666666667,10.329616666666668,22.66110000000001,33.92693333333334,39.56286666666667,11.8336,8.771999999999998,20.605599999999995,17.543999999999997,64.0,48.0,112.0,96.0,1.0,1.0,2.0,2.0,1.0,3.0,4.0,6.0,0.5328999999999998,0.5621,1.095,1.1242,28.09,59.88999999999999,87.98,119.78,0.0,0.8900000000000002,0.8900000000000002,1.7800000000000005,0.0,2.0,2.0,4.0,0.0,0.0,0.0,0.0,0.0,-2.0,-2.0,-4.0,0.0,-0.04,-0.04,-0.08,0.0,-6.000000000000001,-6.000000000000001,-12.000000000000002,8.9656,7.633,15.266,29.98993333333333,1069.0,192.0,384.0,653.3333333333334,1.0,1.0,2.0,4.0,1.0,3.0,6.0,10.0,1.2463499999999998,0.8585499999999998,1.7170999999999996,3.090499999999999,403.0266666666666,225.24666666666667,450.4933333333333,790.1410916666667,0.0,0.4433333333333335,0.886666666666667,1.9633333333333336,0.0,26.0,52.0,106.33333333333331,0.0,0.0,0.0,0.0,0.0,-2.0,-4.0,-6.0,0.0,0.3449999999999999,0.6899999999999998,1.676666666666666,0.0,8.633333333333333,17.266666666666666,39.644075,2283.85,1.67787,0.0,0.0,0.0,157.243,688.501,410.342,0.0,0.0,0.0,65.455,0.02866,0.0170812,0.0,0.0,0.0,497.879,0.218,0.129927,6.18552,2.30901,6.17016
DB1-Uio66Zr-irmof10_A-irmof14_A_No566,0.015,20.4613,486.6785999999998,920.8191999999996,4251.5592000000015,4714.176000000001,12084.0,33088.0,72384.0,91776.0,54.0,152.0,432.0,672.0,632.0,2336.0,4812.0,6360.0,38.94480000000005,137.06480000000013,306.56640000000016,470.5872000000002,1.7689,36.60160000000001,26.493600000000004,105.06999999999998,1600.0,2560.0,7440.0,7360.0,1.0,8.0,10.0,24.0,64.0,176.0,368.0,464.0,2.3716000000000004,8.9936,15.369200000000005,27.22720000000001,0.0,-16.88,-6.619999999999998,-47.07999999999999,0.0,256.0,214.0,776.0,0.0,0.0,0.0,0.0,0.0,42.0,34.0,134.0,0.0,6.480000000000003,5.420000000000001,19.28,259.57546666666667,499.5313333333333,830.4883999999998,1010.7157333333334,1581.3333333333333,3305.333333333333,4309.333333333333,4768.666666666667,34.0,70.66666666666667,112.66666666666669,146.66666666666666,183.3333333333333,456.6666666666667,662.0,794.0,16.676433333333332,38.772400000000005,58.49653333333334,70.49066666666668,11.8336,8.771999999999998,20.605599999999995,17.543999999999997,64.0,48.0,112.0,96.0,1.0,1.0,2.0,2.0,1.0,3.0,4.0,6.0,0.5328999999999998,0.5621,1.095,1.1242,28.09,59.88999999999999,87.98,119.78,0.0,0.8900000000000002,0.8900000000000002,1.7800000000000005,0.0,2.0,2.0,4.0,0.0,0.0,0.0,0.0,0.0,-2.0,-2.0,-4.0,0.0,-0.04,-0.04,-0.08,0.0,-6.000000000000001,-6.000000000000001,-12.000000000000002,10.755016666666664,16.764625,27.12225,25.770975,104.0,191.0,169.33333333333334,161.33333333333334,1.0,2.0,2.833333333333333,3.1666666666666665,5.25,10.916666666666666,12.416666666666666,17.416666666666668,0.6386291666666665,1.2893458333333334,1.6106791666666669,1.7545333333333335,100.64625,193.135381125,202.06498624999995,274.67110416666674,0.0,0.6195833333333333,0.9445833333333336,2.1720833333333336,0.0,5.041666666666667,9.208333333333334,15.791666666666666,0.0,0.0,0.0,0.0,0.0,0.4166666666666667,-0.3333333333333333,-1.3333333333333333,0.0,0.1804166666666666,0.2012499999999999,0.3716666666666665,0.0,0.9848337500000008,0.727685416666665,-2.0044437500000023,4791.32,1.05127,864.305,1803.9,1715.93,0.0,0.0,0.0,835.797,0.17444,0.165933,0.0,0.0,0.0,2366.91,0.494,0.46991,0.0,0.0,0.0,10.06126,6.00548,10.05914
DB1-Uio66Zr-irmof10_A-irmof14_A_No566,0.15,80.930275,486.6785999999998,920.8191999999996,4251.5592000000015,4714.176000000001,12084.0,33088.0,72384.0,91776.0,54.0,152.0,432.0,672.0,632.0,2336.0,4812.0,6360.0,38.94480000000005,137.06480000000013,306.56640000000016,470.5872000000002,1.7689,36.60160000000001,26.493600000000004,105.06999999999998,1600.0,2560.0,7440.0,7360.0,1.0,8.0,10.0,24.0,64.0,176.0,368.0,464.0,2.3716000000000004,8.9936,15.369200000000005,27.22720000000001,0.0,-16.88,-6.619999999999998,-47.07999999999999,0.0,256.0,214.0,776.0,0.0,0.0,0.0,0.0,0.0,42.0,34.0,134.0,0.0,6.480000000000003,5.420000000000001,19.28,259.57546666666667,499.5313333333333,830.4883999999998,1010.7157333333334,1581.3333333333333,3305.333333333333,4309.333333333333,4768.666666666667,34.0,70.66666666666667,112.66666666666669,146.66666666666666,183.3333333333333,456.6666666666667,662.0,794.0,16.676433333333332,38.772400000000005,58.49653333333334,70.49066666666668,11.8336,8.771999999999998,20.605599999999995,17.543999999999997,64.0,48.0,112.0,96.0,1.0,1.0,2.0,2.0,1.0,3.0,4.0,6.0,0.5328999999999998,0.5621,1.095,1.1242,28.09,59.88999999999999,87.98,119.78,0.0,0.8900000000000002,0.8900000000000002,1.7800000000000005,0.0,2.0,2.0,4.0,0.0,0.0,0.0,0.0,0.0,-2.0,-2.0,-4.0,0.0,-0.04,-0.04,-0.08,0.0,-6.000000000000001,-6.000000000000001,-12.000000000000002,10.755016666666664,16.764625,27.12225,25.770975,104.0,191.0,169.33333333333334,161.33333333333334,1.0,2.0,2.833333333333333,3.1666666666666665,5.25,10.916666666666666,12.416666666666666,17.416666666666668,0.6386291666666665,1.2893458333333334,1.6106791666666669,1.7545333333333335,100.64625,193.135381125,202.06498624999995,274.67110416666674,0.0,0.6195833333333333,0.9445833333333336,2.1720833333333336,0.0,5.041666666666667,9.208333333333334,15.791666666666666,0.0,0.0,0.0,0.0,0.0,0.4166666666666667,-0.3333333333333333,-1.3333333333333333,0.0,0.1804166666666666,0.2012499999999999,0.3716666666666665,0.0,0.9848337500000008,0.727685416666665,-2.0044437500000023,4791.32,1.05127,864.305,1803.9,1715.93,0.0,0.0,0.0,835.797,0.17444,0.165933,0.0,0.0,0.0,2366.91,0.494,0.46991,0.0,0.0,0.0,10.06126,6.00548,10.05914
DB1-Uio66Zr-irmof6_A-irmof7_A_No71,0.015,282.437515,486.6785999999998,920.8192000000008,4251.559199999997,4714.176000000006,12084.0,33088.0,72384.0,91776.0,54.0,152.0,432.0,672.0,632.0,2336.0,4812.0,6360.0,38.9448,137.06480000000005,306.5664,470.5872000000002,1.7689,36.60160000000001,26.493600000000004,105.06999999999998,1600.0,2560.0,7440.0,7360.0,1.0,8.0,10.0,24.0,64.0,176.0,368.0,464.0,2.3716000000000004,8.9936,15.369200000000005,27.22720000000001,0.0,-16.88,-6.619999999999998,-47.07999999999999,0.0,256.0,214.0,776.0,0.0,0.0,0.0,0.0,0.0,42.0,34.0,134.0,0.0,6.480000000000003,5.420000000000001,19.28,151.79943333333333,296.1193333333333,475.13973333333325,559.7563666666665,895.3333333333334,1465.3333333333333,2223.333333333333,2565.333333333333,20.666666666666668,43.333333333333336,69.33333333333333,83.33333333333333,116.0,295.6666666666667,400.0,433.6666666666667,9.959933333333334,22.515200000000004,33.464933333333335,38.72326666666667,11.8336,8.771999999999998,20.605599999999995,17.543999999999997,64.0,48.0,112.0,96.0,1.0,1.0,2.0,2.0,1.0,3.0,4.0,6.0,0.5328999999999998,0.5621,1.095,1.1242,28.09,59.88999999999999,87.98,119.78,0.0,0.8900000000000002,0.8900000000000002,1.7800000000000005,0.0,2.0,2.0,4.0,0.0,0.0,0.0,0.0,0.0,-2.0,-2.0,-4.0,0.0,-0.04,-0.04,-0.08,0.0,-6.000000000000001,-6.000000000000001,-12.000000000000002,10.2936,9.438333333333334,16.354,32.2966,251.5,94.33333333333331,186.0,303.8333333333333,1.0,1.1666666666666667,2.0,4.0,1.5,3.8333333333333335,7.0,12.0,0.9055666666666666,0.77395,1.4578666666666666,2.580866666666666,182.31500000000003,151.44628050000003,294.93,501.9131716666666,0.0,0.8633333333333336,1.313333333333334,2.770000000000001,0.0,10.666666666666666,19.0,41.833333333333336,0.0,0.0,0.0,0.0,0.0,-1.6666666666666667,-3.6666666666666665,-5.5,0.0,0.2366666666666666,0.3533333333333333,1.0466666666666666,0.0,1.882148333333332,3.499999999999998,13.66074166666666,2283.85,1.48945,0.0,0.0,0.0,167.839,734.897,493.401,0.0,0.0,0.0,74.3621,0.03256,0.0218604,0.0,0.0,0.0,537.846,0.2355,0.158112,6.39507,2.49975,6.35607
DB1-Uio66Zr-irmof6_A-irmof7_A_No71,0.15,207.6096,486.6785999999998,920.8192000000008,4251.559199999997,4714.176000000006,12084.0,33088.0,72384.0,91776.0,54.0,152.0,432.0,672.0,632.0,2336.0,4812.0,6360.0,38.9448,137.06480000000005,306.5664,470.5872000000002,1.7689,36.60160000000001,26.493600000000004,105.06999999999998,1600.0,2560.0,7440.0,7360.0,1.0,8.0,10.0,24.0,64.0,176.0,368.0,464.0,2.3716000000000004,8.9936,15.369200000000005,27.22720000000001,0.0,-16.88,-6.619999999999998,-47.07999999999999,0.0,256.0,214.0,776.0,0.0,0.0,0.0,0.0,0.0,42.0,34.0,134.0,0.0,6.480000000000003,5.420000000000001,19.28,151.79943333333333,296.1193333333333,475.13973333333325,559.7563666666665,895.3333333333334,1465.3333333333333,2223.333333333333,2565.333333333333,20.666666666666668,43.333333333333336,69.33333333333333,83.33333333333333,116.0,295.6666666666667,400.0,433.6666666666667,9.959933333333334,22.515200000000004,33.464933333333335,38.72326666666667,11.8336,8.771999999999998,20.605599999999995,17.543999999999997,64.0,48.0,112.0,96.0,1.0,1.0,2.0,2.0,1.0,3.0,4.0,6.0,0.5328999999999998,0.5621,1.095,1.1242,28.09,59.88999999999999,87.98,119.78,0.0,0.8900000000000002,0.8900000000000002,1.7800000000000005,0.0,2.0,2.0,4.0,0.0,0.0,0.0,0.0,0.0,-2.0,-2.0,-4.0,0.0,-0.04,-0.04,-0.08,0.0,-6.000000000000001,-6.000000000000001,-12.000000000000002,10.2936,9.438333333333334,16.354,32.2966,251.5,94.33333333333331,186.0,303.8333333333333,1.0,1.1666666666666667,2.0,4.0,1.5,3.8333333333333335,7.0,12.0,0.9055666666666666,0.77395,1.4578666666666666,2.580866666666666,182.31500000000003,151.44628050000003,294.93,501.9131716666666,0.0,0.8633333333333336,1.313333333333334,2.770000000000001,0.0,10.666666666666666,19.0,41.833333333333336,0.0,0.0,0.0,0.0,0.0,-1.6666666666666667,-3.6666666666666665,-5.5,0.0,0.2366666666666666,0.3533333333333333,1.0466666666666666,0.0,1.882148333333332,3.499999999999998,13.66074166666666,2283.85,1.48945,0.0,0.0,0.0,167.839,734.897,493.401,0.0,0.0,0.0,74.3621,0.03256,0.0218604,0.0,0.0,0.0,537.846,0.2355,0.158112,6.39507,2.49975,6.35607
DB1-Uio66Zr-BDC_A-irmof6_A_No135,0.015,659.283895,486.6785999999998,920.8191999999996,4251.5592000000015,4714.176000000001,12084.0,33088.0,72384.0,91776.0,54.0,152.0,432.0,672.0,632.0,2336.0,4812.0,6360.0,38.94480000000005,137.06480000000013,306.56640000000016,470.5872000000002,1.7689,36.60160000000001,26.493600000000004,105.06999999999996,1600.0,2560.0,7440.0,7360.0,1.0,8.0,10.0,24.0,64.0,176.0,368.0,464.0,2.3716000000000004,8.9936,15.369200000000005,27.22720000000001,0.0,-16.88,-6.619999999999998,-47.07999999999999,0.0,256.0,214.0,776.0,0.0,0.0,0.0,0.0,0.0,42.0,34.0,134.0,0.0,6.480000000000003,5.420000000000001,19.280000000000005,185.79316666666668,362.8599666666667,600.0381333333332,683.9068666666667,745.6666666666666,1466.6666666666667,2207.333333333333,2669.6666666666665,27.33333333333333,55.0,93.33333333333331,104.33333333333331,149.0,356.6666666666667,490.6666666666667,649.6666666666666,11.051799999999998,25.72163333333334,38.344,47.49403333333334,11.8336,8.771999999999998,20.605599999999995,17.543999999999997,64.0,48.0,112.0,96.0,1.0,1.0,2.0,2.0,1.0,3.0,4.0,6.0,0.5328999999999998,0.5621,1.095,1.1242,28.09,59.88999999999999,87.98,119.78,0.0,0.8900000000000002,0.8900000000000002,1.7800000000000005,0.0,2.0,2.0,4.0,0.0,0.0,0.0,0.0,0.0,-2.0,-2.0,-4.0,0.0,-0.04,-0.04,-0.08,0.0,-6.000000000000001,-6.000000000000001,-12.000000000000002,1.8282666666666667,2.7545777777777776,3.150844444444444,3.754755555555555,9.833333333333334,14.77777777777778,17.11111111111111,20.38888888888889,0.1666666666666666,0.2777777777777778,0.3333333333333333,0.4444444444444444,0.611111111111111,1.1666666666666667,1.4444444444444444,2.6666666666666665,0.0904611111111111,0.15375,0.1858333333333333,0.2524111111111111,6.163333333333334,13.361111111111114,19.06666666666667,30.287777777777777,0.0,0.0272222222222222,0.1533333333333333,0.2794444444444445,0.0,0.0555555555555555,0.3333333333333333,0.611111111111111,0.0,0.0,0.0,0.0,0.0,0.0,-0.2222222222222222,-0.4444444444444444,0.0,-0.0011111111111111,-0.0066666666666666,-0.0122222222222222,0.0,-0.2166666666666666,-1.1,-1.9833333333333327,2235.84,1.53041,0.0,0.0,0.0,167.194,747.789,488.619,0.0,0.0,0.0,86.6166,0.03874,0.0253134,0.0,0.0,0.0,553.371,0.2475,0.161721,7.31796,2.24985,7.31796
DB1-Uio66Zr-BDC_A-irmof6_A_No135,0.15,378.712545,486.6785999999998,920.8191999999996,4251.5592000000015,4714.176000000001,12084.0,33088.0,72384.0,91776.0,54.0,152.0,432.0,672.0,632.0,2336.0,4812.0,6360.0,38.94480000000005,137.06480000000013,306.56640000000016,470.5872000000002,1.7689,36.60160000000001,26.493600000000004,105.06999999999996,1600.0,2560.0,7440.0,7360.0,1.0,8.0,10.0,24.0,64.0,176.0,368.0,464.0,2.3716000000000004,8.9936,15.369200000000005,27.22720000000001,0.0,-16.88,-6.619999999999998,-47.07999999999999,0.0,256.0,214.0,776.0,0.0,0.0,0.0,0.0,0.0,42.0,34.0,134.0,0.0,6.480000000000003,5.420000000000001,19.280000000000005,185.79316666666668,362.8599666666667,600.0381333333332,683.9068666666667,745.6666666666666,1466.6666666666667,2207.333333333333,2669.6666666666665,27.33333333333333,55.0,93.33333333333331,104.33333333333331,149.0,356.6666666666667,490.6666666666667,649.6666666666666,11.051799999999998,25.72163333333334,38.344,47.49403333333334,11.8336,8.771999999999998,20.605599999999995,17.543999999999997,64.0,48.0,112.0,96.0,1.0,1.0,2.0,2.0,1.0,3.0,4.0,6.0,0.5328999999999998,0.5621,1.095,1.1242,28.09,59.88999999999999,87.98,119.78,0.0,0.8900000000000002,0.8900000000000002,1.7800000000000005,0.0,2.0,2.0,4.0,0.0,0.0,0.0,0.0,0.0,-2.0,-2.0,-4.0,0.0,-0.04,-0.04,-0.08,0.0,-6.000000000000001,-6.000000000000001,-12.000000000000002,1.8282666666666667,2.7545777777777776,3.150844444444444,3.754755555555555,9.833333333333334,14.77777777777778,17.11111111111111,20.38888888888889,0.1666666666666666,0.2777777777777778,0.3333333333333333,0.4444444444444444,0.611111111111111,1.1666666666666667,1.4444444444444444,2.6666666666666665,0.0904611111111111,0.15375,0.1858333333333333,0.2524111111111111,6.163333333333334,13.361111111111114,19.06666666666667,30.287777777777777,0.0,0.0272222222222222,0.1533333333333333,0.2794444444444445,0.0,0.0555555555555555,0.3333333333333333,0.611111111111111,0.0,0.0,0.0,0.0,0.0,0.0,-0.2222222222222222,-0.4444444444444444,0.0,-0.0011111111111111,-0.0066666666666666,-0.0122222222222222,0.0,-0.2166666666666666,-1.1,-1.9833333333333327,2235.84,1.53041,0.0,0.0,0.0,167.194,747.789,488.619,0.0,0.0,0.0,86.6166,0.03874,0.0253134,0.0,0.0,0.0,553.371,0.2475,0.161721,7.31796,2.24985,7.31796
DB1-Uio66Zr-BDC_A-NiC4_No7,0.015,194.094595,486.6785999999996,920.8191999999996,4251.559199999996,4714.176,12084.0,33088.0,72384.0,91776.0,54.0,152.0,432.0,672.0,632.0,2336.0,4812.0,6360.0,38.94480000000002,137.06480000000005,306.5663999999999,470.58720000000017,1.7689,36.60160000000001,26.4936,105.06999999999998,1600.0,2560.0,7440.0,7360.0,1.0,8.0,10.0,24.0,64.0,176.0,368.0,464.0,2.3716000000000004,8.9936,15.369200000000005,27.22720000000001,0.0,-16.88,-6.619999999999998,-47.07999999999999,0.0,256.0,214.0,776.0,0.0,0.0,0.0,0.0,0.0,42.0,34.0,134.0,0.0,6.480000000000003,5.420000000000001,19.28,139.2968,238.67999999999984,376.4883999999999,464.7213999999999,1700.0,1776.0,2992.0,4876.0,16.0,32.0,48.0,58.0,80.0,192.0,256.0,250.0,10.7952,20.081600000000005,30.6832,39.50979999999999,11.8336,8.771999999999998,20.605599999999995,17.543999999999997,64.0,48.0,112.0,96.0,1.0,1.0,2.0,2.0,1.0,3.0,4.0,6.0,0.5328999999999998,0.5621,1.095,1.1242,28.09,59.88999999999999,87.98,119.78,0.0,0.8900000000000002,0.8900000000000002,1.7800000000000005,0.0,2.0,2.0,4.0,0.0,0.0,0.0,0.0,0.0,-2.0,-2.0,-4.0,0.0,-0.04,-0.04,-0.08,0.0,-6.000000000000001,-6.000000000000001,-12.000000000000002,9.985600000000003,8.058,16.116,34.159600000000005,289.0,102.0,204.0,595.0,1.0,1.0,2.0,4.0,1.0,3.0,6.0,10.0,0.9801,0.7622999999999999,1.5245999999999995,3.2669999999999995,213.16,164.98000000000002,329.96000000000004,708.1,0.0,0.6100000000000003,1.2200000000000006,1.8300000000000007,0.0,11.0,22.0,33.0,0.0,0.0,0.0,0.0,0.0,-2.0,-4.0,-6.0,0.0,0.2199999999999999,0.4399999999999999,0.66,0.0,3.2999999999999985,6.599999999999997,9.899999999999997,4471.7,1.84984,0.0,0.0,0.0,341.759,764.269,413.153,0.0,0.0,0.0,179.405,0.04012,0.0216883,0.0,0.0,0.0,863.039,0.193,0.104333,7.33179,2.72573,7.33179
DB1-Uio66Zr-BDC_A-NiC4_No7,0.15,172.280695,486.6785999999996,920.8191999999996,4251.559199999996,4714.176,12084.0,33088.0,72384.0,91776.0,54.0,152.0,432.0,672.0,632.0,2336.0,4812.0,6360.0,38.94480000000002,137.06480000000005,306.5663999999999,470.58720000000017,1.7689,36.60160000000001,26.4936,105.06999999999998,1600.0,2560.0,7440.0,7360.0,1.0,8.0,10.0,24.0,64.0,176.0,368.0,464.0,2.3716000000000004,8.9936,15.369200000000005,27.22720000000001,0.0,-16.88,-6.619999999999998,-47.07999999999999,0.0,256.0,214.0,776.0,0.0,0.0,0.0,0.0,0.0,42.0,34.0,134.0,0.0,6.480000000000003,5.420000000000001,19.28,139.2968,238.67999999999984,376.4883999999999,464.7213999999999,1700.0,1776.0,2992.0,4876.0,16.0,32.0,48.0,58.0,80.0,192.0,256.0,250.0,10.7952,20.081600000000005,30.6832,39.50979999999999,11.8336,8.771999999999998,20.605599999999995,17.543999999999997,64.0,48.0,112.0,96.0,1.0,1.0,2.0,2.0,1.0,3.0,4.0,6.0,0.5328999999999998,0.5621,1.095,1.1242,28.09,59.88999999999999,87.98,119.78,0.0,0.8900000000000002,0.8900000000000002,1.7800000000000005,0.0,2.0,2.0,4.0,0.0,0.0,0.0,0.0,0.0,-2.0,-2.0,-4.0,0.0,-0.04,-0.04,-0.08,0.0,-6.000000000000001,-6.000000000000001,-12.000000000000002,9.985600000000003,8.058,16.116,34.159600000000005,289.0,102.0,204.0,595.0,1.0,1.0,2.0,4.0,1.0,3.0,6.0,10.0,0.9801,0.7622999999999999,1.5245999999999995,3.2669999999999995,213.16,164.98000000000002,329.96000000000004,708.1,0.0,0.6100000000000003,1.2200000000000006,1.8300000000000007,0.0,11.0,22.0,33.0,0.0,0.0,0.0,0.0,0.0,-2.0,-4.0,-6.0,0.0,0.2199999999999999,0.4399999999999999,0.66,0.0,3.2999999999999985,6.599999999999997,9.899999999999997,4471.7,1.84984,0.0,0.0,0.0,341.759,764.269,413.153,0.0,0.0,0.0,179.405,0.04012,0.0216883,0.0,0.0,0.0,863.039,0.193,0.104333,7.33179,2.72573,7.33179
